Job Title,Company,Location,Job Type,Date Posted,Job Link
BUSINESS DEVELOPMENT EXECUTIVE,SPARK+ Technologies,Margao,FULL-TIME,Posted 4 days ago,https://startupgoa.org/job/spark-technologies-full-time-business-development-executive-2/
MARCOM CONTENT STRATEGY & CREATIVE PRODUCTION,The Grit City,Panjim,INTERNSHIP,Posted 5 days ago,https://startupgoa.org/job/the-grit-city-goa-internship-marcom-content-strategy-creative-production/
SALES EXECUTIVE,Tangentia,Porvorim,FULL-TIME,Posted 5 days ago,https://startupgoa.org/job/tangentia-porvorim-full-time-sales-executive/
SERVICE ENGINEERS,Caculo Earthmovers,Verna,FULL-TIME,Posted 6 days ago,https://startupgoa.org/job/caculo-earthmovers-panaji-full-time-service-engineers/
BODYSHOP TEAMLEADER,Caculo Honda,Verna,FULL-TIME,Posted 6 days ago,https://startupgoa.org/job/caculo-honda-verna-full-time-bodyshop-teamleader/
TECHNICIAN,Caculo Motors,Verna,FULL-TIME,Posted 6 days ago,https://startupgoa.org/job/caculo-motors-verna-full-time-technician/
FOOD & BEVERAGE ASSOCIATE,Caculo Hospitality LLP,Panjim,FULL-TIME,Posted 6 days ago,https://startupgoa.org/job/caculo-hospitality-llp-panaji-full-time-food-beverage-associate/
TRAINING MANAGER,Acacia Hotel & Spa Candolim,Calangute,FULL-TIME,Posted 1 week ago,https://startupgoa.org/job/acacia-hotel-spa-candolim-candolim-full-time-training-manager/
ACCOUNTS OFFICE – A TRAVEL TECH COMPANY,BTD,Panjim,FULL-TIME,Posted 2 weeks ago,https://startupgoa.org/job/btd-panjim-goa-full-time-accounts-office-a-travel-tech-company/
JR MARKETING NINJA ( DARE TO APPLY JOB ),DeeSolutions IT,Vasco,FULL-TIME,Posted 2 weeks ago,https://startupgoa.org/job/deesolutions-it-full-time-jr-marketing-ninja-dare-to-apply-job/
TECHNICAL SUPPORT ASSOCIATE,WebFills,Margao,FULL-TIME,Posted 2 weeks ago,https://startupgoa.org/job/webfills-margao-full-time-technical-support-associate-6/
SOFTWARE TESTER,Photojaanic,Mapusa,FREELANCE,Posted 3 weeks ago,https://startupgoa.org/job/photojaanic-mapusa-goa-freelance-software-tester/
SOUND / AV ENGINEER,Reynold Events and Promotions,Verna,FULL-TIME,Posted 3 weeks ago,https://startupgoa.org/job/reynold-events-and-promotions-goa-full-time-sound-av-engineer/
LIGHT ENGINEER,Reynold Events and Promotions,Verna,FULL-TIME,Posted 3 weeks ago,https://startupgoa.org/job/reynold-events-and-promotions-goa-full-time-light-engineer/
EVENT COORDINATOR,Reynold Events and Promotions,Verna,FULL-TIME,Posted 3 weeks ago,https://startupgoa.org/job/reynold-events-and-promotions-goa-full-time-event-coordinator/
SALES EXECUTIVE,Reynold Events and Promotions,Verna,FULL-TIME,Posted 3 weeks ago,https://startupgoa.org/job/reynold-events-and-promotions-goa-full-time-sales-executive-2/
SEO INTERN,SPARK+ Technologies,Margao,INTERNSHIP,Posted 3 weeks ago,https://startupgoa.org/job/spark-technologies-remote-internship-seo-intern/
BACKEND DEVELOPER (NODE.JS),Upfound AI,Porvorim,FULL-TIME,Posted 3 weeks ago,https://startupgoa.org/job/upfound-ai-porvorim-full-time-backend-developer-node-js/
ADMIN & OPERATIONS COORDINATOR,Big Little Feelings,Porvorim,FULL-TIME,Posted 4 weeks ago,https://startupgoa.org/job/big-little-feelings-porvorim-full-time-admin-operations-coordinator/
OPERATIONS ADVISOR,AdvantEdge Advisory,Other,FREELANCE,Posted 4 weeks ago,https://startupgoa.org/job/advantedge-advisory-freelance-operations-advisor/
RECRUITMENT OFFICER,Black Tiger Security Agency,Margao,FULL-TIME,Posted 4 weeks ago,https://startupgoa.org/job/black-tiger-security-agency-margao-full-time-recruitment-officer/
SALES OPERATIONS COORDINATOR,Origins And Horizons,Panjim,FULL-TIME,Posted 4 weeks ago,https://startupgoa.org/job/origins-and-horizons-panjim-full-time-sales-operations-coordinator/
MARKETING OFFICER,Black Tiger Security Agency,Margao,FULL-TIME,Posted 4 weeks ago,https://startupgoa.org/job/black-tiger-security-agency-margao-full-time-marketing-officer/
ADMIN EXECUTIVE,Black Tiger Security Agency,Margao,FULL-TIME,Posted 4 weeks ago,https://startupgoa.org/job/black-tiger-security-agency-margao-full-time-admin-executive/
FEMALE HR/RECEPTIONIST,Black Tiger Security Agency,Mapusa,FULL-TIME,Posted 4 weeks ago,https://startupgoa.org/job/black-tiger-security-agency-mapusa-full-time-female-hr-receptionist/
BACK OFFICE EXECUTIVE – OPERATIONS,Jobs for Goan,Panjim,FULL-TIME,Posted 4 weeks ago,https://startupgoa.org/job/jobs-for-goan-miramar-full-time-back-office-executive-operations/
TRAINING SPECIALIST,Jobs for Goan,Porvorim,FULL-TIME,Posted 4 weeks ago,https://startupgoa.org/job/jobs-for-goan-porvorim-full-time-training-specialist/
CLIENT INVOICING SPECIALIST,Jobs for Goan,Porvorim,FULL-TIME,Posted 4 weeks ago,https://startupgoa.org/job/jobs-for-goan-porvorim-full-time-client-invoicing-specialist/
CONTENT CREATOR,Cleverhat Studios,Other,FULL-TIME,Posted 4 weeks ago,https://startupgoa.org/job/cleverhat-studios-hyderabad-full-time-content-creator/
RESERVATION ASSOCIATE,Acacia Hotel & Spa Candolim,Calangute,FULL-TIME,Posted 1 month ago,https://startupgoa.org/job/acacia-hotel-spa-candolim-candolim-full-time-reservation-associate/
FRONT OFFICE SUPERVISOR / ASSOCIATE,Acacia Hotel & Spa Candolim,Calangute,FULL-TIME,Posted 1 month ago,https://startupgoa.org/job/acacia-hotel-spa-candolim-candolim-full-time-front-office-supervisor-associate/
RESERVATION EXECUTIVE,Acacia Hotel & Spa Candolim,Calangute,FULL-TIME,Posted 1 month ago,https://startupgoa.org/job/acacia-hotel-spa-candolim-candolim-full-time-reservation-executive/
JUNIOR DEVELOPER INTERN,SPARK+ Technologies,Panjim,INTERNSHIP,Posted 1 month ago,https://startupgoa.org/job/spark-technologies-internship-junior-developer-intern/
BUSINESS DEVELOPMENT EXECUTIVE,SPARK+ Technologies,Panjim,FULL-TIME,Posted 1 month ago,https://startupgoa.org/job/spark-technologies-full-time-business-development-executive/
MARKETING EXECUTIVE,SPARK+ Technologies,Panjim,FULL-TIME,Posted 1 month ago,https://startupgoa.org/job/spark-technologies-goa-full-time-marketing-executive-2/
APPLICATION SUPPORT EXECUTIVE,RV Solutions,Mapusa,FULL-TIME,Posted 1 month ago,https://startupgoa.org/job/rv-solutions-goa-full-time-application-support-executive/
"JUNIOR FULL STACK DEVELOPER (JAVA,REACT)",StoreBuilder,Panjim,FULL-TIME,Posted 1 month ago,https://startupgoa.org/job/storebuilder-remote-full-time-junior-full-stack-developer-java/
DESKTOP SUPPORT ENGINEER,Ritsnet PVT LTD,Margao,FULL-TIME,Posted 2 months ago,https://startupgoa.org/job/ritsnet-pvt-ltd-madgaon-goa-full-time-desktop-support-engineer/
SALES EXECUTIVE,Wafer Technologies,Panjim,FULL-TIME,Posted 2 months ago,https://startupgoa.org/job/wafer-technologies-ground-floor-sri-chinmoy-apartments-st-marys-colony-rd-number-1-st-mary-colony-miramar-panaji-goa-403001-full-time-sales-executive/
OPERATIONS ASSISTANT,Endure Technology Solutions Pvt. Ltd.,Margao,FULL-TIME,Posted 2 months ago,https://startupgoa.org/job/endure-technology-solutions-pvt-ltd-madgaon-full-time-operations-assistant/
ARCHITECT,THE ATELIER,Vasco,FULL-TIME,Posted 2 months ago,https://startupgoa.org/job/the-atelier-vasco-full-time-architect/
TECHNICAL SUPPORT ASSOCIATE,RV Solutions,Mapusa,FULL-TIME,Posted 2 months ago,https://startupgoa.org/job/rv-solutions-goa-full-time-technical-support-associate/
HR INTERN | REMOTE,Sofueled,Panjim,INTERNSHIP,Posted 2 months ago,https://startupgoa.org/job/sofueled-internship-hr-intern-remote/
JUNIOR DEVELOPER INTERN,SPARK+ Technologies,Panjim,INTERNSHIP,Posted 2 months ago,https://startupgoa.org/job/spark-technologies-goa-internship-junior-developer-intern/
DIGITAL MARKETER,HomOfix Company,Other,FULL-TIME,Posted 2 months ago,https://startupgoa.org/job/homofix-company-delhi-full-time-digital-marketer/
PRODUCT DEVELOPMENT EXECUTIVE,SPARK+ Technologies,Panjim,FULL-TIME,Posted 2 months ago,https://startupgoa.org/job/spark-technologies-goa-full-time-product-development-executive/
PRODUCT MANAGEMENT INTERN,SPARK+ Technologies,Panjim,INTERNSHIP,Posted 2 months ago,https://startupgoa.org/job/spark-technologies-goa-internship-product-management-intern/
MARKETING EXECUTIVE,SPARK+ Technologies,Panjim,FULL-TIME,Posted 3 months ago,https://startupgoa.org/job/spark-technologies-goa-full-time-marketing-executive/
HR AND ACCOUNTS EXECUTIVE,SPARK+ Technologies,Panjim,FULL-TIME,Posted 3 months ago,https://startupgoa.org/job/spark-technologies-goa-full-time-hr-and-accounts-executive/
B2B LEAD GENERATION FOR MSPS,The Lead Market,Panjim,FULL-TIME,Posted 3 months ago,https://startupgoa.org/job/the-lead-market-roseland-full-time-b2b-lead-generation-for-msps/
SENIOR PYTHON ARCHITECT,Numino Labs Pvt Ltd,Verna,FULL-TIME,Posted 3 months ago,https://startupgoa.org/job/numino-labs-pvt-ltd-verna-goa-full-time-senior-python-architect/
PYTHON ARCHITECT,Numino Labs Pvt Ltd,Verna,FULL-TIME,Posted 3 months ago,https://startupgoa.org/job/numino-labs-pvt-ltd-goa-full-time-python-architect/
REACT NATIVE,Wafer Technologies,Panjim,FULL-TIME,Posted 3 months ago,https://startupgoa.org/job/wafer-technologies-ground-floor-sri-chinmoy-apartments-st-marys-colony-rd-number-1-st-mary-colony-miramar-panaji-goa-403001-full-time-react-native/
OFFICE ASSISTANT,GOA PRISM DIGITAL MEDIA,Panjim,FULL-TIME,Posted 3 months ago,https://startupgoa.org/job/goa-prism-digital-media-goa-full-time-office-assistant/
FULL STACK DEVELOPER,Wafer Technologies,Panjim,FULL-TIME,Posted 3 months ago,https://startupgoa.org/job/wafer-technologies-ground-floor-sri-chinmoy-apartments-st-marys-colony-rd-number-1-st-mary-colony-miramar-panaji-goa-403001-full-time-full-stack-developer/
INSIDE SALES EXECUTIVE – HOSPITALITY OR TRAVEL,Jobs for Goan,Margao,FULL-TIME,Posted 3 months ago,https://startupgoa.org/job/jobs-for-goan-margoa-full-time-inside-sales-executive-hospitality-or-travel/
ACCOUNTS EXECUTIVE,Jobs for Goan,Mapusa,FULL-TIME,Posted 3 months ago,https://startupgoa.org/job/jobs-for-goan-mapusa-full-time-accounts-executive/
GRAPHICS DESIGNER CUM SOCIAL MEDIA EXECUTIVE,Leigia Solutions,Panjim,FULL-TIME,Posted 3 months ago,https://startupgoa.org/job/leigia-solutions-full-time-graphics-designer-cum-social-media-executive/
CUSTOMER SUPPORT ENGINEER,RELIABLE SOFTWARE,Margao,FULL-TIME,Posted 3 months ago,https://startupgoa.org/job/reliable-software-margao-full-time-customer-support-engineer-3/
MOBILE INTEGRATION SUPPORT ENGINEER,Spintly India Private Ltd.,Margao,FULL-TIME,Posted 3 months ago,https://startupgoa.org/job/spintly-india-private-ltd-goa-full-time-mobile-integration-support-engineer/
PROJECT MANAGER – TECHNOLOGY,Spintly India Private Ltd.,Margao,FULL-TIME,Posted 3 months ago,https://startupgoa.org/job/spintly-india-private-ltd-goa-full-time-project-manager-technology/
HARDWARE DESIGN ENGINEER,Spintly India Private Ltd.,Margao,FULL-TIME,Posted 3 months ago,https://startupgoa.org/job/spintly-india-private-ltd-goa-full-time-hardware-design-engineer/
FIRMWARE DEVELOPER,Spintly India Private Ltd.,Margao,FULL-TIME,Posted 3 months ago,https://startupgoa.org/job/spintly-india-private-ltd-goa-full-time-firmware-developer/
PRE-SALES ENGINEER,Spintly India Private Ltd.,Margao,FULL-TIME,Posted 3 months ago,https://startupgoa.org/job/spintly-india-private-ltd-goa-full-time-pre-sales-engineer/
GRAPHIC DESIGN,Minus Equals Plus,Porvorim,FULL-TIME,Posted 3 months ago,https://startupgoa.org/job/minus-equals-plus-full-time-graphic-design/
TRAINEE (DATA SCIENCE),Endure Technology Solutions Pvt. Ltd.,Margao,FULL-TIME,Posted 3 months ago,https://startupgoa.org/job/endure-technology-solutions-pvt-ltd-full-time-trainee-data-science/
VISUAL & MULTIMEDIA DESIGNER (TRAINEE),Endure Technology Solutions Pvt. Ltd.,Margao,FULL-TIME,Posted 3 months ago,https://startupgoa.org/job/endure-technology-solutions-pvt-ltd-madgaon-full-time-visual-multimedia-designer-trainee/
DIGITAL MARKETING INTERN,OLDBOY,Saligao,FULL-TIME,Posted 3 months ago,https://startupgoa.org/job/oldboy-goa-full-time-digital-marketing-intern/
DIGITAL MARKETING TRAINEE,Endure Technology Solutions Pvt. Ltd.,Margao,FULL-TIME,Posted 3 months ago,https://startupgoa.org/job/endure-technology-solutions-pvt-ltd-madgaon-full-time-digital-marketing-trainee/
GRAPHICS DESIGN,Sunshell Digital Marketing Agency,Porvorim,INTERNSHIP,Posted 3 months ago,https://startupgoa.org/job/sunshell-digital-marketing-agency-porvorim-goa-internship-graphics-design/
DIGITAL MARKETING INTERN,Sunshell Digital Marketing Agency,Porvorim,INTERNSHIP,Posted 3 months ago,https://startupgoa.org/job/sunshell-digital-marketing-agency-porvorim-goa-internship-digital-marketing-intern/
MARKETING INTERN,Sun360,Vasco,INTERNSHIP,Posted 4 months ago,https://startupgoa.org/job/sun360-south-goa-internship-marketing-intern/
AI LAB MENTOR,AI Business School,Panjim,FULL-TIME,Posted 4 months ago,https://startupgoa.org/job/ai-business-school-goa-full-time-ai-lab-mentor/
CORPORATE RELATIONS & PLACEMENTS ASSOCIATE,AI Business School,Panjim,FULL-TIME,Posted 4 months ago,https://startupgoa.org/job/ai-business-school-goa-full-time-corporate-relations-placements-associate/
SENIOR FLUTTER DEVELOPER,Tatvartha WealthNest AI Pvt Ltd,Mapusa,FULL-TIME,Posted 4 months ago,https://startupgoa.org/job/tatvartha-wealthnest-ai-pvt-ltd-remote-full-time-senior-flutter-developer/
SENIOR PYTHON ENGINEER,Tatvartha WealthNest AI Pvt Ltd,Mapusa,FULL-TIME,Posted 4 months ago,https://startupgoa.org/job/tatvartha-wealthnest-ai-pvt-ltd-remote-full-time-senior-python-engineer/
GRAPHICS DESIGNER / VIDEO EDITOR,Sunshell Digital Marketing Agency,Porvorim,FULL-TIME,Posted 4 months ago,https://startupgoa.org/job/sunshell-digital-marketing-agency-porvorim-full-time-graphics-designer-video-editor/
DIGITAL MARKETING INTERNS,fishermanshub.com,Mapusa,INTERNSHIP,Posted 4 months ago,https://startupgoa.org/job/fishermanshub-com-mapusa-goa-internship-digital-marketing-interns/
DIGITAL MARKETING EXECUTIVE FOR AN ECOMMERCE COMPANY,fishermanshub.com,Mapusa,FULL-TIME,Posted 4 months ago,https://startupgoa.org/job/fishermanshub-com-mapusa-goa-full-time-marketing-executive-for-an-ecommerce-company/
QUALITY ANALYST,Spintly India Pvt Ltd,Margao,FULL-TIME,Posted 4 months ago,https://startupgoa.org/job/spintly-india-pvt-ltd-fatorda-full-time-quality-analyst/
PRE-SALES ENGINEER,Spintly India Pvt Ltd,Margao,FULL-TIME,Posted 4 months ago,https://startupgoa.org/job/spintly-india-pvt-ltd-fatorda-full-time-pre-sales-engineer/
INTEGRATION SUPPORT ENGINEER,Spintly India Pvt Ltd,Margao,FULL-TIME,Posted 4 months ago,https://startupgoa.org/job/spintly-india-pvt-ltd-fatorda-full-time-integration-support-engineer/
SOFTWARE SUPPORT ENGINEER,Spintly India Pvt Ltd,Margao,FULL-TIME,Posted 4 months ago,https://startupgoa.org/job/spintly-india-pvt-ltd-fatorda-full-time-software-support-engineer/
IT INTERNSHIP,Maya HR Solutions,Other,INTERNSHIP,Posted 4 months ago,https://startupgoa.org/job/maya-hr-solutions-sanquelim-internship-it-internship/
AI TOOLS TRAINER & DEVELOPER,AI Business School,Panjim,PART-TIME,Posted 4 months ago,https://startupgoa.org/job/ai-business-school-goa-part-time-ai-tools-trainer-developer/
REACT-NATIVE DEVELOPER (FULL-STACK),Rescape Technologies Pvt. Ltd.,Margao,FULL-TIME,Posted 4 months ago,https://startupgoa.org/job/rescape-technologies-pvt-ltd-south-goa-full-time-react-native-developer-full-stack/
SALES EXECUTIVE (2 POSITIONS),Rodz Consulting,Mapusa,FULL-TIME,Posted 4 months ago,https://startupgoa.org/job/rodz-consulting-goa-full-time-sales-executive-2-positions/
TELESALES EXECUTIVE,New Vision Group Holding P. Ltd.,Mapusa,FULL-TIME,Posted 4 months ago,https://startupgoa.org/job/new-vision-group-holding-p-ltd-mapusa-goa-full-time-telesales-executive/
AN FASTENER SUPPLIER,AN Fastener Supplier,Vasco,FULL-TIME,Posted 5 months ago,https://startupgoa.org/job/an-fastener-supplier-india-full-time-an-fastener-supplier/
BACKEND DEVELOPER,Tentwenty Digital,Porvorim,FULL-TIME,Posted 5 months ago,https://startupgoa.org/job/tentwenty-digital-goa-full-time-backend-developer/
FRONTEND DEVELOPER,Tentwenty Digital,Porvorim,FULL-TIME,Posted 5 months ago,https://startupgoa.org/job/tentwenty-digital-goa-full-time-frontend-developer/
OFFICE EXECUTIVE,The Grit City,Panjim,FULL-TIME,Posted 5 months ago,https://startupgoa.org/job/the-grit-city-goa-india-full-time-office-executive/
SOCIAL MEDIA DIGITAL MANAGER HAVING WORDPRESS DESIGN EXPERIENCE,CITIHOMES Realty,Porvorim,FULL-TIME,Posted 5 months ago,https://startupgoa.org/job/citihomes-realty-north-goa-full-time-video-editor-and-social-media-manager-full-time/
DIGITAL MARKETING EXECUTIVE,Kilowott Agency Pvt. Ltd.,Porvorim,FULL-TIME,Posted 5 months ago,https://startupgoa.org/job/kilowott-agency-pvt-ltd-porvorim-full-time-digital-marketing-executive/
ALFA INFRAPROP SOLAR SYSTEMS,Alfa Infraprop,Other,FREELANCE,Posted 5 months ago,https://startupgoa.org/job/alfa-infraprop-mumbai-maharashtra-india-freelance-alfa-infraprop-solar-systems/
EVENT PRODUCTION SUPERVISOR,KaiZen Events Goa,Other,FULL-TIME,Posted 5 months ago,https://startupgoa.org/job/kaizen-events-goa-goa-full-time-event-production-supervisor/
BACKEND DEVELOPER,Thalus Technologies Private Limited,Margao,FULL-TIME,Posted 5 months ago,https://startupgoa.org/job/thalus-technologies-private-limited-goa-india-full-time-backend-developer/
ACCOUNTS RECEIVABLE SPECIALIST,Jobs for Goan,Porvorim,FULL-TIME,Posted 5 months ago,https://startupgoa.org/job/jobs-for-goan-porvorim-full-time-accounts-receivable-specialist/
BILLING SPECIALIST (OPERATIONS) – INTERNATIONAL BPO,Jobs for Goan,Porvorim,FULL-TIME,Posted 5 months ago,https://startupgoa.org/job/jobs-for-goan-porvorim-full-time-billing-specialist-operations-international-bpo/
OPERATIONS EXECUTIVE – BACK OFFICE,Jobs for Goan,Panjim,FULL-TIME,Posted 5 months ago,https://startupgoa.org/job/jobs-for-goan-st-inez-full-time-operations-executive-back-office/
OPERATIONS EXECUTIVE – CUSTOMER SERVICE,Jobs for Goan,Panjim,FULL-TIME,Posted 5 months ago,https://startupgoa.org/job/jobs-for-goan-st-inez-full-time-operations-executive-customer-service/
CONFLICT ANALYST – LAWYER,Jobs for Goan,Porvorim,FULL-TIME,Posted 5 months ago,https://startupgoa.org/job/jobs-for-goan-porvorim-full-time-conflict-analyst-lawyer/
CYBERSECURITY CONSULTANT / ENGINEER (3–5 YEARS OF EXPERIENCE),Globalminds Ltd,Panjim,FULL-TIME,Posted 6 months ago,https://startupgoa.org/job/globalminds-ltd-panaji-full-time-cybersecurity-consultant-engineer-3-5-years-of-experience/
JUNIOR CYBERSECURITY CONSULTANT / ENGINEER,Globalminds Ltd,Panjim,FULL-TIME,Posted 6 months ago,https://startupgoa.org/job/globalminds-ltd-panaji-full-time-junior-cybersecurity-consultant-engineer/
JUNIOR PROJECT SPECIALIST– CIVIL/MECHANICAL/GIS ENGINEERING- HYBRID – PART TIME,AMDG COLLECTIVE LLP,Porvorim,FULL-TIME,Posted 6 months ago,https://startupgoa.org/job/amdg-collective-llp-hybrid-full-time-junior-project-specialist-civil-mechanical-gis-engineering-hybrid/
CURB RAMP PROJECT SPECIALIST | ENTRY-LEVEL CIVIL/MECHANICAL/GIS – PART TIME – REMOTE,AMDG COLLECTIVE LLP,Porvorim,PART-TIME,Posted 6 months ago,https://startupgoa.org/job/amdg-collective-llp-goa-part-time-curb-ramp-project-specialist-entry-level-civil-mechanical-gis/
SOFTWARE TESTER,Sofueled,Panjim,FULL-TIME,Posted 6 months ago,https://startupgoa.org/job/sofueled-full-time-software-tester/
PHP DEVELOPER – WFH,WebFills,Margao,FULL-TIME,Posted 6 months ago,https://startupgoa.org/job/webfills-work-from-home-full-time-php-developer-wfh/
INSIDE SALES,WebFills,Margao,FULL-TIME,Posted 6 months ago,https://startupgoa.org/job/webfills-margao-full-time-inside-sales/
SUPPORT ASSOCIATE,WebFills,Margao,FULL-TIME,Posted 6 months ago,https://startupgoa.org/job/webfills-margao-full-time-support-associate/
INTERNAL AUDITOR,Manisha Mohol and Associates,Margao,FULL-TIME,Posted 6 months ago,https://startupgoa.org/job/manisha-mohol-and-associates-cuncolim-and-ponda-full-time-internal-auditor/
SOCIAL MEDIA MANAGER,SNCE,Margao,FULL-TIME,Posted 6 months ago,https://startupgoa.org/job/snce-goa-full-time-social-media-manager/
MANAGER – IRON ORE PURCHASE,Zuari Global Trading LLP,Vasco,FULL-TIME,Posted 6 months ago,https://startupgoa.org/job/zuari-global-trading-llp-sancoale-goa-full-time-manager-iron-ore-purchase/
REAL ESTATE ARCHITECT,Zuari Global Trading LLP,Vasco,FULL-TIME,Posted 6 months ago,https://startupgoa.org/job/zuari-global-trading-llp-sancoale-goa-full-time-real-estate-architect/
ACCOUNTS MANAGER,Zuari Global Trading LLP,Vasco,FULL-TIME,Posted 6 months ago,https://startupgoa.org/job/zuari-global-trading-llp-sancoale-goa-full-time-accounts-manager/
LEGAL MANAGER – REAL ESTATE,Zuari Global Trading LLP,Vasco,FULL-TIME,Posted 6 months ago,https://startupgoa.org/job/zuari-global-trading-llp-sancoale-goa-full-time-legal-manager-real-estate/
SALES EXECUTIVE- GOA,IDITRI Techno Solutions Pvt Ltd,Panjim,FULL-TIME,Posted 6 months ago,https://startupgoa.org/job/iditri-techno-solutions-pvt-ltd-goa-full-time-sales-executive-goa/
FIELD SERVICE IT ENGINEER – GOA,IDITRI Techno Solutions Pvt Ltd,Panjim,FULL-TIME,Posted 6 months ago,https://startupgoa.org/job/iditri-techno-solutions-pvt-ltd-goa-full-time-field-service-it-engineer-goa/
BUSINESS DEVELOPMENT EXECUTIVE,MAGAS Services,Margao,FULL-TIME,Posted 6 months ago,https://startupgoa.org/job/magas-services-full-time-business-development-executive/
SENIOR SALES EXECUTIVE (MIN 2 YEARS EXPERIENCE),Cruising Club India,Panjim,FULL-TIME,Posted 6 months ago,https://startupgoa.org/job/cruising-club-india-panaji-goa-full-time-senior-sales-executive-min-2-years-experience/
JUNIOR FULL STACK DEVELOPER,Globalminds Ltd,Panjim,INTERNSHIP,Posted 6 months ago,https://startupgoa.org/job/globalminds-ltd-panaji-internship-junior-full-stack-developer/
BILLING & INVOICING EXECUTIVE,Globalminds Ltd,Panjim,FULL-TIME,Posted 6 months ago,https://startupgoa.org/job/globalminds-ltd-panaji-full-time-billing-invoicing-executive/
ADMIN EXECUTIVE,Globalminds Ltd,Panjim,FULL-TIME,Posted 6 months ago,https://startupgoa.org/job/globalminds-ltd-panaji-full-time-admin-executive/
SOFTWARE DEVELOPMENT ENGINEER (FULL STACK),Rescape Technologies Private Limited,Margao,FULL-TIME,Posted 6 months ago,https://startupgoa.org/job/rescape-technologies-private-limited-south-goa-full-time-software-development-engineer-full-stack/
"DIGITAL DESIGN ASSOCIATE (FULL-TIME, IN-OFFICE AT PATTO, PANJIM)",InnerGram,Panjim,FULL-TIME,Posted 6 months ago,https://startupgoa.org/job/innergram-patto-panjim-full-time-digital-design-associate/
"RESEARCH & SOCIAL MEDIA ANALYST (FULL-TIME, IN-OFFICE AT PATTO, PANJIM)",InnerGram,Panjim,FULL-TIME,Posted 6 months ago,https://startupgoa.org/job/innergram-patto-panjim-full-time-research-social-media-analyst-full-time-in-office-at-patto-panjim/
MOBILE APPLICATION DEVELOPER-GOA,New Vision Group Holding P. Ltd.,Mapusa,FULL-TIME,Posted 6 months ago,https://startupgoa.org/job/new-vision-group-holding-p-ltd-goa-full-time-mobile-application-developer-goa/
BUSINESS DEVELOPMENT MANAGER (FRESHERS WELCOME!),Appscale Media,Mapusa,FULL-TIME,Posted 6 months ago,https://startupgoa.org/job/appscale-media-full-time-business-development-manager-freshers-welcome/
FULL-STACK DEVELOPER,Goldu Private Limited,Panjim,FULL-TIME,Posted 6 months ago,https://startupgoa.org/job/goldu-private-limited-goa-full-time-full-stack-developer/
VIDEOGRAPHER BASED IN GOA,New Vision Group Holding P. Ltd.,Mapusa,FREELANCE,Posted 7 months ago,https://startupgoa.org/job/new-vision-group-holding-p-ltd-freelance-videographer-based-in-goa/
JUNIOR/MID LEVEL ACCOUNTS & BACK OFFICE EXECUTIVE,fishermanshub.com,Mapusa,FULL-TIME,Posted 7 months ago,https://startupgoa.org/job/fishermanshub-com-mapusa-goa-full-time-junior-mid-level-accounts-back-office-executive/
SOCIAL MEDIA CONTENT CREATOR,Sofueled,Panjim,FULL-TIME,Posted 7 months ago,https://startupgoa.org/job/sofueled-full-time-social-media-content-creator/
GEN AI ENGINEER,Mclaren Strategic Solutions,Panjim,FULL-TIME,Posted 7 months ago,https://startupgoa.org/job/mclaren-strategic-solutions-full-time-gen-ai-engineer/
NODEJS BACKEND DEVELOPER – GOA,New Vision Group Holding P. Ltd.,Mapusa,FULL-TIME,Posted 7 months ago,https://startupgoa.org/job/new-vision-group-holding-p-ltd-full-time-nodejs-backend-developer-goa/
MOBILE APPLICATION DEVELOPER,Photojaanic,Mapusa,FULL-TIME,Posted 7 months ago,https://startupgoa.org/job/photojaanic-mapusa-goa-full-time-mobile-application-developer/
JUNIOR WEB DEVELOPER,Sofueled,Panjim,FULL-TIME,Posted 7 months ago,https://startupgoa.org/job/sofueled-full-time-junior-web-developer/
HR INTERN,SA Consultancy Goa,Panjim,INTERNSHIP,Posted 7 months ago,https://startupgoa.org/job/sa-consultancy-goa-remote-internship-hr-intern/
BACKEND DEVELOPER,Photojaanic,Mapusa,FULL-TIME,Posted 7 months ago,https://startupgoa.org/job/photojaanic-mapusa-hybrid-full-time-backend-developer/
CONTENT CREATOR,Brewiti,Panjim,FULL-TIME,Posted 7 months ago,https://startupgoa.org/job/brewiti-st-inez-full-time-content-creator-2/
SOCIAL MEDIA EXECUTIVE,Brewiti,Panjim,FULL-TIME,Posted 7 months ago,https://startupgoa.org/job/brewiti-st-inez-full-time-social-media-executive/
SOCIAL MEDIA MANAGER,GOA TOURS,Calangute,PART-TIME,Posted 7 months ago,https://startupgoa.org/job/goa-tours-siolim-part-time-social-media-manager/
PYTHON DEVELOPER,Goldu Private Limited,Panjim,FULL-TIME,Posted 7 months ago,https://startupgoa.org/job/goldu-private-limited-goa-full-time-python-developer/
TRUCK DRIVER,Lumasonic Tech Rental Pvt Ltd,Panjim,FULL-TIME,Posted 7 months ago,https://startupgoa.org/job/lumasonic-tech-rental-pvt-ltd-panjim-full-time-truck-driver/
LIGHTING TECHNICIAN,Lumasonic Tech Rental Pvt Ltd,Panjim,FULL-TIME,Posted 7 months ago,https://startupgoa.org/job/lumasonic-tech-rental-pvt-ltd-panjim-full-time-lighting-technician/
EVENT HELPER,Lumasonic Tech Rental Pvt Ltd,Panjim,FULL-TIME,Posted 7 months ago,https://startupgoa.org/job/lumasonic-tech-rental-pvt-ltd-panjim-full-time-event-helper/
JUNIOR AUDIO SYSTEM ENGINEER,Lumasonic Tech Rental Pvt Ltd,Panjim,FULL-TIME,Posted 7 months ago,https://startupgoa.org/job/lumasonic-tech-rental-pvt-ltd-panjim-full-time-junior-audio-system-engineer/
ASSISTANT MAINTENANCE TECHNICIAN,Lumasonic Tech Rental Pvt Ltd,Panjim,FULL-TIME,Posted 7 months ago,https://startupgoa.org/job/lumasonic-tech-rental-pvt-ltd-panjim-full-time-assistant-maintenance-technician/
BUSINESS DEVELOPMENT EXECUTIVE,Lumasonic Tech Rental Pvt Ltd,Panjim,FULL-TIME,Posted 7 months ago,https://startupgoa.org/job/lumasonic-tech-rental-pvt-ltd-panjim-full-time-business-development-executive/
ASSISTANT VIDEO TECHNICIAN,Lumasonic Tech Rental Pvt Ltd,Panjim,FULL-TIME,Posted 7 months ago,https://startupgoa.org/job/lumasonic-tech-rental-pvt-ltd-panjim-full-time-assistant-video-technician/
WEBSITE TESTER,MAGAS Services,Margao,FULL-TIME,Posted 8 months ago,https://startupgoa.org/job/magas-services-curchorem-margao-verna-vasco-panjim-mapusa-pernem-full-time-website-tester/
UX/UI & GRAPHIC DESINGER,MAGAS Services,Margao,FULL-TIME,Posted 8 months ago,https://startupgoa.org/job/magas-services-full-time-ux-ui-graphic-desinger/
LIGHT DESIGNER,Reynold Events and Promotions,Verna,FULL-TIME,Posted 8 months ago,https://startupgoa.org/job/reynold-events-and-promotions-goa-full-time-light-designer/
JUNIOR .NET DEVELOPER,Goldu Private Limited,Panjim,FULL-TIME,Posted 8 months ago,https://startupgoa.org/job/goldu-private-limited-panaji-full-time-junior-net-developer/
CUSTOMER SUPPORT ENGINEER,Reliable Software,Margao,FULL-TIME,Posted 8 months ago,https://startupgoa.org/job/reliable-software-margao-full-time-customer-support-engineer-2/
WEB DEVELOPER,Brewiti,Panjim,FULL-TIME,Posted 8 months ago,https://startupgoa.org/job/brewiti-st-inez-full-time-web-developer/
CONTENT CREATOR,Brewiti,Panjim,FULL-TIME,Posted 8 months ago,https://startupgoa.org/job/brewiti-st-inez-full-time-content-creator/
UI/UX DESIGNER WANTED SOON,Sofueled,Panjim,FULL-TIME,Posted 8 months ago,https://startupgoa.org/job/sofueled-full-time-ui-ux-designer-wanted-soon/
CAD DESIGN ENGINEER,Pai Kane Group,Mapusa,FULL-TIME,Posted 8 months ago,https://startupgoa.org/job/pai-kane-group-goa-full-time-cad-design-engineer/
DESIGN ENGINEER,Pai Kane Group,Other,FULL-TIME,Posted 8 months ago,https://startupgoa.org/job/pai-kane-group-goa-full-time-design-engineer/
SALES EXECUTIVE,Pai Kane Group,Mapusa,FULL-TIME,Posted 8 months ago,https://startupgoa.org/job/pai-kane-group-goa-full-time-sales-executive/
RPA DEVELOPER (AUTOMATION ANYWHERE),Tangentia,Panjim,FULL-TIME,Posted 8 months ago,https://startupgoa.org/job/tangentia-goa-full-time-rpa-developer-automation-anywhere/
VIDEO EDITOR,Parashoot Studio,Margao,FULL-TIME,Posted 8 months ago,https://startupgoa.org/job/parashoot-studio-margao-south-goa-full-time-video-editor/
SENIOR PURCHASE ASSOCIATE,Sun360,Vasco,FULL-TIME,Posted 9 months ago,https://startupgoa.org/job/sun360-south-goa-full-time-senior-purchase-associate/
AI/ML ENGINEER,Sofueled,Panjim,FULL-TIME,Posted 9 months ago,https://startupgoa.org/job/sofueled-full-time-ai-ml-engineer/
SENIOR DATA ANALYST,Xenerx Healthcare Services Private Limited,Porvorim,FULL-TIME,Posted 9 months ago,https://startupgoa.org/job/xenerx-healthcare-services-private-limited-porvorim-full-time-senior-data-analyst/
PRODUCT OWNER,INBETWEEN SOFTWARE DEVELOPMENT PRIVATE LIMITED,Panjim,FULL-TIME,Posted 9 months ago,https://startupgoa.org/job/inbetween-software-development-private-limited-full-time-product-owner/
SOFTWARE DEVELOPER – JAVA,INBETWEEN SOFTWARE DEVELOPMENT PRIVATE LIMITED,Panjim,FULL-TIME,Posted 9 months ago,https://startupgoa.org/job/inbetween-software-development-private-limited-full-time-software-developer-java/
INTERN-MARKETING,The Grit City,Panjim,INTERNSHIP,Posted 9 months ago,https://startupgoa.org/job/the-grit-city-goa-india-internship-intern-marketing/
ACCOUNTS,FINANCE SUVIDHA KENDRA,Panjim,FULL-TIME,Posted 9 months ago,https://startupgoa.org/job/finance-suvidha-kendra-india-full-time-accounts/
WORDPRESS DEVELOPER,Recurziv,Panjim,FULL-TIME,Posted 9 months ago,https://startupgoa.org/job/recurziv-shankarwadi-taliegao-full-time-wordpress-developer/
EASY RETURN,Easy Return,Margao,INTERNSHIP,Posted 9 months ago,https://startupgoa.org/job/easy-return-patiala-internship-easy-return/
FULL STACK DEVELOPER,The Grit City,Panjim,FULL-TIME,Posted 9 months ago,https://startupgoa.org/job/the-grit-city-goa-india-full-time-hr/
PHOTOGRAPHER,Kilowott Agency Pvt. Ltd.,Porvorim,FULL-TIME,Posted 9 months ago,https://startupgoa.org/job/kilowott-agency-pvt-ltd-goa-full-time-photographer/
CALLCENTER EXECUTIVES,Hello Information Services Pvt Ltd,Other,FULL-TIME,Posted 9 months ago,https://startupgoa.org/job/hello-information-services-pvt-ltd-goa-full-time-callcenter-executives/
JR/SR REACT JS/REACT NATIVE DEVELOPER,Numino Labs Pvt Ltd,Verna,FULL-TIME,Posted 9 months ago,https://startupgoa.org/job/numino-labs-pvt-ltd-verna-goa-full-time-jr-sr-react-js-react-native-developer/
OPERATIONS ASSOCIATE,Hirewise,Mapusa,FULL-TIME,Posted 9 months ago,https://startupgoa.org/job/hirewise-goa-full-time-operations-associate/
CHAT ASSOCIATE,Hirewise,Mapusa,FULL-TIME,Posted 9 months ago,https://startupgoa.org/job/hirewise-goa-full-time-chat-associate/
SOCIAL MEDIA EXECUTIVE,FabCoders,Panjim,FULL-TIME,Posted 9 months ago,https://startupgoa.org/job/fabcoders-panjim-full-time-social-media-executive/
"SALES & MARKETING IN REAL ESTATE CONSULTANCY, PORVORIM-GOA",CITIHOMES Realty,Porvorim,FULL-TIME,Posted 9 months ago,https://startupgoa.org/job/citihomes-realty-goa-full-time-sales-marketing-in-real-estate-consultancy-porvorim-goa-3/
BILLING EXECUTIVE – NIGHT SHIFT (6:30 PM TO 3:30 AM),Jobs for Goan,Porvorim,FULL-TIME,Posted 9 months ago,https://startupgoa.org/job/jobs-for-goan-porvorim-full-time-billing-executive-night-shift-630-pm-to-330-pm/
"PERFORMANCE MARKETING ON SOCIAL MEDIA, SEO, GOOGLE ADWORDS",CITIHOMES Realty,Porvorim,FULL-TIME,Posted 10 months ago,https://startupgoa.org/job/citihomes-realty-goa-freelance-full-time-internship-part-time-digital-marketing-to-promote-on-instagram-social-media-seo-google/
PHOTOGRAPHY INTERNSHIP,Minus Equals Plus,Porvorim,INTERNSHIP,Posted 10 months ago,https://startupgoa.org/job/minus-equals-plus-internship-photography-internship/
JUNIOR ARCHITECT,Enigmasoft Technologies,Panjim,FULL-TIME,Posted 10 months ago,https://startupgoa.org/job/enigmasoft-technologies-panaji-goa-full-time-junior-architect/
COMPUTER HARDWARE TECHNICIAN,Bits Bytes Technologies,Panjim,FULL-TIME,Posted 10 months ago,https://startupgoa.org/job/bits-bytes-technologies-panjim-full-time-computer-hardware-technician/
SEO CONSULTANT,Endure Technology Solutions Pvt. Ltd,Margao,FULL-TIME,Posted 10 months ago,https://startupgoa.org/job/endure-technology-solutions-pvt-ltd-margao-salcete-goa-403-601-full-time-seo-consultant/
VARIOUS INTERNSHIP ROLES,DC Automation Systems OPC Pvt Ltd,Other,INTERNSHIP,Posted 10 months ago,https://startupgoa.org/job/dc-automation-systems-opc-pvt-ltd-goa-hybrid-internship-various-internship-roles/
WEB DEVELOPER,Code Runner Software Pvt. Ltd.,Panjim,FULL-TIME,Posted 10 months ago,https://startupgoa.org/job/code-runner-software-pvt-ltd-panjim-goa-full-time-web-developer/
WORDPRESS DEVELOPER,Ideas Unlimited Digital,Panjim,FULL-TIME,Posted 10 months ago,https://startupgoa.org/job/ideas-unlimited-digital-full-time-wordpress-developer-2/
PHOTOGRAPHER / VIDEO EDITOR,Sunshell Digital Marketing Agency,Porvorim,FULL-TIME,Posted 11 months ago,https://startupgoa.org/job/sunshell-digital-marketing-agency-porvorim-goa-full-time-photographer-video-editor-2/
SOCIAL MEDIA EXECUTIVE,Sunshell Digital Marketing Agency,Porvorim,FULL-TIME,Posted 11 months ago,https://startupgoa.org/job/sunshell-digital-marketing-agency-porvorim-goa-full-time-social-media-executive/
CCTV ENGINEER,Vianaar Homes Pvt Ltd,Mapusa,FULL-TIME,Posted 11 months ago,https://startupgoa.org/job/vianaar-homes-pvt-ltd-mapusa-goa-full-time-cctv-engineer/
JUNIOR SYSTEM ADMINISTRATOR – GOA – FRESHER,New Vision Imaging P. Ltd.,Mapusa,FULL-TIME,Posted 11 months ago,https://startupgoa.org/job/new-vision-imaging-p-ltd-goa-full-time-junior-system-administrator/
JUNIOR PRODUCT MANAGER,New Vision Printing Services P. Ltd.,Mapusa,FULL-TIME,Posted 11 months ago,https://startupgoa.org/job/new-vision-printing-services-p-ltd-goa-full-time-junior-product-manager/
SEO SPECIALIST,New Vision Printing Services P. Ltd.,Mapusa,FULL-TIME,Posted 11 months ago,https://startupgoa.org/job/new-vision-printing-services-p-ltd-remote-or-goa-full-time-seo-specialist/
MOBILE APPLICATION DEVELOPER-GOA,New Vision Group Holding P. Ltd.,Mapusa,FULL-TIME,Posted 11 months ago,https://startupgoa.org/job/new-vision-group-holding-p-ltd-goa-full-time-mobile-application-developer/
BACKEND DEVELOPER-GOA,New Vision Group Holding P. Ltd.,Mapusa,FULL-TIME,Posted 11 months ago,https://startupgoa.org/job/new-vision-group-holding-p-ltd-goa-full-time-backend-developer/
UI DESIGNER – WFO OR HYBRID,Jobs for Goan,Saligao,FULL-TIME,Posted 11 months ago,https://startupgoa.org/job/jobs-for-goan-saligao-or-hybrid-full-time-ui-designer-wfo-or-hybrid/
CONTENT WRITER – WFO OR HYBRID,Jobs for Goan,Saligao,FULL-TIME,Posted 11 months ago,https://startupgoa.org/job/jobs-for-goan-saligao-or-hybrid-full-time-content-writer-wfo-or-hybrid/
PHP DEVELOPER – WFO OR HYBRID,Jobs for Goan,Saligao,FULL-TIME,Posted 11 months ago,https://startupgoa.org/job/jobs-for-goan-saligao-or-hybrid-full-time-php-developer-wfo-or-hybrid/
FACULTY TRAINER,Jobs for Goan,Panjim,FULL-TIME,Posted 11 months ago,https://startupgoa.org/job/jobs-for-goan-panjim-full-time-faculty-trainer/
FIBER TECHNICIAN,Blits Global Technologies Pvt Ltd,Vasco,FULL-TIME,Posted 12 months ago,https://startupgoa.org/job/blits-global-technologies-pvt-ltd-goa-full-time-fiber-technician/
SALES OPS MANAGER,Perky Digital Pvt Ltd,Panjim,FULL-TIME,Posted 12 months ago,https://startupgoa.org/job/perky-digital-pvt-ltd-goa-full-time-sales-ops-manager/
SOCIAL MEDIA EXECUTIVE,Rubiq Solutions Pvt. Ltd.,Panjim,FULL-TIME,Posted 12 months ago,https://startupgoa.org/job/rubiq-solutions-pvt-ltd-full-time-social-media-executive/
SEO EXECUTIVE,Rubiq Solutions Pvt. Ltd.,Panjim,FULL-TIME,Posted 12 months ago,https://startupgoa.org/job/rubiq-solutions-pvt-ltd-full-time-seo-executive/
UI & UX DESIGNER,Rubiq Solutions Pvt. Ltd.,Panjim,FULL-TIME,Posted 12 months ago,https://startupgoa.org/job/rubiq-solutions-pvt-ltd-full-time-ui-ux-designer/
WORDPRESS DEVELOPER,Rubiq Solutions Pvt. Ltd.,Panjim,FULL-TIME,Posted 12 months ago,https://startupgoa.org/job/rubiq-solutions-pvt-ltd-full-time-wordpress-developer/
SOCIAL MEDIA MANAGER,Rubiq Solutions Pvt. Ltd.,Panjim,FULL-TIME,Posted 12 months ago,https://startupgoa.org/job/rubiq-solutions-pvt-ltd-panjim-full-time-social-media-manager/
GRAPHICS DESIGNER,Rubiq Solutions Pvt. Ltd.,Panjim,FULL-TIME,Posted 12 months ago,https://startupgoa.org/job/rubiq-solutions-pvt-ltd-full-time-graphics-designer/
NODE JS. DEVELOPER,Code Runner Software Pvt. Ltd.,Panjim,FULL-TIME,Posted 1 year ago,https://startupgoa.org/job/code-runner-software-pvt-ltd-panjim-goa-full-time-node-js-developer/
VLOCITY DEVELOPER / ARCHITECT,Resouz Consultants,Other,FULL-TIME,Posted 1 year ago,https://startupgoa.org/job/resouz-consultants-remote-full-time-vlocity-developer-architect/
SALESFORCE DEVELOPER,Resouz Consultants,Other,FULL-TIME,Posted 1 year ago,https://startupgoa.org/job/resouz-consultants-remote-full-time-salesforce-developer/
ANGULAR DEVELOPER,Resouz Consultants,Panjim,FULL-TIME,Posted 1 year ago,https://startupgoa.org/job/resouz-consultants-panjim-full-time-angular-developer/
REACT DEVELOPER,Resouz Consultants,Panjim,FULL-TIME,Posted 1 year ago,https://startupgoa.org/job/resouz-consultants-panjim-full-time-react-developer/
SOCIAL MEDIA MARKETING,Minus Equals Plus,Porvorim,INTERNSHIP,Posted 1 year ago,https://startupgoa.org/job/minus-equals-plus-internship-social-media-marketing/
GRAPHIC DESIGN & VIDEO EDITOR,Kapcube,Panjim,FULL-TIME,Posted 1 year ago,https://startupgoa.org/job/kapcube-panjim-full-time-graphic-design-video-editor/
TELE CALLER,Golden Entertainment,Other,FULL-TIME,Posted 1 year ago,https://startupgoa.org/job/golden-entertainment-sri-lanka-full-time-tele-caller/
PROJECT MANAGER/PROJECT LEAD,Reliable Software,Margao,FULL-TIME,Posted 1 year ago,https://startupgoa.org/job/reliable-software-margao-full-time-project-manager-project-lead/
"TECH, DATA, MARKETING & MORE!",Vumonic Datalabs,Saligao,FULL-TIME,Posted 1 year ago,https://startupgoa.org/job/vumonic-datalabs-goa-full-time-tech-data-marketing-more/
SOCIAL MEDIA MARKETING EXECUTIVE,DGtive Markting Agency Pvt. Ltd,Porvorim,FULL-TIME,Posted 1 year ago,https://startupgoa.org/job/dgtive-markting-agency-pvt-ltd-goa-full-time-social-media-marketing-executive/
DATA ENGINEER,Thalus Technologies Pvt Ltd,Margao,FULL-TIME,Posted 1 year ago,https://startupgoa.org/job/thalus-technologies-pvt-ltd-goa-full-time-data-engineer/
QA TESTING ENGINEER,Thalus Technologies Pvt Ltd,Margao,FULL-TIME,Posted 1 year ago,https://startupgoa.org/job/thalus-technologies-pvt-ltd-goa-full-time-qa-testing-engineer/
TALENT ACQUISITION SPECIALIST,Endure Technology Solutions Pvt. Ltd,Margao,PART-TIME,Posted 1 year ago,https://startupgoa.org/job/endure-technology-solutions-pvt-ltd-south-goa-part-time-talent-acquisition-specialist/
EVENT MANAGER,Confidential,Panjim,FULL-TIME,Posted 1 year ago,https://startupgoa.org/job/confidential-panjim-full-time-event-manager/
OFFICE BOY,Confidential,Panjim,FULL-TIME,Posted 1 year ago,https://startupgoa.org/job/confidential-panjim-full-time-office-boy/
JUNIOR ACCOUNTANT,Enigmasoft Technologies,Panjim,FULL-TIME,Posted 1 year ago,https://startupgoa.org/job/enigmasoft-technologies-goa-full-time-junior-accountant/
INTERIOR SITE ENGINEER,Twiceline Services Pvt.Ltd,Panjim,FULL-TIME,Posted 1 year ago,https://startupgoa.org/job/twiceline-services-pvt-ltd-goa-full-time-interior-site-engineer/
JUNIOR WORDPRESS DEVELOPER,RankUp Global,Margao,FULL-TIME,Posted 1 year ago,https://startupgoa.org/job/rankup-global-goa-full-time-junior-wordpress-developer/
DRUPAL DEVELOPER,DeeSolutions,Vasco,FULL-TIME,Posted 1 year ago,https://startupgoa.org/job/deesolutions-full-time-drupal-developer/
SOCIAL MEDIA MANAGER,Sunshell Digital Marketing Agency,Porvorim,FULL-TIME,Posted 1 year ago,https://startupgoa.org/job/sunshell-digital-marketing-agency-porvorim-goa-full-time-social-media-manager/
IT HARDWARE ENGINEER,IDITRI Techno Solutions Pvt Ltd,Panjim,FULL-TIME,Posted 1 year ago,https://startupgoa.org/job/iditri-techno-solutions-pvt-ltd-02-ground-floor-sundial-nr-doordarshan-kendra-althino-panajim-goa-403001-full-time-it-hardware-engineer/
FLUTTER DEVELOPER,Anant Informedia Pvt. Ltd,Panjim,FULL-TIME,Posted 1 year ago,https://startupgoa.org/job/anant-informedia-pvt-ltd-goa-full-time-flutter-developer-3/
CONTENT WRITER FOR INTERNSHIP,Kcorp Tax,Other,INTERNSHIP,Posted 1 year ago,https://startupgoa.org/job/kcorp-tax-work-from-home-internship-content-writer-for-internship/
SALES INTERN,Sushboard,Panjim,FREELANCE,Posted 1 year ago,https://startupgoa.org/job/sushboard-panaji-margao-ponda-vasco-mapusa-freelance-internship-part-time-sales-intern/
HR EXECUTIVE,Anant Informedia Pvt. Ltd,Panjim,FULL-TIME,Posted 1 year ago,https://startupgoa.org/job/anant-informedia-pvt-ltd-goa-full-time-hr-executive-4/
HR EXECUTIVE,Anant Informedia Pvt. Ltd,Panjim,FULL-TIME,Posted 1 year ago,https://startupgoa.org/job/anant-informedia-pvt-ltd-goa-full-time-hr-executive-3/
HR EXECUTIVE,Anant Informedia Pvt. Ltd,Panjim,FULL-TIME,Posted 1 year ago,https://startupgoa.org/job/anant-informedia-pvt-ltd-goa-full-time-hr-executive-2/
CONTENT WRITER,Anaad Worldwide,Other,INTERNSHIP,Posted 1 year ago,https://startupgoa.org/job/anaad-worldwide-new-delhi-internship-content-writer/
SALES ASSISTANT,Smart Koncepts,Porvorim,FULL-TIME,Posted 1 year ago,https://startupgoa.org/job/smart-koncepts-porvorim-full-time-sales-assistant/
P.E. TEACHER,El Shaddai Charitable Trust,Mapusa,FULL-TIME,Posted 1 year ago,https://startupgoa.org/job/el-shaddai-charitable-trust-assagaon-full-time-p-e-teacher/
HEAVY LICENSED DRIVER,El Shaddai Charitable Trust,Mapusa,FULL-TIME,Posted 1 year ago,https://startupgoa.org/job/el-shaddai-charitable-trust-india-full-time-heavy-licensed-driver-2/
GRAPHICS / VIDEO EDITOR,El Shaddai Charitable Trust,Mapusa,FULL-TIME,Posted 1 year ago,https://startupgoa.org/job/el-shaddai-charitable-trust-assagaon-full-time-graphics-video-editor/
FLUTTER DEVELOPER,FabCoders,Panjim,FULL-TIME,Posted 1 year ago,https://startupgoa.org/job/fabcoders-full-time-part-time-flutter-developer/
WORDPRESS DEVELOPER,FabCoders,Panjim,FULL-TIME,Posted 1 year ago,https://startupgoa.org/job/fabcoders-full-time-wordpress-developer-2/
FLUTTER DEVELOPER,Dreamlogic Infosystems,Panjim,FULL-TIME,Posted 1 year ago,https://startupgoa.org/job/dreamlogic-infosystems-goa-india-full-time-flutter-developer/
SOFTWARE TESTER,Dreamlogic Digital Services,Panjim,FULL-TIME,Posted 1 year ago,https://startupgoa.org/job/dreamlogic-digital-services-goa-india-full-time-software-tester/
ONE SIDE TAXI – ONEWAY AND CORPORATE TAXI IN MUMBAI,One Side Taxi - Oneway and Corporate Taxi in Mumbai,Verna,FULL-TIME,Posted 1 year ago,https://startupgoa.org/job/one-side-taxi-oneway-and-corporate-taxi-in-mumbai-full-time-one-side-taxi-oneway-and-corporate-taxi-in-mumbai/
COLLEGE INTERNSHIP FOR IT/ COMPUTER STUDENTS,Goa App,Panjim,INTERNSHIP,Posted 1 year ago,https://startupgoa.org/job/goa-app-panjim-work-from-home-internship-college-internship-for-it-computer-students/
"PROJECT MANAGER/PROJECT LEAD PYTHON, GOLANG, NODEJS & DEVPS",Location Bangalore,Other,FULL-TIME,Posted 1 year ago,https://startupgoa.org/job/location-bangalore-bangalore-full-time-project-manager-project-lead-python-golang-nodejs-devps/
SUPPLY CHAIN INTERN,Enigmasoft Technologies,Panjim,INTERNSHIP,Posted 1 year ago,https://startupgoa.org/job/enigmasoft-technologies-santa-inez-panjim-internship-supply-chain-intern/
MECHANICAL ENGINEER,Enigmasoft Technologies,Panjim,FULL-TIME,Posted 1 year ago,https://startupgoa.org/job/enigmasoft-technologies-goa-full-time-mechanical-engineer/
PROJECT TECHNICIAN,Enigmasoft Technologies,Panjim,FULL-TIME,Posted 1 year ago,https://startupgoa.org/job/enigmasoft-technologies-goa-full-time-project-technician/
DIGITAL ACCOUNT EXECUTIVE,Enigmasoft Technologies,Panjim,FULL-TIME,Posted 1 year ago,https://startupgoa.org/job/enigmasoft-technologies-santa-inez-panjim-full-time-digital-account-executive/
ELECTRONICS HARDWARE ENGINEER,Enigmasoft Technologies,Panjim,FULL-TIME,Posted 1 year ago,https://startupgoa.org/job/enigmasoft-technologies-santa-inez-panjim-full-time-electronics-hardware-engineer/
JUNIOR ARCHITECT,Enigmasoft Technologies,Panjim,FULL-TIME,Posted 1 year ago,https://startupgoa.org/job/enigmasoft-technologies-santa-inez-panjim-full-time-junior-architect/
ACCOUNTANT,Enigmasoft Technologies,Panjim,FULL-TIME,Posted 1 year ago,https://startupgoa.org/job/enigmasoft-technologies-santa-inez-panjim-full-time-accountant/
HR EXECUTIVE,Enigmasoft Technologies,Panjim,FULL-TIME,Posted 1 year ago,https://startupgoa.org/job/enigmasoft-technologies-santa-inez-panjim-full-time-hr-executive/
SENIOR ACCOUNT MANAGER (SALES & PROCUREMENT),Enigmasoft Technologies,Panjim,FULL-TIME,Posted 1 year ago,https://startupgoa.org/job/enigmasoft-technologies-santa-inez-panjim-full-time-senior-account-manager-sales-procurement/
RESEARCH & BUSINESS LEAD,Enigmasoft Technologies,Panjim,FULL-TIME,Posted 1 year ago,https://startupgoa.org/job/enigmasoft-technologies-santa-inez-panjim-full-time-research-business-lead/
AUTOMATION AND CONTROL ENGINEER,Enigmasoft Technologies,Panjim,FULL-TIME,Posted 1 year ago,https://startupgoa.org/job/enigmasoft-technologies-santa-inez-panjim-full-time-automation-and-control-engineer/
3D DESIGNER,Enigmasoft Technologies,Panjim,FULL-TIME,Posted 1 year ago,https://startupgoa.org/job/enigmasoft-technologies-santa-inez-panjim-full-time-3d-designer/
DIGITAL MARKETING – SEO EXECUTIVE,Kilowott Agency Pvt. Ltd.,Porvorim,FULL-TIME,Posted 1 year ago,https://startupgoa.org/job/kilowott-agency-pvt-ltd-porvorim-full-time-digital-marketing-seo-executive/
SOCIAL MEDIA EXECUTIVE,Fluid and Power Automations,Panjim,FULL-TIME,Posted 1 year ago,https://startupgoa.org/job/fluid-and-power-automations-goa-full-time-social-media-executive/
SOCIAL MEDIA MANAGER,Growth Gravy,Panjim,FULL-TIME,Posted 1 year ago,https://startupgoa.org/job/growth-gravy-goa-full-time-social-media-manager-4/
ACCOUNTS & OPERATIONS EXECUTIVE FOR AN E-COMMERCE COMPANY,fishermanshub.com,Mapusa,FULL-TIME,Posted 1 year ago,https://startupgoa.org/job/fishermanshub-com-mapusa-goa-india-full-time-accounts-operations-executive-for-an-e-commerce-company/
REAL ESTATE,Acasa,Other,INTERNSHIP,Posted 1 year ago,https://startupgoa.org/job/acasa-dubai-internship-real-estate/
RETAIL STORE – SALES PERSONNEL,Zion HR Consultancy,Panjim,FULL-TIME,Posted 1 year ago,https://startupgoa.org/job/zion-hr-consultancy-goa-full-time-operations-executive-contract-loading-2/
SOFTWARE DEVELOPER – ANGULAR,Zion HR Consultancy,Panjim,FULL-TIME,Posted 1 year ago,https://startupgoa.org/job/zion-hr-consultancy-goa-full-time-software-developer-angular/
OPERATIONS EXECUTIVE – CONTRACT LOADING,Zion HR Consultancy,Panjim,FULL-TIME,Posted 1 year ago,https://startupgoa.org/job/zion-hr-consultancy-goa-full-time-operations-executive-contract-loading/
OPERATIONS EXECUTIVE – CHAT,Zion HR Consultancy,Panjim,FULL-TIME,Posted 1 year ago,https://startupgoa.org/job/zion-hr-consultancy-goa-full-time-operations-executive-chat/
TICKETING EXECUTIVE,Zion HR Consultancy,Panjim,FULL-TIME,Posted 1 year ago,https://startupgoa.org/job/zion-hr-consultancy-goa-full-time-ticketing-executive/
MARKETING ASSISTANT,Zion HR Consultancy,Porvorim,FULL-TIME,Posted 1 year ago,https://startupgoa.org/job/zion-hr-consultancy-goa-full-time-marketing-assistant-2/
LOOKING FOR FINAL YEAR INTERNS IN ACCOUNTS & OPERATIONS FOR AN E COMMERCE COMPANY,fishermanshub.com,Mapusa,INTERNSHIP,Posted 1 year ago,https://startupgoa.org/job/fishermanshub-com-mapusa-goa-india-internship-looking-for-final-year-interns-in-various-positions-for-an-e-commerce-company-3/
LOOKING FOR FINAL YEAR INTERNS IN OPERATIONS & WAREHOUSE MANAGEMENT FOR AN E COMMERCE COMPANY,fishermanshub.com,Mapusa,INTERNSHIP,Posted 1 year ago,https://startupgoa.org/job/fishermanshub-com-mapusa-goa-india-internship-looking-for-final-year-interns-in-various-positions-for-an-e-commerce-company-2/
LOOKING FOR FINAL YEAR INTERNS IN DIGITAL MARKETING POSITIONS FOR AN E COMMERCE COMPANY,fishermanshub.com,Mapusa,INTERNSHIP,Posted 1 year ago,https://startupgoa.org/job/fishermanshub-com-mapusa-goa-india-internship-looking-for-final-year-interns-in-various-positions-for-an-e-commerce-company/
C# – WPF DEVELOPER,Reliable Software,Margao,FULL-TIME,Posted 1 year ago,https://startupgoa.org/job/reliable-software-margao-full-time-c-wpf-developer/
CUSTOMER SUPPORT ENGINEER,Reliable Software,Margao,FULL-TIME,Posted 1 year ago,https://startupgoa.org/job/reliable-software-margao-full-time-customer-support-engineer/
BUSINESS DEVELOPMENT EXECUTIVE,MAGAS Services,Verna,FULL-TIME,Posted 1 year ago,https://startupgoa.org/job/magas-services-goa-full-time-business-development-executive/
SYSTEM ADMINISTRATOR,Anant Informedia Pvt. Ltd,Panjim,FULL-TIME,Posted 1 year ago,https://startupgoa.org/job/anant-informedia-pvt-ltd-goa-full-time-system-administrator-7/
LINUX SERVER ADMINISTRATOR/ TRAINEE LINUX SERVER ADMINISTRATOR,Anant Informedia Pvt. Ltd,Panjim,FULL-TIME,Posted 1 year ago,https://startupgoa.org/job/anant-informedia-pvt-ltd-goa-full-time-linux-server-administrator-trainee-linux-server-administrator-6/
REACT / REACT NATIVE DEVELOPER,Spaciee Solutions,Margao,FULL-TIME,Posted 1 year ago,https://startupgoa.org/job/spaciee-solutions-full-time-react-native-developer-work-from-home/
LINUX SERVER ADMINISTRATOR/ TRAINEE LINUX SERVER ADMINISTRATOR,Anant Informedia Pvt. Ltd,Panjim,FULL-TIME,Posted 1 year ago,https://startupgoa.org/job/anant-informedia-pvt-ltd-goa-full-time-linux-server-administrator-trainee-linux-server-administrator-5/
GAMING DEVELOPER,Axzora PVT LTD,Porvorim,FULL-TIME,Posted 1 year ago,https://startupgoa.org/job/axzora-pvt-ltd-goa-full-time-gaming-developer/
LINUX SERVER ADMINISTRATOR/ TRAINEE LINUX SERVER ADMINISTRATOR,Anant Informedia Pvt. Ltd,Panjim,FULL-TIME,Posted 1 year ago,https://startupgoa.org/job/anant-informedia-pvt-ltd-goa-full-time-linux-server-administrator-trainee-linux-server-administrator-4/
VIDEO EDITOR,Dreamlogic Digital Services,Panjim,FULL-TIME,Posted 1 year ago,https://startupgoa.org/job/dreamlogic-digital-services-goa-full-time-video-editor/
GOOGLE & META ADS MANAGER,Dreamlogic Digital Services,Panjim,FULL-TIME,Posted 1 year ago,https://startupgoa.org/job/dreamlogic-digital-services-goa-full-time-google-meta-ads-manager/
UI / UX DESIGNER,Dreamlogic Digital Services,Panjim,FULL-TIME,Posted 1 year ago,https://startupgoa.org/job/dreamlogic-digital-services-goa-full-time-ui-ux-designer-2/
SEO EXECUTIVE / TEAM LEAD,Goa App,Panjim,FULL-TIME,Posted 1 year ago,https://startupgoa.org/job/goa-app-full-time-seo-executive-team-lead/
SOCIAL MEDIA MANAGER,Dreamlogic Digital Services,Panjim,FULL-TIME,Posted 1 year ago,https://startupgoa.org/job/dreamlogic-digital-services-goa-full-time-social-media-manager/
CONTENT CREATOR,Dreamlogic Infosystems,Panjim,FULL-TIME,Posted 1 year ago,https://startupgoa.org/job/dreamlogic-infosystems-goa-full-time-content-creator/
ACCOUNT ASSISTANT,APS Water Industries,Panjim,FULL-TIME,Posted 1 year ago,https://startupgoa.org/job/aps-water-industries-full-time-account-assistant/
PHOTOGRAPHER / VIDEO EDITOR,CITIHOMES Realty,Porvorim,FULL-TIME,Posted 1 year ago,https://startupgoa.org/job/citihomes-realty-goa-full-time-photographer-video-editor/
MARKETING INTERN,Sun360,Vasco,INTERNSHIP,Posted 1 year ago,https://startupgoa.org/job/sun360-south-goa-internship-purchase-intern/
PHOTOGRAPHER / VIDEO EDITOR,Sunshell Digital Marketing Agency,Porvorim,FULL-TIME,Posted 1 year ago,https://startupgoa.org/job/sunshell-digital-marketing-agency-porvorim-goa-full-time-photographer-video-editor/
IT TECH SUPPORT,Jobs for Goan,Porvorim,FULL-TIME,Posted 1 year ago,https://startupgoa.org/job/jobs-for-goan-porvorim-full-time-it-tech-support/
RETAIL STORE EXECUTIVE,Jobs for Goan,Porvorim,FULL-TIME,Posted 1 year ago,https://startupgoa.org/job/jobs-for-goan-porvorim-full-time-retail-store-executive/
SALES / BUSINESS DEVELOPMENT – WEDDING OR EVENTS,Jobs for Goan,Other,FULL-TIME,Posted 1 year ago,https://startupgoa.org/job/jobs-for-goan-goa-full-time-sales-business-development-wedding-or-events/
WEDDING PLANNER,Jobs for Goan,Other,FULL-TIME,Posted 1 year ago,https://startupgoa.org/job/jobs-for-goan-goa-full-time-wedding-planner-2/
QUALITY ANALYST – TEAM LEADER (BPO),Jobs for Goan,Panjim,FULL-TIME,Posted 1 year ago,https://startupgoa.org/job/jobs-for-goan-panjim-full-time-quality-analyst-team-leader-bpo/
TECHNICAL IT TRAINER,Jobs for Goan,Porvorim,FULL-TIME,Posted 1 year ago,https://startupgoa.org/job/jobs-for-goan-porvorim-full-time-technical-it-trainer/
BUSINESS ALAYST,Jobs for Goan,Panjim,FULL-TIME,Posted 1 year ago,https://startupgoa.org/job/jobs-for-goan-panjim-full-time-business-alayst/
LINUX SERVER ADMINISTRATOR/ TRAINEE LINUX SERVER ADMINISTRATOR,Anant Informedia Pvt. Ltd,Panjim,FULL-TIME,Posted 1 year ago,https://startupgoa.org/job/anant-informedia-pvt-ltd-goa-full-time-linux-server-administrator-trainee-linux-server-administrator-3/
SYSTEM ADMINISTRATOR,Anant Informedia Pvt. Ltd,Panjim,FULL-TIME,Posted 1 year ago,https://startupgoa.org/job/anant-informedia-pvt-ltd-goa-full-time-system-administrator-6/
DIGITAL MARKETING EXECUTIVE,Blurb,Mapusa,FULL-TIME,Posted 1 year ago,https://startupgoa.org/job/blurb-parra-full-time-digital-marketing-executive/
LINUX SYSTEM CLOUD ENGINEER,Ryel Projects,Panjim,FULL-TIME,Posted 1 year ago,https://startupgoa.org/job/ryel-projects-panjim-goa-full-time-linux-system-cloud-engineer/
SERVICE & DELIVERY TECHNICIAN,Lawande Power Rentals,Porvorim,FULL-TIME,Posted 1 year ago,https://startupgoa.org/job/lawande-power-rentals-goa-full-time-service-delivery-technician/
FRONTEND DEVELOPER,Dreamlogic Infosystems,Panjim,FULL-TIME,Posted 1 year ago,https://startupgoa.org/job/dreamlogic-infosystems-goa-full-time-frontend-developer/
WEB DEVELOPER,Expogroup,Porvorim,FULL-TIME,Posted 1 year ago,https://startupgoa.org/job/expogroup-porvorim-north-goa-full-time-web-developer/
QA TESTER,Code Runner Software Pvt. Ltd.,Panjim,FULL-TIME,Posted 1 year ago,https://startupgoa.org/job/code-runner-software-pvt-ltd-goa-full-time-qa-tester/
REACT JS DEVELOPER,Code Runner Software Pvt. Ltd.,Panjim,FULL-TIME,Posted 1 year ago,https://startupgoa.org/job/code-runner-software-pvt-ltd-panjim-goa-full-time-react-js-developer/
ADMINISTRATIVE ASSISTANT,MATRIX PHARMA,Panjim,FULL-TIME,Posted 1 year ago,https://startupgoa.org/job/matrix-pharma-taleigao-goa-full-time-administrative-assistant/
AREA SALES MANAGER,Blits Hospitality Inc.,Panjim,FULL-TIME,Posted 1 year ago,https://startupgoa.org/job/blits-hospitality-inc-goa-full-time-area-sales-manager/
ART INTERN,Hypercube Technologies,Panjim,INTERNSHIP,Posted 1 year ago,https://startupgoa.org/job/hypercube-technologies-panjim-internship-art-intern/
SOCIAL MEDIA EXECUTIVE,Hypercube Technologies,Panjim,FULL-TIME,Posted 1 year ago,https://startupgoa.org/job/hypercube-technologies-full-time-social-media-executive/
GO 4 LEGAL,Go4 Legal,Verna,FULL-TIME,Posted 1 year ago,https://startupgoa.org/job/go4-legal-india-full-time-go-4-legal/
BUSINESS DEVELOPMENT MANAGER,Renevik Solar,Panjim,FULL-TIME,Posted 1 year ago,https://startupgoa.org/job/renevik-solar-panjim-full-time-business-development-manager/
EXECUTIVE ASSISTANT,Renevik Solar,Panjim,FULL-TIME,Posted 1 year ago,https://startupgoa.org/job/renevik-solar-goa-panjim-full-time-executive-assistant/
EZ CELEBRATION,Ez Celebration,Other,FULL-TIME,Posted 1 year ago,https://startupgoa.org/job/ez-celebration-india-full-time-ez-celebration/
TRANSLATOR,Knowledgeworks Innovative Linguistic Solutions,Other,FULL-TIME,Posted 2 years ago,https://startupgoa.org/job/knowledgeworks-innovative-linguistic-solutions-full-time-translator/
BUSINESS DEVELOPMENT EXECUTIVE,Kilowott Agency Pvt. Ltd.,Porvorim,FULL-TIME,Posted 2 years ago,https://startupgoa.org/job/kilowott-agency-pvt-ltd-porvorim-goa-full-time-business-development-executive/
SALES – SUPPORT EXECUTIVE,Kilowott Agency Pvt. Ltd.,Porvorim,FULL-TIME,Posted 2 years ago,https://startupgoa.org/job/kilowott-agency-pvt-ltd-porvorim-goa-full-time-sales-support-executive/
OFFICE ASSISTANT,Kilowott Agency Pvt. Ltd.,Porvorim,FULL-TIME,Posted 2 years ago,https://startupgoa.org/job/kilowott-agency-pvt-ltd-porvorim-goa-full-time-office-assistant/
BACK OFFICE EXECUTIVE – OPERATIONS DEPARTMENT,Jobs for Goan,Panjim,FULL-TIME,Posted 2 years ago,https://startupgoa.org/job/jobs-for-goan-st-inez-near-caculo-mall-full-time-back-office-executive-operations-department/
SOFTWARE ENGINEER II,Latency,Margao,FULL-TIME,Posted 2 years ago,https://startupgoa.org/job/latency-goa-full-time-software-engineer-ii/
CHEF FOR A CAFE / ICE CREAM PARLOUR,Restaurant Brands,Panjim,FULL-TIME,Posted 2 years ago,https://startupgoa.org/job/restaurant-brands-miramar-full-time-chef-for-a-cafe-ice-cream-parlour/
SENIOR PHP DEVELOPER,Kilowott Agency Pvt. Ltd.,Porvorim,FULL-TIME,Posted 2 years ago,https://startupgoa.org/job/kilowott-agency-pvt-ltd-porvorim-goa-full-time-senior-php-developer/
IT INFRASTRUCTURE ENGINEER,Kilowott Agency Pvt. Ltd.,Porvorim,FULL-TIME,Posted 2 years ago,https://startupgoa.org/job/kilowott-agency-pvt-ltd-porvorim-goa-full-time-it-infrastructure-engineer/
ACCOUNTANT,Green Gate Infotech Pvt ltd,Porvorim,FULL-TIME,Posted 2 years ago,https://startupgoa.org/job/green-gate-infotech-pvt-ltd-salvador-do-mundo-porvorim-full-time-accountant/
BUSINESS INTERN,WHN NEXT,Margao,INTERNSHIP,Posted 2 years ago,https://startupgoa.org/job/whn-next-internship-business-intern/
EVENTS TECH ASSOCIATE,WHN NEXT (Photobooth Goa),Mapusa,FULL-TIME,Posted 2 years ago,https://startupgoa.org/job/whn-next-photobooth-goa-goa-full-time-events-tech-associate/
BUSINESS DEVELOPMENT ASSOCIATE (NORTH & SOUTH GOA),WHN NEXT (WeddingsdeGoa),Panjim,FULL-TIME,Posted 2 years ago,https://startupgoa.org/job/whn-next-weddingsdegoa-goa-full-time-business-development-associate-north-south-goa/
NODE JS. DEVELOPER,Code Runner Software Pvt. Ltd.,Panjim,FULL-TIME,Posted 2 years ago,https://startupgoa.org/job/code-runner-software-pvt-ltd-goa-full-time-node-js-developer/
SENIOR FRONT-END ENGINEER,StealthAI,Panjim,FULL-TIME,Posted 2 years ago,https://startupgoa.org/job/stealthai-full-time-senior-front-end-engineer/
SENIOR SOFTWARE ENGINEER,StealthAI,Panjim,FULL-TIME,Posted 2 years ago,https://startupgoa.org/job/stealthai-goa-full-time-senior-software-engineer/
ARCHITECT/ARCHITECTURAL DRAFTER,Ashray Developers,Anjuna,FULL-TIME,Posted 2 years ago,https://startupgoa.org/job/ashray-developers-goa-full-time-architect-architectural-drafter/
SITE ENGINEER – CIVIL,Ashray Developers,Anjuna,FULL-TIME,Posted 2 years ago,https://startupgoa.org/job/ashray-developers-anjuna-goa-full-time-site-engineer-civil/
REACT.JS / REACT.NATIVE / APP DEVELOPER / FRONTEND DEVELOPER,Recurziv,Panjim,FULL-TIME,Posted 2 years ago,https://startupgoa.org/job/recurziv-shankarwadi-taliegao-panaji-full-time-react-js-react-native-app-developer-frontend-developer/
INTERN – SALES & MARKETING,Blits Homeofarm Telemedicines (OPC) Pvt Ltd,Vasco,INTERNSHIP,Posted 2 years ago,https://startupgoa.org/job/blits-homeofarm-telemedicines-opc-pvt-ltd-goa-internship-intern-sales-marketing/
DIGITAL MARKETING – FRESHER,Jobs for Goan,Saligao,FULL-TIME,Posted 2 years ago,https://startupgoa.org/job/jobs-for-goan-saligao-full-time-digital-marketing-fresher/
INTERIOR DESGINER,Jobs for Goan,Panjim,FULL-TIME,Posted 2 years ago,https://startupgoa.org/job/jobs-for-goan-patto-full-time-interior-desginer/
DESIGN – MECHANICAL ENGINEER,Jobs for Goan,Panjim,FULL-TIME,Posted 2 years ago,https://startupgoa.org/job/jobs-for-goan-st-inez-full-time-design-mechanical-engineer/
HUMAN RESOURCES AND ADMINISTRATION MANAGER,Jobs for Goan,Panjim,FULL-TIME,Posted 2 years ago,https://startupgoa.org/job/jobs-for-goan-st-inez-full-time-human-resources-and-administration-manager/
JUNIOR PROCUREMENT OFFICER,Jobs for Goan,Panjim,FULL-TIME,Posted 2 years ago,https://startupgoa.org/job/jobs-for-goan-st-inez-full-time-junior-procurement-officer/
SUPPLY CHAIN EXECUTIVE,Jobs for Goan,Pilerne,FULL-TIME,Posted 2 years ago,https://startupgoa.org/job/jobs-for-goan-pilerne-full-time-supply-chain-executive/
TELECALLER,Golden Entertainment,Panjim,FULL-TIME,Posted 2 years ago,https://startupgoa.org/job/golden-entertainment-goa-full-time-telecaller/
DRIVER,Golden Entertainment,Panjim,FULL-TIME,Posted 2 years ago,https://startupgoa.org/job/golden-entertainment-goa-full-time-driver/
WORK FROM HOME,Golden Entertainment,Other,FULL-TIME,Posted 2 years ago,https://startupgoa.org/job/golden-entertainment-goa-full-time-work-from-home/
FREELANCE AGENT,Golden Entertainment,Panjim,FREELANCE,Posted 2 years ago,https://startupgoa.org/job/golden-entertainment-goa-srilanka-freelance-freelance-agent/
CASINO GAMING BUSINESS DEVELOPMENT MANAGER,Golden Entertainment,Panjim,FULL-TIME,Posted 2 years ago,https://startupgoa.org/job/golden-entertainment-goa-full-time-casino-gaming-business-development-manager/
CASINO GAMING MARETING MANAGER,Golden Entertainment,Panjim,FULL-TIME,Posted 2 years ago,https://startupgoa.org/job/golden-entertainment-goa-full-time-casino-gaming-mareting-manager/
INDIAN FLUSH BUSINESS DEVELOPMENT MANAGER,Golden Entertainment,Panjim,FULL-TIME,Posted 2 years ago,https://startupgoa.org/job/golden-entertainment-goa-full-time-indian-flush-business-development-manager/
INDIAN FLUSH MARKETING MANAGER,Golden Entertainment,Panjim,FULL-TIME,Posted 2 years ago,https://startupgoa.org/job/golden-entertainment-goa-full-time-indian-flush-marketing-manager/
MARKETING PUBLIC RELATIONS SPECIALIST,Kilowott Agency Pvt Ltd,Porvorim,FULL-TIME,Posted 2 years ago,https://startupgoa.org/job/kilowott-agency-pvt-ltd-porvorim-goa-full-time-marketing-public-relations-specialist/
BUSINESS DEVELOPMENT EXECUTIVE,Kilowott Agency Pvt Ltd,Porvorim,FULL-TIME,Posted 2 years ago,https://startupgoa.org/job/kilowott-agency-pvt-ltd-goa-full-time-business-development-executive/
HOUSE KEEPING EXECUTIVE,"Byke, Old Anchor",Other,FULL-TIME,Posted 2 years ago,https://startupgoa.org/job/byke-old-anchor-india-full-time-house-keeping-executive/
FRONT OFFICE,"Byke, Old Anchor",Other,FULL-TIME,Posted 2 years ago,https://startupgoa.org/job/byke-old-anchor-india-full-time-front-office/
SALES MANAGER,Sun360,Panjim,FULL-TIME,Posted 2 years ago,https://startupgoa.org/job/sun360-goa-full-time-sales-manager/
CUSTOMER RELATIONSHIP EXECUTIVE,Anant Informedia Pvt. Ltd,Panjim,FULL-TIME,Posted 2 years ago,https://startupgoa.org/job/anant-informedia-pvt-ltd-goa-full-time-customer-relationship-executive-9/
CUSTOMER SUPPORT ASSOCIATE,Anant Informedia Pvt. Ltd,Panjim,FULL-TIME,Posted 2 years ago,https://startupgoa.org/job/anant-informedia-pvt-ltd-goa-full-time-customer-support-associate-6/
DELIVERY EXECUTIVE,Flipkart,Other,FULL-TIME,Posted 2 years ago,https://startupgoa.org/job/flipkart-madgoan-zuvarinagar-sankval-kolval-badez-full-time-delivery-executive/
GRAPHIC DESIGNER,Opposite,Panjim,FULL-TIME,Posted 2 years ago,https://startupgoa.org/job/opposite-panjim-full-time-graphic-designer/
BUSINESS DEVELOPMENT EXECUTIVE,Rubiq Solutions Pvt. Ltd.,Panjim,FULL-TIME,Posted 2 years ago,https://startupgoa.org/job/rubiq-solutions-pvt-ltd-panjim-goa-full-time-business-development-executive/
SEO EXECUTIVE,Rubiq Solutions Pvt. Ltd.,Panjim,FULL-TIME,Posted 2 years ago,https://startupgoa.org/job/rubiq-solutions-pvt-ltd-panjim-goa-full-time-seo-executive/
GRAPHIC DESIGNER,Rubiq Solutions Pvt. Ltd.,Panjim,FULL-TIME,Posted 2 years ago,https://startupgoa.org/job/rubiq-solutions-pvt-ltd-panjim-goa-full-time-graphic-designer-3/
CUSTOMER SUPPORT EXECUTIVE,Rubiq Solutions Pvt. Ltd.,Panjim,FULL-TIME,Posted 2 years ago,https://startupgoa.org/job/rubiq-solutions-pvt-ltd-panjim-goa-full-time-customer-support-executive/
COPYWRITER,Synapse,Panjim,FULL-TIME,Posted 2 years ago,https://startupgoa.org/job/synapse-panaji-goa-full-time-copywriter/
OFFICE BOY + HOUSEKEEPING,Opposite,Panjim,FULL-TIME,Posted 2 years ago,https://startupgoa.org/job/opposite-panjim-full-time-office-boy-housekeeping/
SOCIAL MEDIA MANAGER,Sunshell Digital Marketing Agency,Porvorim,FULL-TIME,Posted 2 years ago,https://startupgoa.org/job/sunshell-digital-marketing-agency-porvorim-full-time-social-media-manager/
EVENT OPERATION EXECUTIVE,Mindful Planner - Panoramic Experience Private Limited,Porvorim,FULL-TIME,Posted 2 years ago,https://startupgoa.org/job/mindful-planner-panoramic-experience-private-limited-goa-full-time-event-operation-executive/
GRAPHIC DESIGNER,Mindful Planner - Panoramic Experience Private Limited,Porvorim,FULL-TIME,Posted 2 years ago,https://startupgoa.org/job/mindful-planner-panoramic-experience-private-limited-goa-full-time-graphic-designer/
SALES EXECUTIVE,Mindful Planner - Panoramic Experience Private Limited,Porvorim,FULL-TIME,Posted 2 years ago,https://startupgoa.org/job/mindful-planner-panoramic-experience-private-limited-goa-full-time-sales-executive/
FULL STACK DEVELOPER (NESTJS AND VUE),Octalogic Tech,Panjim,FULL-TIME,Posted 2 years ago,https://startupgoa.org/job/octalogic-tech-full-time-full-stack-developer-nestjs-and-vue/
FULL STACK DEVELOPER (NODE.JS AND REACT),Octalogic Tech,Panjim,FULL-TIME,Posted 2 years ago,https://startupgoa.org/job/octalogic-tech-full-time-full-stack-developer-node-js-and-react/
DIGITAL MARKETING EXECUTIVE,Window Shop Goa,Other,FULL-TIME,Posted 2 years ago,https://startupgoa.org/job/window-shop-goa-goa-full-time-digital-marketing-executive/
DIGITAL MARKETING EXECUTIVE,Magas,Other,FULL-TIME,Posted 2 years ago,https://startupgoa.org/job/magas-full-time-digital-marketing-executive/
FULL STACK DEVELOPER,Magas,Panjim,FULL-TIME,Posted 2 years ago,https://startupgoa.org/job/magas-full-time-full-stack-developer/
CNC/VMC OPERATOR,AGAABHI GLOBAL ENGINEERING,Other,FULL-TIME,Posted 2 years ago,https://startupgoa.org/job/agaabhi-global-engineering-goa-full-time-cof/
CUSTOMER SUPPORT ASSOCIATE,Anant Informedia Pvt. Ltd,Panjim,FULL-TIME,Posted 2 years ago,https://startupgoa.org/job/anant-informedia-pvt-ltd-goa-full-time-customer-support-associate-5/
CUSTOMER RELATIONSHIP EXECUTIVE,Anant Informedia Pvt. Ltd,Panjim,FULL-TIME,Posted 2 years ago,https://startupgoa.org/job/anant-informedia-pvt-ltd-goa-full-time-customer-relationship-executive-8/
SYSTEM ADMINISTRATOR,Anant Informedia Pvt. Ltd,Panjim,FULL-TIME,Posted 2 years ago,https://startupgoa.org/job/anant-informedia-pvt-ltd-goa-full-time-system-administrator-5/
EXECUTIVE – ADMIN,Buoyancy Consultants and Engineering LLP,Panjim,FULL-TIME,Posted 2 years ago,https://startupgoa.org/job/buoyancy-consultants-and-engineering-llp-goa-full-time-executive-admin-2/
ARCHITECT,Adreso,Porvorim,FULL-TIME,Posted 2 years ago,https://startupgoa.org/job/adreso-north-goa-full-time-architect/
PROCUREMENT ASSOCIATE,Adreso,Porvorim,FULL-TIME,Posted 2 years ago,https://startupgoa.org/job/adreso-north-goa-full-time-procurement-associate/
SERVICE DESK ANALYST,Adreso,Porvorim,FULL-TIME,Posted 2 years ago,https://startupgoa.org/job/adreso-north-goa-full-time-service-desk-analyst/
E-BILLING SPECIALIST,Adreso,Porvorim,FULL-TIME,Posted 2 years ago,https://startupgoa.org/job/adreso-panjim-full-time-e-billing-specialist/
OPERATIONS ARCHITECT,Adreso,Panjim,FULL-TIME,Posted 2 years ago,https://startupgoa.org/job/adreso-panjim-full-time-operations-architect/
SR. BUSINESS DEVELOPMENT EXECUTIVE,Adreso,Panjim,FULL-TIME,Posted 2 years ago,https://startupgoa.org/job/adreso-panjim-full-time-sr-business-development-executive/
SALES TEAM LEAD,Adreso,Margao,FULL-TIME,Posted 2 years ago,https://startupgoa.org/job/adreso-south-goa-full-time-sales-team-lead/
MARKETING TEAM LEAD,Adreso,Panjim,FULL-TIME,Posted 2 years ago,https://startupgoa.org/job/adreso-panjim-full-time-marketing-team-lead/
SERVICE DESK ANALYST,Zion HR Consultancy,Porvorim,FULL-TIME,Posted 2 years ago,https://startupgoa.org/job/zion-hr-consultancy-goa-full-time-service-desk-analyst-4/
EBILLING SPECIALIST/CUSTOMER SERVICE – US SHIFTS – ANY GRADUATE,Zion HR Consultancy,Porvorim,FULL-TIME,Posted 2 years ago,https://startupgoa.org/job/zion-hr-consultancy-goa-full-time-ebilling-specialist-customer-service-us-shifts-any-graduate-2/
PRODUCTION GRAPHICS,Discoveries Quintessential Pvt Ltd,Panjim,FULL-TIME,Posted 2 years ago,https://startupgoa.org/job/discoveries-quintessential-pvt-ltd-panjim-full-time-production-graphics/
ENGLISH DESK,Discoveries Quintessential Pvt Ltd,Panjim,FULL-TIME,Posted 2 years ago,https://startupgoa.org/job/discoveries-quintessential-pvt-ltd-full-time-english-desk/
VIDEO EDITOR,Discoveries Quintessential Pvt Ltd,Panjim,FULL-TIME,Posted 2 years ago,https://startupgoa.org/job/discoveries-quintessential-pvt-ltd-full-time-video-editor/
SOCIAL MEDIA EXECUTIVE,Discoveries Quintessential Pvt Ltd,Panjim,FULL-TIME,Posted 2 years ago,https://startupgoa.org/job/discoveries-quintessential-pvt-ltd-full-time-social-media-executive/
WORKS MANAGER,Discoveries Quintessential Pvt Ltd,Panjim,FULL-TIME,Posted 2 years ago,https://startupgoa.org/job/discoveries-quintessential-pvt-ltd-full-time-works-manager/
ASSISTANT WORKS MANAGER,Discoveries Quintessential Pvt Ltd,Panjim,FULL-TIME,Posted 2 years ago,https://startupgoa.org/job/discoveries-quintessential-pvt-ltd-full-time-assistant-works-manager/
RELATIONSHIP MANAGER,Discoveries Quintessential Pvt Ltd,Panjim,FULL-TIME,Posted 2 years ago,https://startupgoa.org/job/discoveries-quintessential-pvt-ltd-full-time-relationship-manager/
DRIVER,Discoveries Quintessential Pvt Ltd,Panjim,FULL-TIME,Posted 2 years ago,https://startupgoa.org/job/discoveries-quintessential-pvt-ltd-full-time-driver/
TECHNICIAN,Discoveries Quintessential Pvt Ltd,Panjim,FULL-TIME,Posted 2 years ago,https://startupgoa.org/job/discoveries-quintessential-pvt-ltd-full-time-technician/
CUSTOMER CARE EXECUTIVE,Discoveries Quintessential Pvt Ltd,Panjim,FULL-TIME,Posted 2 years ago,https://startupgoa.org/job/discoveries-quintessential-pvt-ltd-full-time-customer-care-executive/
SERVICE ADVISOR,Discoveries Quintessential Pvt Ltd,Panjim,FULL-TIME,Posted 2 years ago,https://startupgoa.org/job/discoveries-quintessential-pvt-ltd-panjim-full-time-service-advisor/
CUSTOMER SUPPORT ASSOCIATE,Anant Informedia Pvt. Ltd,Panjim,FULL-TIME,Posted 2 years ago,https://startupgoa.org/job/anant-informedia-pvt-ltd-goa-full-time-customer-support-associate/
CUSTOMER RELATIONSHIP EXECUTIVE,Anant Informedia Pvt. Ltd,Panjim,FULL-TIME,Posted 2 years ago,https://startupgoa.org/job/anant-informedia-pvt-ltd-goa-full-time-customer-relationship-executive-7/
SOFTWARE TECH SUPPORT EXECUTIVE,Cybercad Technologies,Ponda,FULL-TIME,Posted 2 years ago,https://startupgoa.org/job/cybercad-technologies-ponda-goa-full-time-software-tech-support-executive/
SOCIAL MEDIA MARKETING,Minus Equals Plus,Porvorim,FULL-TIME,Posted 2 years ago,https://startupgoa.org/job/minus-equals-plus-full-time-social-media-marketing/
BROKER-LUXURY RESIDENTIAL SALES,Jobs for Goan,Other,FULL-TIME,Posted 2 years ago,https://startupgoa.org/job/jobs-for-goan-goa-full-time-broker-luxury-residential-sales/
JUNIOR GRAPHIC DESIGNER,The Unmarketing Agency,Margao,FULL-TIME,Posted 2 years ago,https://startupgoa.org/job/the-unmarketing-agency-colva-full-time-junior-graphic-designer/
BRAND IDENTITY GRAPHIC DESIGNER,The Unmarketing Agency,Margao,FULL-TIME,Posted 2 years ago,https://startupgoa.org/job/the-unmarketing-agency-colva-full-time-brand-identity-graphic-designer/
CUSTOMER RELATIONSHIP EXECUTIVE,Anant Informedia Pvt. Ltd,Panjim,FULL-TIME,Posted 2 years ago,https://startupgoa.org/job/anant-informedia-pvt-ltd-goa-full-time-customer-relationship-executive-6/
DIGITAL MARKETING AND DATA ANALYTICS INTERN,fishermanshub.com,Mapusa,INTERNSHIP,Posted 2 years ago,https://startupgoa.org/job/fishermanshub-com-mapusa-goa-india-internship-digital-marketing-and-data-analytics-intern/
MARKETING ASSISTANT – FRESHER (ON-FIELD),Suraj Rajputamre,Panjim,FULL-TIME,Posted 2 years ago,https://startupgoa.org/job/suraj-rajputamre-across-goa-full-time-marketing-assistant-fresher-on-field/
OPERATIONS – BACK OFFICE,Jobs for Goan,Panjim,FULL-TIME,Posted 2 years ago,https://startupgoa.org/job/jobs-for-goan-st-inez-full-time-operations-back-office/
SOFTWARE SUPPORT EXECUTIVE/ SOFTWARE DEVELOPER,Anant Informedia Pvt. Ltd,Panjim,FULL-TIME,Posted 2 years ago,https://startupgoa.org/job/anant-informedia-pvt-ltd-goa-full-time-software-support-executive-software-developer-2/
LINUX SERVER ADMINISTRATOR/ TRAINEE LINUX SERVER ADMINISTRATOR,Anant Informedia Pvt. Ltd,Panjim,FULL-TIME,Posted 2 years ago,https://startupgoa.org/job/anant-informedia-pvt-ltd-goa-full-time-linux-server-administrator-trainee-linux-server-administrator-2/
SYSTEM ADMINISTRATOR,Anant Informedia Pvt. Ltd,Panjim,FULL-TIME,Posted 2 years ago,https://startupgoa.org/job/anant-informedia-pvt-ltd-goa-full-time-system-administrator-4/
GRAPHIC DESIGNER & VIDEO EDITOR,Deryl's Engineered Solutions And Services,Margao,FULL-TIME,Posted 2 years ago,https://startupgoa.org/job/deryls-engineered-solutions-and-services-india-full-time-graphic-designer-video-editor/
JR GRAPHIC DESIGNER & VIDEO EDITOR INTERN,Atarashi Productions,Panjim,FULL-TIME,Posted 2 years ago,https://startupgoa.org/job/atarashi-productions-panjim-full-time-jr-graphic-designer-video-editor-intern/
SOCIAL MEDIA CONTENT CREATOR,FlyingFish Scuba School,Calangute,FULL-TIME,Posted 2 years ago,https://startupgoa.org/job/flyingfish-scuba-school-bardez-full-time-social-media-content-creator/
DATA ENGINEER,Numadic,Panjim,FULL-TIME,Posted 2 years ago,https://startupgoa.org/job/numadic-goa-full-time-data-engineer/
FRONT OFFICE & ADMIN EXECUTIVE,Adreso,Pilerne,FULL-TIME,Posted 2 years ago,https://startupgoa.org/job/adreso-pilerne-full-time-front-office-admin-executive/
ACCOUNTS PAYABLE – BANKING EXECUTIVE,Adreso,Margao,FULL-TIME,Posted 2 years ago,https://startupgoa.org/job/adreso-south-goa-full-time-accounts-payable-banking-executive/
GENERAL MANAGER,Adreso,Verna,FULL-TIME,Posted 2 years ago,https://startupgoa.org/job/adreso-south-goa-full-time-general-manager/
SALES MANAGER – CAB SUPPLY DEMAND,Adreso,Panjim,FULL-TIME,Posted 2 years ago,https://startupgoa.org/job/adreso-north-goa-full-time-sales-manager-cab-supply-demand/
SALES MANAGER – HOSPITALITY,Adreso,Panjim,FULL-TIME,Posted 2 years ago,https://startupgoa.org/job/adreso-north-goa-full-time-sales-manager-hospitality/
TECHNICAL ASSISTANT (PROJECTS),Suraj Rajputamre,Panjim,FULL-TIME,Posted 2 years ago,https://startupgoa.org/job/suraj-rajputamre-panaji-full-time-technical-assistant-projects/
FINANCE: TAX: ACCOUNTS: BOOK KEEPING,Endure Technology Solutions Pvt. Ltd,Margao,FULL-TIME,Posted 2 years ago,https://startupgoa.org/job/endure-technology-solutions-pvt-ltd-full-time-finance-tax-accounts-book-keeping/
BACK OFFICE EXECUTIVE,Blits Logistics & Air Cargo Services,Panjim,FULL-TIME,Posted 2 years ago,https://startupgoa.org/job/blits-logistics-air-cargo-services-goa-full-time-back-office-executive/
MANAGER – OPERATIONS,Blits Logistics & Air Cargo Services,Panjim,FULL-TIME,Posted 2 years ago,https://startupgoa.org/job/blits-logistics-air-cargo-services-goa-full-time-manager-operations/
OPERATIONS EXECUTIVE (CHAT PROCESS),Jobs for Goan,Panjim,FULL-TIME,Posted 2 years ago,https://startupgoa.org/job/jobs-for-goan-goa-full-time-operations-executive-chat-process/
TICKETING EXECUTIVE – OPERATONS,Jobs for Goan,Panjim,FULL-TIME,Posted 2 years ago,https://startupgoa.org/job/jobs-for-goan-goa-full-time-ticketing-executive-operatons/
IT RECRUITER : TECHNICAL STAFFING : TALENT ACQUISITION : TALENT SCOUT,Endure Technology Solutions Pvt. Ltd,Margao,FULL-TIME,Posted 2 years ago,https://startupgoa.org/job/endure-technology-solutions-pvt-ltd-margao-full-time-it-recruiter-technical-staffing-talent-acquisition-talent-scout/
SALES HEAD,GOAMILES,Panjim,FULL-TIME,Posted 2 years ago,https://startupgoa.org/job/goamiles-goa-full-time-sales-head/
SOLAR SALES ENGINEER,Sun360,Panjim,FULL-TIME,Posted 2 years ago,https://startupgoa.org/job/sun360-india-full-time-solar-sales-engineer/
SENIOR OPERATIONS MANAGER,Jobs for Goan,Panjim,FULL-TIME,Posted 2 years ago,https://startupgoa.org/job/jobs-for-goan-goa-full-time-senior-operations-manager/
SYSTEM ADMINISTRATOR,Anant Informedia Pvt. Ltd,Panjim,FULL-TIME,Posted 2 years ago,https://startupgoa.org/job/anant-informedia-pvt-ltd-goa-full-time-system-administrator-3/
SR. TECHNICAL ARCHITECT,Jobs for Goan,Panjim,FULL-TIME,Posted 2 years ago,https://startupgoa.org/job/jobs-for-goan-goa-full-time-sr-technical-architect/
TECHNICAL ARCHITECT,Jobs for Goan,Panjim,FULL-TIME,Posted 2 years ago,https://startupgoa.org/job/jobs-for-goan-goa-full-time-technical-architect/
TECHNICAL PROJECT MANAGER,Jobs for Goan,Panjim,FULL-TIME,Posted 2 years ago,https://startupgoa.org/job/jobs-for-goan-goa-full-time-technical-project-manager/
LEAD DEVELOPER – C# AND .NET FRAMEWORK,Jobs for Goan,Panjim,FULL-TIME,Posted 2 years ago,https://startupgoa.org/job/jobs-for-goan-goa-full-time-lead-developer-c-and-net-framework/
TECHNICAL TRAINER,Jobs for Goan,Panjim,FULL-TIME,Posted 2 years ago,https://startupgoa.org/job/jobs-for-goan-goa-full-time-technical-trainer/
SENIOR MANAGER QUALITY AND TRAINING,Jobs for Goan,Panjim,FULL-TIME,Posted 2 years ago,https://startupgoa.org/job/jobs-for-goan-goa-full-time-senior-manager-quality-and-training/
CUSTOMER SUPPORT MANAGER,Jobs for Goan,Panjim,FULL-TIME,Posted 2 years ago,https://startupgoa.org/job/jobs-for-goan-goa-full-time-customer-support-manager/
CHIEF FINANCIAL OFFICER – IRON ORE,Jobs for Goan,Other,FULL-TIME,Posted 2 years ago,https://startupgoa.org/job/jobs-for-goan-goa-full-time-chief-financial-officer-iron-ore/
HEAD MINING OPERATIONS,Jobs for Goan,Other,FULL-TIME,Posted 2 years ago,https://startupgoa.org/job/jobs-for-goan-goa-full-time-head-mining-operations/
CHIEF MARKETING OFFICER – IRON ORE,Jobs for Goan,Other,FULL-TIME,Posted 2 years ago,https://startupgoa.org/job/jobs-for-goan-goa-full-time-chief-marketing-officer-iron-ore/
GRAPHIC DESIGNER (WFO),Rubiq Solutions Pvt. Ltd.,Panjim,FULL-TIME,Posted 2 years ago,https://startupgoa.org/job/rubiq-solutions-pvt-ltd-panaji-full-time-graphic-designer-wfo/
TELE CALLER,Jobs for Goan,Panjim,FULL-TIME,Posted 2 years ago,https://startupgoa.org/job/jobs-for-goan-panjim-full-time-tele-caller/
SR. ACCOUNTANT,Jobs for Goan,Panjim,FULL-TIME,Posted 2 years ago,https://startupgoa.org/job/jobs-for-goan-panjim-full-time-sr-accountant/
PROCUREMENT EXECUTIVE,Jobs for Goan,Pilerne,FULL-TIME,Posted 2 years ago,https://startupgoa.org/job/jobs-for-goan-pilerne-industrial-estate-full-time-procurement-executive/
ACCOUNTANT,Jobs for Goan,Porvorim,FULL-TIME,Posted 2 years ago,https://startupgoa.org/job/jobs-for-goan-porvorim-full-time-accountant/
EXECUTIVE ASSISTANT TO DIRECTOR OF OPERATIONS,Jobs for Goan,Other,FULL-TIME,Posted 2 years ago,https://startupgoa.org/job/jobs-for-goan-cavelosim-full-time-executive-assistant-to-director-of-operations/
CITY SALES LEAD – SALES/BUSINESS DEVELOPMENT (WEDDING INDUSTRY),Jobs for Goan,Other,FULL-TIME,Posted 2 years ago,https://startupgoa.org/job/jobs-for-goan-goa-full-time-city-sales-lead-sales-business-development-wedding-industry/
LEAD – WEDDING PLANNER,Jobs for Goan,Other,FULL-TIME,Posted 2 years ago,https://startupgoa.org/job/jobs-for-goan-goa-full-time-lead-wedding-planner/
FRONTEND DEVELOPER (REMOTE),Octalogic Tech,Panjim,FULL-TIME,Posted 2 years ago,https://startupgoa.org/job/octalogic-tech-panjim-full-time-frontend-developer-remote-2/
FULLSTACK WEB DEVELOPER (REMOTE),Octalogic Tech,Panjim,FULL-TIME,Posted 2 years ago,https://startupgoa.org/job/octalogic-tech-panjim-full-time-fullstack-web-developer-remote-2/
PHP OR WORDPRESS CMS DESIGNER/ DEVELOPER,VEGA ECOMMERCE PTY LTD,Margao,FREELANCE,Posted 2 years ago,https://startupgoa.org/job/vega-ecommerce-pty-ltd-freelancers-freelance-internship-part-time-php-or-wordpress-cms-designer-developer/
.NET DEVELOPER,Kilowott,Porvorim,FULL-TIME,Posted 2 years ago,https://startupgoa.org/job/kilowott-india-full-time-net-developer-2/
ACCOUNTS EXECUTIVE,Kilowott,Porvorim,FULL-TIME,Posted 2 years ago,https://startupgoa.org/job/kilowott-goa-full-time-accounts-executive-2/
HR INTERN,Third Vision Logistics Private Limited,Panjim,FULL-TIME,Posted 2 years ago,https://startupgoa.org/job/third-vision-logistics-private-limited-full-time-hr-intern/
ACCOUNTING ADMIN,Third Vision Logistics Private Limited,Panjim,FULL-TIME,Posted 2 years ago,https://startupgoa.org/job/third-vision-logistics-private-limited-full-time-accounting-admin/
SALAS EXECUTIVE,Third Vision Logistics Private Limited,Panjim,FULL-TIME,Posted 2 years ago,https://startupgoa.org/job/third-vision-logistics-private-limited-full-time-salas-executive/
SENIOR SALES EXECUTIVE,WEBLOZEE IT Solutions,Mapusa,FULL-TIME,Posted 2 years ago,https://startupgoa.org/job/weblozee-it-solutions-mapusa-full-time-senior-sales-executive/
CUSTOMER SUPPORT EXECUTIVE,freethink,Panjim,FULL-TIME,Posted 2 years ago,https://startupgoa.org/job/freethink-goa-full-time-customer-support-executive/
BUSINESS DEVELOPER EXECUTIVE – FRESHER,TintBytes.com,Panjim,INTERNSHIP,Posted 2 years ago,https://startupgoa.org/job/tintbytes-com-goa-internship-business-developer-executive-fresher/
DELIVERY MANAGER,Webware.io,Panjim,FULL-TIME,Posted 2 years ago,https://startupgoa.org/job/webware-io-goa-full-time-delivery-manager/
CONTENT CREATOR,Webware.io,Panjim,FULL-TIME,Posted 2 years ago,https://startupgoa.org/job/webware-io-goa-full-time-content-creator/
SALES & BUSINESS DEVELOPMENT,Minus Equals Plus,Porvorim,INTERNSHIP,Posted 2 years ago,https://startupgoa.org/job/minus-equals-plus-porvorim-goa-internship-sales-business-development/
GRAPHIC DESIGNER,Minus Equals Plus,Porvorim,INTERNSHIP,Posted 2 years ago,https://startupgoa.org/job/minus-equals-plus-porvorim-goa-internship-graphic-designer/
SOCIAL MEDIA INTERN,Minus Equals Plus,Porvorim,INTERNSHIP,Posted 2 years ago,https://startupgoa.org/job/minus-equals-plus-porvorim-goa-internship-social-media-intern/
SOCIAL MEDIA EXECUTIVE,Viva Media,Panjim,FULL-TIME,Posted 2 years ago,https://startupgoa.org/job/viva-media-taleigao-panjim-goa-full-time-social-media-executive/
CLINICAL PSYCHOLOGIST /COUNSELLOR,El Shaddai Charitable Trust,Mapusa,FULL-TIME,Posted 2 years ago,https://startupgoa.org/job/el-shaddai-charitable-trust-india-full-time-clinical-psychologist-counsellor/
PUBLIC RELATIONS,El Shaddai Charitable Trust,Panjim,FULL-TIME,Posted 2 years ago,https://startupgoa.org/job/el-shaddai-charitable-trust-goa-full-time-public-relations/
HIRING: FULL-STACK DEVELOPER,DogStays,Other,FULL-TIME,Posted 2 years ago,https://startupgoa.org/job/dogstays-india-full-time-part-time-hiring-full-stack-developer-2/
"SALES & MARKETING IN REAL ESTATE CONSULTANCY, PORVORIM-GOA",CITIHOMES Realty,Porvorim,FULL-TIME,Posted 2 years ago,https://startupgoa.org/job/citihomes-realty-goa-full-time-sales-marketing-in-real-estate-consultancy-porvorim-goa-2/
SALES EXECUTIVE FOR REAL ESTATE AGENCY,CITIHOMES Realty,Porvorim,FULL-TIME,Posted 2 years ago,https://startupgoa.org/job/citihomes-realty-porvorim-full-time-sales-executive-for-real-estate-agency-2/
DATA ENTRY OPERATOR FOR REAL ESTATE AGENCY,CITIHOMES Realty,Porvorim,FULL-TIME,Posted 2 years ago,https://startupgoa.org/job/citihomes-realty-porvorim-full-time-data-entry-operator-for-real-estate-agency-2/
TECHNICAL ASSOCIATES,RV Solutions,Other,FULL-TIME,Posted 2 years ago,https://startupgoa.org/job/rv-solutions-pernem-full-time-technical-associates/
ACCOUNTS AND HR EXECUTIVE,RV Solutions,Other,FULL-TIME,Posted 2 years ago,https://startupgoa.org/job/rv-solutions-pernem-full-time-accounts-and-hr-executive/
RESERVATIONS & SALES SPECIALIST,TIG Hotels & Villas,Anjuna,FULL-TIME,Posted 2 years ago,https://startupgoa.org/job/tig-hotels-villas-anjuna-calangute-full-time-reservations-sales-specialist/
DIGITAL MARKETING MANAGER,Coffeeza India Pvt. Ltd,Verna,FULL-TIME,Posted 2 years ago,https://startupgoa.org/job/coffeeza-india-pvt-ltd-verna-goa-full-time-digital-marketing-manager/
FRONTEND DEVELOPER,Kilowott,Porvorim,FULL-TIME,Posted 2 years ago,https://startupgoa.org/job/kilowott-goa-full-time-frontend-developer/
DIGITAL CONTENT CREATOR,Goa App,Panjim,FULL-TIME,Posted 2 years ago,https://startupgoa.org/job/goa-app-panjim-work-from-home-full-time-digital-content-creator/
SEO & DIGITAL MARKETING SPECIALIST,Goa App,Panjim,PART-TIME,Posted 2 years ago,https://startupgoa.org/job/goa-app-panjim-work-from-home-part-time-seo-digital-marketing-specialist/
INTERNSHIP FOR IT/ COMPUTER STUDENTS,Goa App,Panjim,INTERNSHIP,Posted 2 years ago,https://startupgoa.org/job/goa-app-panjim-work-from-home-internship-internship-for-it-computer-students/
WORDPRESS & SHOPIFY INTERN,Minus Equals Plus,Porvorim,INTERNSHIP,Posted 2 years ago,https://startupgoa.org/job/minus-equals-plus-porvorim-goa-internship-wordpress-shopify-intern/
WEB DESIGNER,Recurziv,Panjim,FULL-TIME,Posted 2 years ago,https://startupgoa.org/job/recurziv-shankarwadi-taliegao-panaji-full-time-web-designer/
DIGITAL MARKETING AND OFFICE EXECUTIVE/ TRAINEE,fishermanshub.com / Goa Shirts,Mapusa,FULL-TIME,Posted 2 years ago,https://startupgoa.org/job/fishermanshub-com-goa-shirts-mapusa-goa-india-full-time-internship-part-time-digital-marketing-and-office-executive-trainee/
CUSTOMER RELATIONSHIP EXECUTIVE,Anant Informedia Pvt. Ltd,Panjim,FULL-TIME,Posted 2 years ago,https://startupgoa.org/job/anant-informedia-pvt-ltd-goa-full-time-customer-relationship-executive-5/
EXCITING INTERNSHIP OPPORTUNITY FOR COMPUTER SCIENCE ENTHUSIASTS,Cruising Club India,Panjim,INTERNSHIP,Posted 2 years ago,https://startupgoa.org/job/cruising-club-india-goa-internship-exciting-internship-opportunity-for-computer-science-enthusiasts/
SENIOR SALES EXECUTIVE,Cruising Club India,Panjim,FULL-TIME,Posted 2 years ago,https://startupgoa.org/job/cruising-club-india-goa-full-time-senior-sales-executive-2/
BCA INTERN,Tangentia India Pvt Ltd,Porvorim,INTERNSHIP,Posted 2 years ago,https://startupgoa.org/job/tangentia-india-pvt-ltd-goa-internship-bca-intern/
DELIVERY DRIVER,Blits Couriers,Panjim,FULL-TIME,Posted 2 years ago,https://startupgoa.org/job/blits-couriers-goa-full-time-delivery-driver/
SOFTWARE TESTER,Anant Informedia Pvt. Ltd,Panjim,FULL-TIME,Posted 2 years ago,https://startupgoa.org/job/anant-informedia-pvt-ltd-goa-full-time-software-tester-2/
BUSINESS DEVELOPMENT EXECUTIVE AND SALES EXECUTIVE,Rubiq Solutions Pvt. Ltd.,Panjim,FULL-TIME,Posted 2 years ago,https://startupgoa.org/job/rubiq-solutions-pvt-ltd-panjim-goa-full-time-business-development-executive-and-sales-executive/
SEO SPECIALIST,Rubiq Solutions Pvt. Ltd.,Panjim,FULL-TIME,Posted 2 years ago,https://startupgoa.org/job/rubiq-solutions-pvt-ltd-panjim-goa-full-time-seo-specialist/
WORDPRESS DEVELOPER FOR A DIGITAL AGENCY,Rubiq Solutions Pvt. Ltd.,Panjim,FULL-TIME,Posted 2 years ago,https://startupgoa.org/job/rubiq-solutions-pvt-ltd-panjim-goa-full-time-wordpress-developer-for-a-digital-agency/
GENERALIST MARKETER / MARKETING MANAGER,ClerksWell,Margao,FULL-TIME,Posted 2 years ago,https://startupgoa.org/job/clerkswell-goa-chennai-anywhere-in-india-work-from-home-full-time-generalist-marketer-marketing-manager/
CUSTOMER RELATIONSHIP EXECUTIVE,Anant Informedia Pvt. Ltd,Panjim,FULL-TIME,Posted 2 years ago,https://startupgoa.org/job/anant-informedia-pvt-ltd-goa-full-time-customer-relationship-executive-4/
"PROJECT MANAGER, SYNAPSE (GOA)",Prototyze,Panjim,FULL-TIME,Posted 2 years ago,https://startupgoa.org/job/prototyze-panjim-goa-full-time-project-management-opportunity-synapse-goa/
FRONTEND DEVELOPER,Synapse,Panjim,FULL-TIME,Posted 2 years ago,https://startupgoa.org/job/synapse-panaji-full-time-frontend-developer/
FRONT DESK MANAGER,Confidential,Anjuna,FULL-TIME,Posted 2 years ago,https://startupgoa.org/job/confidential-anjuna-full-time-front-desk-manager-2/
BACK OFFICE/ADMIN/INVENTORY MANAGEMENT EXECUTIVE/INTERN,fishermanshub.com / Goa Shirts,Mapusa,FULL-TIME,Posted 2 years ago,https://startupgoa.org/job/fishermanshub-com-goa-shirts-goa-full-time-internship-part-time-back-office-admin-inventory-management-executive-intern/
SOCIAL MEDIA EXECUTIVE,WebFills,Margao,FULL-TIME,Posted 2 years ago,https://startupgoa.org/job/webfills-margao-full-time-social-media-executive/
WORDPRESS DEVELOPER,WebFills,Margao,FULL-TIME,Posted 2 years ago,https://startupgoa.org/job/webfills-margao-full-time-wordpress-developer/
SITE SUPERVISOR,Sun360,Vasco,FULL-TIME,Posted 2 years ago,https://startupgoa.org/job/sun360-goa-full-time-site-supervisor/
PROJECT ENGINEER,Sun360,Vasco,FULL-TIME,Posted 2 years ago,https://startupgoa.org/job/sun360-goa-full-time-project-engineer/
DESIGN ENGINEER,Sun360,Panjim,FULL-TIME,Posted 2 years ago,https://startupgoa.org/job/sun360-north-goa-full-time-design-engineer/
OPERATIONS ENGINEER,Sun360,Panjim,FULL-TIME,Posted 2 years ago,https://startupgoa.org/job/sun360-north-goa-full-time-operations-engineer/
PURCHASE MANAGER,Sun360,Vasco,FULL-TIME,Posted 2 years ago,https://startupgoa.org/job/sun360-south-gao-full-time-purchase-manager/
TAILOR MASTERS,AM Dzine,Mapusa,FULL-TIME,Posted 2 years ago,https://startupgoa.org/job/am-dzine-goa-full-time-tailor-masters/
GRAPHIC DESIGNER,DGtive Markting Agency Pvt. Ltd,Porvorim,FULL-TIME,Posted 2 years ago,https://startupgoa.org/job/dgtive-markting-agency-pvt-ltd-goa-full-time-graphic-designer/
DRUPAL DEVELOPER,New Vision Group Holding P. Ltd.,Mapusa,FULL-TIME,Posted 2 years ago,https://startupgoa.org/job/new-vision-group-holding-p-ltd-full-time-drupal-developer-2/
VARIOUS INTERNSHIP ROLES,DC Automation Systems OPC Pvt Ltd,Other,INTERNSHIP,Posted 2 years ago,https://startupgoa.org/job/dc-automation-systems-opc-pvt-ltd-goa-wfh-internship-various-internship-roles-3/
DRUPAL PHP DEVELOPER,New Vision Group Holding P. Ltd.,Mapusa,FULL-TIME,Posted 2 years ago,https://startupgoa.org/job/new-vision-imaging-p-ltd-full-time-drupal-php-developer/
SOCIAL MEDIA EXCEPTIVE,Viva Media,Panjim,FULL-TIME,Posted 2 years ago,https://startupgoa.org/job/viva-media-taleigao-full-time-social-media-exceptive-2/
SOCIAL MEDIA EXCEPTIVE,Viva Media,Panjim,FULL-TIME,Posted 2 years ago,https://startupgoa.org/job/viva-media-taleigao-full-time-social-media-exceptive/
OWNER,https://www.acasa.ae/,Porvorim,INTERNSHIP,Posted 2 years ago,https://startupgoa.org/job/https-www-acasa-ae-dubai-internship-owner/
CUSTOMER SUPPORT ASSOCIATE,Anant Informedia Pvt. Ltd,Panjim,FULL-TIME,Posted 2 years ago,https://startupgoa.org/job/anant-informedia-pvt-ltd-goa-full-time-customer-support-associate-4/
CUSTOMER RELATIONSHIP EXECUTIVE,Anant Informedia Pvt. Ltd,Panjim,FULL-TIME,Posted 2 years ago,https://startupgoa.org/job/anant-informedia-pvt-ltd-goa-full-time-customer-relationship-executive-3/
SOFTWARE ENGINEER (EXPERIENCED),Goa Electronics Limited,Panjim,FULL-TIME,Posted 2 years ago,https://startupgoa.org/job/goa-electronics-limited-panaji-full-time-software-engineer-experienced/
GIS WEB DEVELOPER,Goa Electronics Limited,Panjim,FULL-TIME,Posted 2 years ago,https://startupgoa.org/job/goa-electronics-limited-panaji-full-time-gis-web-developer/
TECHNICAL LEAD,Goa Electronics Limited,Panjim,FULL-TIME,Posted 2 years ago,https://startupgoa.org/job/goa-electronics-limited-panaji-full-time-technical-lead/
SOFTWARE DEVELOPER – SQL,Goa Electronics Limited,Panjim,FULL-TIME,Posted 2 years ago,https://startupgoa.org/job/goa-electronics-limited-panaji-full-time-software-developer-sql/
ASSISTANT DATABASE LEAD,Goa Electronics Limited,Panjim,FULL-TIME,Posted 2 years ago,https://startupgoa.org/job/goa-electronics-limited-panaji-full-time-assistant-database-lead/
VIRTUAL ASSISTANT,Itinim Limited,Margao,FULL-TIME,Posted 2 years ago,https://startupgoa.org/job/itinim-limited-full-time-virtual-assistant/
FRONT OFFICE & ADMIN EXECUTIVE,Adreso,Panjim,FULL-TIME,Posted 2 years ago,https://startupgoa.org/job/adreso-north-goa-full-time-front-office-admin-executive/
FIELD SERVICE ENGINEER,Iditri Techno Solutions Pvt Ltd.,Panjim,FULL-TIME,Posted 2 years ago,https://startupgoa.org/job/iditri-techno-solutions-pvt-ltd-panjim-goa-full-time-field-service-engineer/
SEO TEAM LEAD,Ideas Unlimited Digital,Panjim,FULL-TIME,Posted 2 years ago,https://startupgoa.org/job/ideas-unlimited-digital-panaji-full-time-seo-team-lead/
HR EXECUTIVE,Anant Informedia Pvt. Ltd,Panjim,FULL-TIME,Posted 2 years ago,https://startupgoa.org/job/anant-informedia-pvt-ltd-goa-full-time-hr-executive/
WEB DEVELOPER – WORDPRESS DEVELOPER & UI/UX DESIGNER,Ryel Projects,Mapusa,FULL-TIME,Posted 2 years ago,https://startupgoa.org/job/ryel-projects-goa-full-time-web-developer-wordpress-developer-ui-ux-designer/
WORDPRESS DEVELOPER,MY GOA 365,Calangute,FULL-TIME,Posted 2 years ago,https://startupgoa.org/job/my-goa-365-full-time-wordpress-developer/
WEB DEVELOPER,Recurziv,Panjim,FULL-TIME,Posted 2 years ago,https://startupgoa.org/job/recurziv-shankarwadi-taliegao-panaji-full-time-web-developer/
GUEST RELATION EXECUTIVE,Adreso,Panjim,FULL-TIME,Posted 2 years ago,https://startupgoa.org/job/adreso-goa-full-time-guest-relation-executive/
BUSINESS DEVELOPMENT EXECUTIVE,Kilowott,Porvorim,FULL-TIME,Posted 2 years ago,https://startupgoa.org/job/kilowott-goa-full-time-business-development-executive/
SALES AND MARKETING EXECUTIVE,Adreso,Margao,FULL-TIME,Posted 2 years ago,https://startupgoa.org/job/adreso-south-goa-full-time-sales-and-marketing-executive/
ADMIN CUM ACCOUNTANT,Adreso,Other,FULL-TIME,Posted 2 years ago,https://startupgoa.org/job/adreso-old-goa-full-time-admin-cum-accountant/
DIGITAL MARKETING EXECUTIVE,Expogroup,Porvorim,FULL-TIME,Posted 2 years ago,https://startupgoa.org/job/expogroup-porvorim-full-time-digital-marketing-executive-2/
JUNIOR SYSTEM ADMINISTRATOR-FRESHER,New Vision Imaging P. Ltd.,Mapusa,FULL-TIME,Posted 2 years ago,https://startupgoa.org/job/new-vision-imaging-p-ltd-full-time-junior-system-administrator/
3D LIGHTING/MODELLING ARTIST,VALOUR CREATIONS,Panjim,FULL-TIME,Posted 2 years ago,https://startupgoa.org/job/valour-creations-panaji-full-time-3d-lighting-modelling-artist/
GRAPHICS DESIGNER,Sunshell Digital Marketing Agency,Porvorim,FULL-TIME,Posted 2 years ago,https://startupgoa.org/job/sunshell-digital-marketing-agency-porvorim-full-time-graphics-designer-3/
NODE JS BACKEND DEVELOPER,Octalogic Tech,Panjim,FULL-TIME,Posted 2 years ago,https://startupgoa.org/job/octalogic-tech-full-time-node-js-backend-developer-2/
SOCIAL MEDIA EXECUTIVE,Viva Media,Panjim,FULL-TIME,Posted 2 years ago,https://startupgoa.org/job/viva-media-taleigao-full-time-social-media-executive/
SALES EXECUTIVE,Blits Global Technologies Pvt Ltd,Vasco,FULL-TIME,Posted 2 years ago,https://startupgoa.org/job/blits-global-technologies-pvt-ltd-goa-full-time-sales-executive/
FOUNDERS OFFICE INTERN,build3,Calangute,INTERNSHIP,Posted 2 years ago,https://startupgoa.org/job/build3-candoliim-internship-founders-office-intern/
CUSTOMER RELATIONSHIP EXECUTIVE,Anant Informedia Pvt. Ltd,Panjim,FULL-TIME,Posted 2 years ago,https://startupgoa.org/job/anant-informedia-pvt-ltd-goa-full-time-customer-relationship-executive-2/
CUSTOMER SUPPORT ASSOCIATE,Anant Informedia Pvt. Ltd,Panjim,FULL-TIME,Posted 2 years ago,https://startupgoa.org/job/anant-informedia-pvt-ltd-goa-full-time-customer-support-associate-3/
LISTING ASSOCIATES,Adreso,Panjim,FULL-TIME,Posted 2 years ago,https://startupgoa.org/job/adreso-panjim-full-time-listing-associates/
GRAPHIC DESIGNER,Adreso,Panjim,FULL-TIME,Posted 2 years ago,https://startupgoa.org/job/adreso-panjim-full-time-graphic-designer/
EXECUTIVE- VISUAL MERCHANDISING,Adreso,Mapusa,FULL-TIME,Posted 2 years ago,https://startupgoa.org/job/adreso-north-goa-full-time-executive-visual-merchandising/
JUNIOR PHP DEVELOPER,Kilowott,Porvorim,FULL-TIME,Posted 2 years ago,https://startupgoa.org/job/kilowott-goa-full-time-junior-php-developer/
PHP DEVELOPER,New Vision Printing Services P. Ltd.,Mapusa,FULL-TIME,Posted 2 years ago,https://startupgoa.org/job/new-vision-printing-services-p-ltd-full-time-php-developer/
FREELANCE HR RECRUITER,New Vision Printing Services P. Ltd.,Mapusa,FREELANCE,Posted 2 years ago,https://startupgoa.org/job/new-vision-printing-services-p-ltd-freelance-freelance-hr-recruiter/
TRAINEE TECHNICAL SUPPORT ASSOCIATE,Tangentia India Pvt Ltd,Porvorim,FULL-TIME,Posted 2 years ago,https://startupgoa.org/job/tangentia-india-pvt-ltd-porvorim-goa-full-time-trainee-technical-support-associate/
ADMIN EXECUTIVE,Helix Tech,Porvorim,FULL-TIME,Posted 2 years ago,https://startupgoa.org/job/helix-tech-porvorim-goa-full-time-admin-executive-2/
JUNIOR DOTNET DEVELOPER,Tangentia India Pvt Ltd,Porvorim,FULL-TIME,Posted 2 years ago,https://startupgoa.org/job/tangentia-india-pvt-ltd-porvorim-goa-full-time-junior-dotnet-developer/
SENIOR ACCOUNTANT,Kilowott,Porvorim,FULL-TIME,Posted 2 years ago,https://startupgoa.org/job/kilowott-goa-full-time-senior-accountant/
JUNIOR JAVA DEVELOPER,StoreBuilder,Panjim,FULL-TIME,Posted 2 years ago,https://startupgoa.org/job/storebuilder-goa-full-time-junior-backend-developer-java-grails-spring-remote-location-goa/
GRAPHIC DESIGNER PROJECT BASES,Business Alert,Mapusa,FREELANCE,Posted 2 years ago,https://startupgoa.org/job/business-alert-freelance-graphic-designer-project-bases/
FRONTEND DEVELOPER,Samasa Technologies,Panjim,FULL-TIME,Posted 2 years ago,https://startupgoa.org/job/samasa-technologies-full-time-frontend-developer-2/
MOBILE GAME DEVELOPER,Priyanka Design Services Inc.,Vasco,FREELANCE,Posted 2 years ago,https://startupgoa.org/job/priyanka-design-services-inc-freelance-mobile-game-developer/
"SENIOR BACKEND DEVELOPER – JAVA, GRAILS OR SPRING (REMOTE, COMPETITIVE PAY)",StoreBuilder,Panjim,FULL-TIME,Posted 2 years ago,https://startupgoa.org/job/storebuilder-remote-within-goa-full-time-senior-backend-developer-java-grails-or-spring-competitive-pay/
FRONT DESK MANAGER,Gforce,Anjuna,FULL-TIME,Posted 2 years ago,https://startupgoa.org/job/gforce-anjuna-full-time-front-desk-manager/
CUSTOMER SUPPORT ASSOCIATE,Goa App,Panjim,FULL-TIME,Posted 2 years ago,https://startupgoa.org/job/goa-app-panjim-full-time-customer-support-associate/
CONTENT CREATOR,Sunshell Digital Marketing Agency,Porvorim,FULL-TIME,Posted 2 years ago,https://startupgoa.org/job/sunshell-digital-marketing-agency-porvorim-full-time-content-creator/
EVENT MANAGEMENT,Harkoi,Anjuna,PART-TIME,Posted 2 years ago,https://startupgoa.org/job/harkoi-goa-part-time-event-management/
QA TESTER,Codanto,Panjim,FULL-TIME,Posted 2 years ago,https://startupgoa.org/job/codanto-full-time-qa-tester/
FULL STACK SOFTWARE ENGINEER (JUNIOR/MID),Rescape Tech Pvt. Ltd.,Margao,FULL-TIME,Posted 2 years ago,https://startupgoa.org/job/rescape-tech-pvt-ltd-margao-goa-india-on-site-full-time-full-stack-software-engineer-junior-mid/
CUSTOMER SUPPORT ASSOCIATE,Anant Informedia Pvt. Ltd,Panjim,FULL-TIME,Posted 2 years ago,https://startupgoa.org/job/anant-informedia-pvt-ltd-goa-full-time-customer-support-associate-2/
SOFTWARE ENGINEERING INTERN,Goa App,Panjim,INTERNSHIP,Posted 2 years ago,https://startupgoa.org/job/goa-app-panjim-internship-software-engineering-intern/
SALES EXECUTIVE,PSPL,Calangute,FULL-TIME,Posted 2 years ago,https://startupgoa.org/job/pspl-across-goa-full-time-sales-executive-3/
SALES EXECUTIVE,PSPL,Porvorim,FULL-TIME,Posted 2 years ago,https://startupgoa.org/job/pspl-across-goa-full-time-sales-executive-2/
SALES EXECUTIVE,PSPL,Margao,FULL-TIME,Posted 2 years ago,https://startupgoa.org/job/pspl-across-goa-full-time-sales-executive/
GRAPHIC DESIGN & VIDEO EDITOR,Viva Media,Panjim,FULL-TIME,Posted 2 years ago,https://startupgoa.org/job/viva-media-panaji-full-time-graphic-design-video-editor/
DIGITAL MARKETING EXECUTIVE,DigitalDrop,Panjim,FULL-TIME,Posted 2 years ago,https://startupgoa.org/job/digitaldrop-st-inez-full-time-digital-marketing-executive/
GRAPHIC DESIGNER,DigitalDrop,Panjim,FULL-TIME,Posted 2 years ago,https://startupgoa.org/job/digitaldrop-st-inez-full-time-graphic-designer/
SEO,DigitalDrop,Panjim,FULL-TIME,Posted 2 years ago,https://startupgoa.org/job/digitaldrop-st-inez-full-time-seo/
WEB DEVELOPER,DigitalDrop,Panjim,FULL-TIME,Posted 2 years ago,https://startupgoa.org/job/digitaldrop-st-inez-full-time-web-developer/
TRAINEE DEVELOPER – OMS,Tangentia India Pvt Ltd,Porvorim,FULL-TIME,Posted 2 years ago,https://startupgoa.org/job/tangentia-india-pvt-ltd-goa-full-time-trainee-developer-oms/
COPYWRITER,Synapse Communications,Panjim,FULL-TIME,Posted 2 years ago,https://startupgoa.org/job/synapse-communications-panjim-full-time-copywriter/
DIGITAL MARKETING EXECUTIVE,Acron Developers Pvt. Ltd.,Other,FULL-TIME,Posted 2 years ago,https://startupgoa.org/job/acron-developers-pvt-ltd-goa-full-time-digital-marketing-executive-2/
DIGITAL MARKETING EXECUTIVE – PAID ADS,Kilowott,Porvorim,FULL-TIME,Posted 2 years ago,https://startupgoa.org/job/kilowott-remote-full-time-digital-marketing-executive-paid-ads/
TECHNICAL SUPPORT INTERN,TintBytes.com,Panjim,INTERNSHIP,Posted 2 years ago,https://startupgoa.org/job/tintbytes-com-goa-internship-technical-support-intern/
QA TESTER,TRELLISSOFT ENGINEERING PVT LTD,Panjim,FULL-TIME,Posted 2 years ago,https://startupgoa.org/job/trellissoft-engineering-pvt-ltd-full-time-qa-tester/
BUSINESS ANALYST,Anant Informedia Pvt. Ltd,Panjim,FULL-TIME,Posted 2 years ago,https://startupgoa.org/job/anant-informedia-pvt-ltd-mumbai-full-time-business-analyst/
SOCIAL MEDIA EXECUTIVE,Viva Media,Panjim,FULL-TIME,Posted 2 years ago,https://startupgoa.org/job/viva-media-panaji-full-time-social-media-executive/
JAVA DEVELOPER/SENIOR DEVELOPER,Creative Capsule Infotech,Verna,FULL-TIME,Posted 2 years ago,https://startupgoa.org/job/creative-capsule-infotech-goa-full-time-java-developer-senior-developer/
UI/UX SENIOR DESIGNER,Creative Capsule Infotech,Verna,FULL-TIME,Posted 2 years ago,https://startupgoa.org/job/creative-capsule-infotech-goa-full-time-ui-ux-senior-designer/
GRAPHICS DESIGNER,Sunshell Digital Marketing Agency,Porvorim,FULL-TIME,Posted 2 years ago,https://startupgoa.org/job/sunshell-digital-marketing-agency-porvorim-full-time-graphics-designer-2/
DIGITAL MARKETING EXECUTIVE,Sunshell Digital Marketing Agency,Porvorim,FULL-TIME,Posted 2 years ago,https://startupgoa.org/job/sunshell-digital-marketing-agency-porvorim-goa-full-time-digital-marketing-executive/
SENIOR GRAPHIC DESIGNER,Creative Capsule Infotech,Verna,FULL-TIME,Posted 2 years ago,https://startupgoa.org/job/creative-capsule-infotech-goa-full-time-senior-graphic-designer/
BUSINESS SYSTEMS ANALYST,Creative Capsule Infotech,Verna,FULL-TIME,Posted 2 years ago,https://startupgoa.org/job/creative-capsule-infotech-goa-full-time-business-systems-analyst/
.NET DEVELOPER/SENIOR DEVELOPER,Creative Capsule Infotech,Verna,FULL-TIME,Posted 2 years ago,https://startupgoa.org/job/creative-capsule-infotech-goa-full-time-net-developer-senior-developer/
CUSTOMER RELATIONSHIP EXECUTIVE,TeaTrunk.com,Porvorim,FULL-TIME,Posted 2 years ago,https://startupgoa.org/job/teatrunk-com-off-chogm-road-full-time-customer-relationship-executive-2/
ACCOUNTS & ADMIN MANAGER,TeaTrunk.com,Porvorim,FULL-TIME,Posted 2 years ago,https://startupgoa.org/job/teatrunk-com-porvorim-goa-full-time-accounts-admin-manager-3/
SOCIAL MEDIA EXECUTIVE,Jobs for Goan,Calangute,FULL-TIME,Posted 2 years ago,https://startupgoa.org/job/jobs-for-goan-calangute-full-time-social-media-executive/
CHIEF MANAGING PARTNER – AGENCY PARTNER CHANNEL,Jobs for Goan,Panjim,FULL-TIME,Posted 2 years ago,https://startupgoa.org/job/jobs-for-goan-panjim-full-time-chief-managing-partner-agency-partner-channel/
ASSISTANT MANAGER – BUSINESS DEVELOPMENT,Buoyancy Consultants and Engineering LLP,Panjim,FULL-TIME,Posted 2 years ago,https://startupgoa.org/job/buoyancy-consultants-and-engineering-llp-goa-full-time-assistant-manager-business-development/
ASSISTANT MANAGER – MARKETING & SALES,Buoyancy Consultants and Engineering LLP,Panjim,FULL-TIME,Posted 2 years ago,https://startupgoa.org/job/buoyancy-consultants-and-engineering-llp-goa-full-time-assistant-manager-marketing-sales/
ASSISTANT MANAGER – FINANCE,Buoyancy Consultants and Engineering LLP,Panjim,FULL-TIME,Posted 2 years ago,https://startupgoa.org/job/buoyancy-consultants-and-engineering-llp-goa-full-time-assistant-manager-finance/
RECRUITMENT EXECUTIVE – HR,Buoyancy Consultants and Engineering LLP,Panjim,FULL-TIME,Posted 2 years ago,https://startupgoa.org/job/buoyancy-consultants-and-engineering-llp-goa-full-time-recruitment-executive-hr/
GRAPHICS DESIGNER,Sunshell Digital Marketing Agency,Porvorim,FULL-TIME,Posted 2 years ago,https://startupgoa.org/job/sunshell-digital-marketing-agency-porvorim-full-time-graphics-designer/
INSIDE SALES,WebFills,Margao,FULL-TIME,Posted 2 years ago,https://startupgoa.org/job/webfills-full-time-inside-sales/
TECHNICAL SUPPORT ASSOCIATE,WebFills,Margao,FULL-TIME,Posted 2 years ago,https://startupgoa.org/job/webfills-margao-full-time-technical-support-associate-5/
EMBEDDED HARDWARE ENGINEER,freethink,Panjim,FULL-TIME,Posted 2 years ago,https://startupgoa.org/job/freethink-dempo-trade-center-patto-full-time-embedded-hardware-engineer-2/
BACKHAND OFFICE ASSISTANT,Lawande Power Rentals,Porvorim,FULL-TIME,Posted 2 years ago,https://startupgoa.org/job/lawande-power-rentals-full-time-manager/
RECRUITER,Prototyze,Panjim,FULL-TIME,Posted 2 years ago,https://startupgoa.org/job/prototyze-panjim-goa-full-time-recruiter/
PHP/LARAVEL DEVELOPER,Anant Informedia Pvt. Ltd,Panjim,FULL-TIME,Posted 2 years ago,https://startupgoa.org/job/anant-informedia-pvt-ltd-goa-full-time-php-laravel-developer/
FLUTTER DEVELOPER,Anant Informedia Pvt. Ltd,Panjim,FULL-TIME,Posted 2 years ago,https://startupgoa.org/job/anant-informedia-pvt-ltd-goa-full-time-flutter-developer-2/
TERRITORY SALES MANAGER,SN Pest Management,Mapusa,FULL-TIME,Posted 2 years ago,https://startupgoa.org/job/sn-pest-management-mapusa-full-time-territory-sales-manager/
SOCIAL MEDIA EXECUTIVE,Coderix Solutions LLP,Ponda,FULL-TIME,Posted 3 years ago,https://startupgoa.org/job/coderix-solutions-llp-goa-full-time-social-media-executive/
YACHT EVENT & BOOKING COORDINATOR,Cruising Club India,Panjim,FULL-TIME,Posted 3 years ago,https://startupgoa.org/job/cruising-club-india-goa-full-time-yacht-event-booking-coordinator/
SENIOR SALES EXECUTIVE,Cruising Club India,Panjim,FULL-TIME,Posted 3 years ago,https://startupgoa.org/job/cruising-club-india-goa-full-time-senior-sales-executive/
IOS DEVELOPER,Kilowott,Porvorim,FULL-TIME,Posted 3 years ago,https://startupgoa.org/job/kilowott-goa-full-time-ios-developer/
QA TESTER,TRELLISSOFT ENGINEERING PVT LTD,Panjim,FULL-TIME,Posted 3 years ago,https://startupgoa.org/job/trellissoft-engineering-pvt-ltd-goa-panjim-full-time-qa-tester/
SUPPORT ENGINEER (WORK FROM HOME),Vacation Labs,Panjim,FULL-TIME,Posted 3 years ago,https://startupgoa.org/job/vacation-labs-goa-full-time-support-engineer-work-from-home/
HIRING REGISTERED NURSES FOR USA (FREE H1B VISA SPONSORED),Jobs for Goan,Other,FULL-TIME,Posted 3 years ago,https://startupgoa.org/job/jobs-for-goan-usa-full-time-hiring-registered-nurses-for-usa-free-h1b-visa-sponsored/
ASSISTANT PROCESS ASSOCIATE,The Technology Maker,Margao,FULL-TIME,Posted 3 years ago,https://startupgoa.org/job/the-technology-maker-goa-full-time-assistant-process-associate/
CUSTOMER SUPPORT,The Technology Maker,Margao,FULL-TIME,Posted 3 years ago,https://startupgoa.org/job/the-technology-maker-goa-full-time-customer-support/
WORDPRESS THEME DEVELOPER,Turtlemint,Panjim,FULL-TIME,Posted 3 years ago,https://startupgoa.org/job/turtlemint-panjim-full-time-wordpress-theme-developer/
SOCIAL MEDIA COORDINATOR,manta marine services,Mapusa,FULL-TIME,Posted 3 years ago,https://startupgoa.org/job/manta-marine-services-nachinola-aldona-goa-full-time-social-media-coordinator/
WEB SITE DEVELOPER,The New Dutch Trader,Panjim,FREELANCE,Posted 3 years ago,https://startupgoa.org/job/the-new-dutch-trader-goa-freelance-web-site-developer/
DJANGO/PYTHON DEVELOPER,Simplit Software Solutions,Other,FULL-TIME,Posted 3 years ago,https://startupgoa.org/job/simplit-software-solutions-full-time-django-python-developer/
JUNIOR REACTJS DEVELOPER,StoreBuilder,Panjim,FULL-TIME,Posted 3 years ago,https://startupgoa.org/job/storebuilder-goa-remote-full-time-junior-frontend-developer/
ARCHITECT ENGINEER,Zion HR Consultancy,Saligao,FULL-TIME,Posted 3 years ago,https://startupgoa.org/job/zion-hr-consultancy-north-goa-full-time-architect-engineer/
REACT JS DEVELOPER,Kilowott,Porvorim,FULL-TIME,Posted 3 years ago,https://startupgoa.org/job/kilowott-goa-full-time-react-js-developer/
INTERNSHIP FOR COLLEGE STUDENTS,Goa App,Panjim,INTERNSHIP,Posted 3 years ago,https://startupgoa.org/job/goa-app-panjim-internship-internship-for-college-students/
EMBEDDED HARDWARE ENGINEER,freethink,Panjim,FULL-TIME,Posted 3 years ago,https://startupgoa.org/job/freethink-dempo-trade-center-patto-full-time-embedded-hardware-engineer/
MACHINE OPERATOR,The Sustainable Green Company,Other,FULL-TIME,Posted 3 years ago,https://startupgoa.org/job/the-sustainable-green-company-assnora-north-goa-full-time-machine-operator/
SOCIAL MEDIA ASSOCIATE,WHN NEXT,Mapusa,FULL-TIME,Posted 3 years ago,https://startupgoa.org/job/whn-next-goa-full-time-social-media-associate/
WEB DEVELOPER,WHN NEXT,Mapusa,FULL-TIME,Posted 3 years ago,https://startupgoa.org/job/whn-next-goa-full-time-web-developer-2/
MANAGER,TRELLISSOFT ENGINEERING PVT LTD,Panjim,FULL-TIME,Posted 3 years ago,https://startupgoa.org/job/trellissoft-engineering-pvt-ltd-goa-full-time-manager/
TRAINEE- SYSTEM ADMINITSRATION,TRELLISSOFT ENGINEERING PVT LTD,Panjim,FULL-TIME,Posted 3 years ago,https://startupgoa.org/job/trellissoft-engineering-pvt-ltd-goa-full-time-trainee-system-adminitsration/
WEB DEVELOPER – PHP,Expogroup,Porvorim,FULL-TIME,Posted 3 years ago,https://startupgoa.org/job/expogroup-porvorim-goa-full-time-web-developer-php/
HIRING FOR CUSTOMER SUPPORT – US PROCESS,Rio Moving,Panjim,FULL-TIME,Posted 3 years ago,https://startupgoa.org/job/rio-moving-goa-full-time-hiring-for-customer-support-us-process/
US RECRUITER,Rio Moving,Panjim,FULL-TIME,Posted 3 years ago,https://startupgoa.org/job/rio-moving-panjim-full-time-us-recruiter/
FULL STACK DEVELOPER,Discoveries quintessential,Vasco,FULL-TIME,Posted 3 years ago,https://startupgoa.org/job/discoveries-quintessential-full-time-full-stack-developer/
PHP DEVELOPER,Codanto,Panjim,FULL-TIME,Posted 3 years ago,https://startupgoa.org/job/codanto-full-time-php-developer/
FLUTTER DEVELOPER,Codanto,Panjim,FULL-TIME,Posted 3 years ago,https://startupgoa.org/job/codanto-panaji-full-time-flutter-developer/
DIGITAL MARKETING EXECUTIVE,Leigia Solutions,Panjim,FULL-TIME,Posted 3 years ago,https://startupgoa.org/job/leigia-solutions-panaji-full-time-digital-marketing-executive/
GRAPHIC DESIGNER,Leigia Solutions,Panjim,FULL-TIME,Posted 3 years ago,https://startupgoa.org/job/leigia-solutions-panaji-full-time-graphic-designer-2/
IT HARDWARE ENGINEER,Codanto,Panjim,FULL-TIME,Posted 3 years ago,https://startupgoa.org/job/codanto-india-full-time-it-hardware-engineer/
LOOKING FOR DATA EXECUTIVE + OFFICE & ACCOUNTS ASSISTANT FOR AN E-COMMERCE COMPANY,fishermanshub.com,Mapusa,FULL-TIME,Posted 3 years ago,https://startupgoa.org/job/fishermanshub-com-goa-full-time-looking-for-data-executive-office-accounts-assistant-for-an-e-commerce-company/
NODE JS DEVELOPER,Kilowott,Porvorim,FULL-TIME,Posted 3 years ago,https://startupgoa.org/job/kilowott-goa-full-time-node-js-developer-2/
SOCIAL MEDIA MANAGER,Sunshell,Porvorim,FULL-TIME,Posted 3 years ago,https://startupgoa.org/job/sunshell-porvorim-goa-full-time-social-media-manager/
WEB DESIGNER,Sunshell,Porvorim,FULL-TIME,Posted 3 years ago,https://startupgoa.org/job/sunshell-porvorim-goa-full-time-web-designer-3/
WEB DESIGNER,Sunshell,Porvorim,FULL-TIME,Posted 3 years ago,https://startupgoa.org/job/sunshell-porvorim-goa-full-time-web-designer-2/
GRAPHICS DESIGNER,Sunshell,Porvorim,FULL-TIME,Posted 3 years ago,https://startupgoa.org/job/sunshell-porvorim-goa-full-time-graphics-designer-2/
SEO MANAGER,Blurb,Other,FREELANCE,Posted 3 years ago,https://startupgoa.org/job/blurb-parra-freelance-seo-manager/
CUSTOMER SUPPORT EXECUTIVE,Discoveries Quintessential,Panjim,FULL-TIME,Posted 3 years ago,https://startupgoa.org/job/discoveries-quintessential-goa-full-time-customer-support-executive/
SOCIAL MEDIA & TECH ASSOCIATE,WHN NEXT,Mapusa,FULL-TIME,Posted 3 years ago,https://startupgoa.org/job/whn-next-ucassaim-goa-full-time-social-media-tech-associate/
VIDEO CREATOR WITH DIGITAL MARKETING SKILLS,Acron Developers Pvt Ltd,Other,FULL-TIME,Posted 3 years ago,https://startupgoa.org/job/acron-developers-pvt-ltd-full-time-videographer-with-digital-marketing-skills/
GRAPHIC DESIGNER,Deck Sherpa,Panjim,FULL-TIME,Posted 3 years ago,https://startupgoa.org/job/prototyze-services-pvt-ltd-panaji-goa-full-time-graphic-designer/
BUSINESS DEVELOPMENT EXECUTIVE,Dynamo Media,Panjim,FULL-TIME,Posted 3 years ago,https://startupgoa.org/job/dynamo-media-panaji-goa-full-time-business-development-executive/
HTML DEVELOPER,Ideas Unlimited Digital,Panjim,FULL-TIME,Posted 3 years ago,https://startupgoa.org/job/ideas-unlimited-digital-goa-full-time-html-developer/
"FRESHERS/ INTERNS/ TRAINEE SOFTWARE DEVELOPER (B.E, BSC)",Simplit Software Solutions,Panjim,FULL-TIME,Posted 3 years ago,https://startupgoa.org/job/simplit-software-solutions-full-time-freshers-interns-trainee-software-developer-b-e-bsc/
SOFTWARE DEVELOPER,freethink,Panjim,FULL-TIME,Posted 3 years ago,https://startupgoa.org/job/freethink-dempo-trade-center-patto-full-time-software-developer-5/
FINANCE BUSINESS ANALYST,Tangentia India Pvt Ltd,Porvorim,FULL-TIME,Posted 3 years ago,https://startupgoa.org/job/tangentia-india-pvt-ltd-goa-full-time-finance-business-analyst/
REACT.JS DEVELOPER,Simplit Software Solutions,Panjim,FULL-TIME,Posted 3 years ago,https://startupgoa.org/job/simplit-software-solutions-full-time-react-js-developer/
TECHNICAL SUPPORT EXECUTIVE,Tangentia India Pvt Ltd,Porvorim,FULL-TIME,Posted 3 years ago,https://startupgoa.org/job/tangentia-india-pvt-ltd-goa-full-time-technical-support-executive/
LEAD GENERATION EXECUTIVE,Kilowott,Porvorim,FULL-TIME,Posted 3 years ago,https://startupgoa.org/job/kilowott-goa-full-time-lead-generation-executive/
JUNIOR SOFTWARE ENGINEER,2ORDR INTERNATIONAL LLC,Mapusa,FULL-TIME,Posted 3 years ago,https://startupgoa.org/job/2ordr-international-llc-full-time-junior-software-engineer/
PRODUCT MARKETING EXECUTIVE,New Vision Printing Services P. Ltd.,Mapusa,FULL-TIME,Posted 3 years ago,https://startupgoa.org/job/new-vision-printing-services-p-ltd-goa-full-time-product-marketing-executive/
MARKETING ASSISTANT,New Vision Printing Services P. Ltd.,Mapusa,FULL-TIME,Posted 3 years ago,https://startupgoa.org/job/new-vision-printing-services-p-ltd-remote-or-goa-full-time-marketing-assistant/
DEVOPS ENGINEER,Kilowott,Porvorim,FULL-TIME,Posted 3 years ago,https://startupgoa.org/job/kilowott-goa-full-time-devops-engineer/
WEB DEVELOPER,Axzora Pvt. Ltd.,Panjim,FULL-TIME,Posted 3 years ago,https://startupgoa.org/job/axzora-pvt-ltd-goa-full-time-web-developer/
SEO EXECUTIVE,androguru.com,Panjim,FULL-TIME,Posted 3 years ago,https://startupgoa.org/job/androguru-com-full-time-seo-executive/
GRAPHIC DESIGNER,The Technology Maker,Margao,FULL-TIME,Posted 3 years ago,https://startupgoa.org/job/the-technology-maker-full-time-graphic-designer/
SEO EXECUTIVE,The Technology Maker,Margao,FULL-TIME,Posted 3 years ago,https://startupgoa.org/job/the-technology-maker-full-time-seo-executive/
CONTENT WRITER,The Technology Maker,Margao,FULL-TIME,Posted 3 years ago,https://startupgoa.org/job/the-technology-maker-margao-goa-full-time-content-writer/
CONTENT MANAGEMENT AND DATA ENTRY ASSOCIATE,Kartalyzer Ventures,Porvorim,FULL-TIME,Posted 3 years ago,https://startupgoa.org/job/kartalyzer-ventures-goa-full-time-content-management-and-data-entry-associate/
TELE CALLER,Kartalyzer Ventures,Porvorim,FULL-TIME,Posted 3 years ago,https://startupgoa.org/job/kartalyzer-ventures-goa-full-time-tele-caller/
MULTIMEDIA CONTENT CREATOR,Kartalyzer Ventures,Porvorim,FULL-TIME,Posted 3 years ago,https://startupgoa.org/job/kartalyzer-ventures-goa-full-time-multimedia-content-creator/
SENIOR MOBILE APPLICATION DEVELOPER,Spintly India Private Limited,Margao,FULL-TIME,Posted 3 years ago,https://startupgoa.org/job/spintly-india-private-limited-fatorda-full-time-senior-mobile-application-developer/
INSIDE SALES REPRESENTATIVE – BD,Buoyancy Consultants and Engineering LLP,Panjim,FULL-TIME,Posted 3 years ago,https://startupgoa.org/job/buoyancy-consultants-and-engineering-llp-st-inez-full-time-inside-sales-representative-bd/
EXECUTIVE – BRAND MANAGEMENT,Buoyancy Consultants and Engineering LLP,Panjim,FULL-TIME,Posted 3 years ago,https://startupgoa.org/job/buoyancy-consultants-and-engineering-llp-goa-full-time-executive-brand-management-2/
FRONT END DEVELOPER,DigitalDrop,Panjim,FULL-TIME,Posted 3 years ago,https://startupgoa.org/job/digitaldrop-full-time-front-end-developer-2/
SOCIAL MEDIA MANAGER,DigitalDrop,Panjim,FULL-TIME,Posted 3 years ago,https://startupgoa.org/job/digitaldrop-st-inez-panjim-goa-india-full-time-social-media-manager/
VUE.JS DEVELOPER/ SENIOR DEVELOPER,Creative Capsule Infotech,Verna,FULL-TIME,Posted 3 years ago,https://startupgoa.org/job/creative-capsule-infotech-goa-india-full-time-vue-js-developer-senior-developer/
SENIOR SOFTWARE ENGINEER – INTEGRATIONS,Spintly India Private Limited,Margao,FULL-TIME,Posted 3 years ago,https://startupgoa.org/job/spintly-india-private-limited-fatorda-full-time-senior-software-engineer-integrations/
SR. PHP DEVELOPER – WORK FROM HOME,WebFills,Margao,FULL-TIME,Posted 3 years ago,https://startupgoa.org/job/webfills-margao-full-time-sr-php-developer-2/
TECHNICAL SUPPORT ASSOCIATE,WebFills,Margao,FULL-TIME,Posted 3 years ago,https://startupgoa.org/job/webfills-margao-full-time-technical-support-associate-4/
LOOKING FOR JOB IN GOA – SHARE YOUR CV,Jobs for Goan,Other,FULL-TIME,Posted 3 years ago,https://startupgoa.org/job/jobs-for-goan-goa-full-time-looking-for-job-in-goa-share-your-cv/
UI/UX DESIGNER,Codanto,Panjim,FULL-TIME,Posted 3 years ago,https://startupgoa.org/job/codanto-panjim-goa-full-time-ui-ux-designer/
SENIOR RUBY ON RAILS DEVELOPER,TenTwenty,Porvorim,FULL-TIME,Posted 3 years ago,https://startupgoa.org/job/tentwenty-goa-full-time-senior-ruby-on-rails-developer/
PROJECT MANAGER,Codanto,Panjim,FULL-TIME,Posted 3 years ago,https://startupgoa.org/job/codanto-panjim-goa-full-time-project-manager/
PRODUCTION SUPERVISOR,ReckRute,Verna,FULL-TIME,Posted 3 years ago,https://startupgoa.org/job/reckrute-full-time-production-supervisor/
CHEF DE PARTIE,ReckRute,Ponda,FULL-TIME,Posted 3 years ago,https://startupgoa.org/job/reckrute-south-goa-full-time-chef-de-partie/
SALES EXECUTIVE,ReckRute,Panjim,FULL-TIME,Posted 3 years ago,https://startupgoa.org/job/reckrute-panaji-goa-full-time-sales-executive/
WORDPRESS DEVELOPER,TintBytes.com,Panjim,FULL-TIME,Posted 3 years ago,https://startupgoa.org/job/tintbytes-com-remote-full-time-wordpress-developer/
WEB DEVELOPER,Globalminds,Panjim,FULL-TIME,Posted 3 years ago,https://startupgoa.org/job/globalminds-goa-full-time-web-developer/
FULLSTACK WEB DEVELOPER (REMOTE),Octalogic Tech,Panjim,FULL-TIME,Posted 3 years ago,https://startupgoa.org/job/octalogic-tech-panjim-full-time-fullstack-web-developer-remote/
FRONTEND DEVELOPER (REMOTE),Octalogic Tech,Panjim,FULL-TIME,Posted 3 years ago,https://startupgoa.org/job/octalogic-tech-panjim-full-time-frontend-developer-remote/
FOUNDER,CITIHOMES Realty - Goa,Porvorim,FULL-TIME,Posted 3 years ago,https://startupgoa.org/job/citihomes-realty-goa-goa-porvorim-full-time-founder/
TECHNICAL CONTENT WRITER,Spintly India Private Limited,Margao,FULL-TIME,Posted 3 years ago,https://startupgoa.org/job/spintly-india-private-limited-fatorda-full-time-technical-content-writer-2/
PRODUCT DIAGNOSTICS ENGINEER,Spintly India Private Limited,Margao,FULL-TIME,Posted 3 years ago,https://startupgoa.org/job/spintly-india-private-limited-fatorda-full-time-product-diagnostics-engineer/
ACCOUNTANT,Custom Elements,Margao,FULL-TIME,Posted 3 years ago,https://startupgoa.org/job/custom-elements-margao-full-time-accountant/
WEB DEVELOPER WORDPRESS THEME,codentheme,Anjuna,FULL-TIME,Posted 3 years ago,https://startupgoa.org/job/codentheme-full-time-web-developer-wordpress-theme/
SENIOR WEDDING PLANNER,The Funktion Junction,Porvorim,FULL-TIME,Posted 3 years ago,https://startupgoa.org/job/the-funktion-junction-goa-full-time-senior-wedding-planner/
HEAD – BUSINESS DEVELOPMENT,The Funktion Junction,Porvorim,FULL-TIME,Posted 3 years ago,https://startupgoa.org/job/the-funktion-junction-goa-full-time-head-business-development/
INSIDE SALES REPRESENTATIVE FOR NORTH AMERICA,Spintly India Private Limited,Margao,FULL-TIME,Posted 3 years ago,https://startupgoa.org/job/spintly-india-private-limited-fatorda-full-time-inside-sales-representative-for-north-america/
CASH COLLECTION EXECUTIVE,BLITS Global Technologies Pvt Ltd,Margao,FULL-TIME,Posted 3 years ago,https://startupgoa.org/job/blits-global-technologies-pvt-ltd-full-time-cash-collection-executive/
HUMAN RESOURCE EXECUTIVE,BLITS Global Technologies Pvt Ltd,Vasco,FULL-TIME,Posted 3 years ago,https://startupgoa.org/job/blits-global-technologies-pvt-ltd-mormugao-full-time-human-resource-executive/
MARKETING AND SALES,Diamond Production Goa,Other,FULL-TIME,Posted 3 years ago,https://startupgoa.org/job/diamond-production-goa-goa-full-time-marketing-and-sales/
DRUPAL DEVELOPER,Kilowott,Porvorim,FREELANCE,Posted 3 years ago,https://startupgoa.org/job/kilowott-goa-freelance-full-time-drupal-developer/
JUNIOR GRAPHIC & WEB DESIGNER,Ryel Projects,Mapusa,FULL-TIME,Posted 3 years ago,https://startupgoa.org/job/ryel-projects-mapuca-full-time-junior-graphic-web-designer/
SALES SPECIALIST,Confidential,Vasco,FULL-TIME,Posted 3 years ago,https://startupgoa.org/job/confidential-vasco-da-gama-full-time-sales-specialist/
FRONTEND DEVELOPER,Confidential,Vasco,FULL-TIME,Posted 3 years ago,https://startupgoa.org/job/confidential-vasco-da-gama-full-time-frontend-developer/
SENIOR PHP DEVELOPER,Kilowott,Porvorim,FULL-TIME,Posted 3 years ago,https://startupgoa.org/job/kilowott-goa-full-time-senior-php-developer/
HR RECRUITER,Prototyze Services Pvt Ltd,Panjim,FULL-TIME,Posted 3 years ago,https://startupgoa.org/job/prototyze-services-pvt-ltd-panaji-goa-full-time-hr-recruiter/
C# DEVELOPER,Codanto,Panjim,FULL-TIME,Posted 3 years ago,https://startupgoa.org/job/codanto-panjim-goa-full-time-c-developer/
THE LEAD MARKET,The Lead Market,Margao,FULL-TIME,Posted 3 years ago,https://startupgoa.org/job/the-lead-market-nagpur-full-time-the-lead-market/
LINUX SERVER ADMINISTRATOR/ TRAINEE LINUX SERVER ADMINISTRATOR,Anant Informedia Pvt. Ltd,Panjim,FULL-TIME,Posted 3 years ago,https://startupgoa.org/job/anant-informedia-pvt-ltd-goa-full-time-linux-server-administrator-trainee-linux-server-administrator/
EXECUTIVE – ADMIN,Buoyancy Consultants and Engineering LLP,Panjim,FULL-TIME,Posted 3 years ago,https://startupgoa.org/job/buoyancy-consultants-and-engineering-llp-goa-full-time-executive-admin/
EXECUTIVE – FINANCE,Buoyancy Consultants and Engineering LLP,Panjim,FULL-TIME,Posted 3 years ago,https://startupgoa.org/job/buoyancy-consultants-and-engineering-llp-panjim-full-time-executive-finance/
"TEAMLOGIC IT SUPPORT: MANAGED IT SERVICES, IT SUPPORT & IT CONSULTING","TeamLogic IT Support: Managed IT Services, IT Support & IT Consulting",Other,FULL-TIME,Posted 3 years ago,https://startupgoa.org/job/teamlogic-it-support-managed-it-services-it-support-it-consulting-new-york-full-time-teamlogic-it-support-managed-it-services-it-support-it-consulting/
GRAPHIC DESIGNER,Rubiq Solutions Pvt. Ltd.,Panjim,FULL-TIME,Posted 3 years ago,https://startupgoa.org/job/rubiq-solutions-pvt-ltd-panjim-goa-full-time-graphic-designer-2/
JUNIOR DEVOPS / LINUX SYSTEM ASSOCIATE,Ryel Projects,Mapusa,FULL-TIME,Posted 3 years ago,https://startupgoa.org/job/ryel-projects-goa-full-time-junior-devops-linux-system-associate/
IT SALES AND MARKETING EXECUTIVE,Ryel Projects,Mapusa,FULL-TIME,Posted 3 years ago,https://startupgoa.org/job/ryel-projects-goa-full-time-it-sales-and-marketing-executive/
WEB ASSISTANT,Ryel Projects,Mapusa,FULL-TIME,Posted 3 years ago,https://startupgoa.org/job/ryel-projects-goa-internship-web-assistant-intern-fresher/
WEB DESIGNER WITH WORDPRESS DEVELOPMENT,Ryel Projects,Mapusa,FULL-TIME,Posted 3 years ago,https://startupgoa.org/job/ryel-projects-goa-full-time-web-designer-with-wordpress-development/
WORDPRESS CONTENT WRITER,IT Solutions,Other,FREELANCE,Posted 3 years ago,https://startupgoa.org/job/it-solutions-freelance-wordpress-content-writer/
DIGITAL MARKETING EXECUTIVE,Expogroup,Porvorim,FULL-TIME,Posted 3 years ago,https://startupgoa.org/job/expogroup-porvorim-full-time-digital-marketing-executive/
GRAPHIC DESIGNER – MULTIMEDIA,Expogroup,Porvorim,FULL-TIME,Posted 3 years ago,https://startupgoa.org/job/expogroup-porvorim-full-time-graphic-designer-multimedia/
QA ANALYST,Webware.io,Panjim,FULL-TIME,Posted 3 years ago,https://startupgoa.org/job/webware-io-panjim-goa-full-time-qa-analyst-8/
DIGITAL MARKETING/SERVICES ANALYST,Webware.io,Panjim,FULL-TIME,Posted 3 years ago,https://startupgoa.org/job/webware-io-goa-full-time-digital-marketing-services-analyst-5/
UI /UX DEVELOPER,Webware.io,Panjim,FULL-TIME,Posted 3 years ago,https://startupgoa.org/job/webware-io-goa-full-time-ui-ux-developer-5/
CONTENT WRITER,Webware.io,Panjim,FULL-TIME,Posted 3 years ago,https://startupgoa.org/job/webware-io-goa-full-time-content-writer-2/
WORDPRESS DEVELOPER,PrestonRodz,Mapusa,FULL-TIME,Posted 3 years ago,https://startupgoa.org/job/prestonrodz-goa-full-time-wordpress-developer/
DRUPAL DEVELOPER /WEB DEVELOPER,"UCM Foundation, India",Margao,FULL-TIME,Posted 3 years ago,https://startupgoa.org/job/ucm-foundation-india-colva-full-time-drupal-developer-web-developer-4/
GRAPHIC DESIGNER,The Technology Maker,Margao,FULL-TIME,Posted 3 years ago,https://startupgoa.org/job/the-technology-maker-goa-full-time-graphic-designer/
GRAPHIC DESIGNER,Rubiq Solutions Pvt. Ltd.,Panjim,FULL-TIME,Posted 3 years ago,https://startupgoa.org/job/rubiq-solutions-pvt-ltd-panjim-goa-full-time-graphic-designer/
SEM SPECIALIST / GOOGLE ADS SPECIALIST,Prototyze,Panjim,FULL-TIME,Posted 3 years ago,https://startupgoa.org/job/prototyze-panjim-goa-full-time-sem-specialist-google-ads-specialist/
EVENT MARKETING MANAGER,Expogroup,Porvorim,FULL-TIME,Posted 3 years ago,https://startupgoa.org/job/expogroup-silvena-estate-full-time-event-marketing-manager/
DIGITAL MARKETING SPECIALIST,Kodework,Porvorim,FULL-TIME,Posted 3 years ago,https://startupgoa.org/job/kodework-goa-full-time-digital-marketing-specialist/
FREELANCE PHP DEVELOPER,New Vision Group Holding P. Ltd.,Mapusa,FULL-TIME,Posted 3 years ago,https://startupgoa.org/job/new-vision-group-holding-p-ltd-remote-or-goa-full-time-freelance-php-developer/
ACCOUNTS EXECUTIVE,Kilowott,Porvorim,FULL-TIME,Posted 3 years ago,https://startupgoa.org/job/kilowott-goa-full-time-accounts-executive/
FLUTTER DEVELOPER,The Technology Maker,Margao,FREELANCE,Posted 3 years ago,https://startupgoa.org/job/the-technology-maker-freelance-flutter-developer/
SALES EXECUTIVE,Burlyfiled Biotech Pvt Ltd,Other,FULL-TIME,Posted 3 years ago,https://startupgoa.org/job/burlyfiled-biotech-pvt-ltd-north-goa-full-time-sales-executive/
SR ACCOUNTANT,Best Services,Panjim,FULL-TIME,Posted 3 years ago,https://startupgoa.org/job/best-services-goa-panaji-full-time-sr-accountant/
URGENT OPENING – REACT.JS DEVELOPER,Simplit Software Solutions,Ponda,FULL-TIME,Posted 3 years ago,https://startupgoa.org/job/simplit-software-solutions-full-time-urgent-opening-react-js-developer/
DEVELOPER INTERN,Samasa Innovations Private Limited,Panjim,INTERNSHIP,Posted 3 years ago,https://startupgoa.org/job/samasa-innovations-private-limited-panjim-internship-developer-intern/
JR. WRITER,EDISOL,Porvorim,FULL-TIME,Posted 3 years ago,https://startupgoa.org/job/edisol-remote-work-from-home-full-time-jr-writer/
SUPPORT ENGINEER (WORK FROM HOME),Vacation Labs,Panjim,FULL-TIME,Posted 3 years ago,https://startupgoa.org/job/vacation-labs-work-from-home-full-time-support-engineer-work-from-home/
SOCIAL MEDIA STRATEGIST,DigitalDrop,Panjim,FULL-TIME,Posted 3 years ago,https://startupgoa.org/job/digitaldrop-mala-panjim-full-time-social-media-strategist/
DIGITAL MARKETING INTERN,DigitalDrop,Vasco,INTERNSHIP,Posted 3 years ago,https://startupgoa.org/job/digitaldrop-goa-india-internship-digital-marketing-intern/
DIGITAL MARKETING SPECIALIST,Digitaldrop,Panjim,FULL-TIME,Posted 3 years ago,https://startupgoa.org/job/digitaldrop-mala-panjim-full-time-digital-marketing-specialist/
HR ASSOCIATE,Kilowott,Porvorim,FULL-TIME,Posted 3 years ago,https://startupgoa.org/job/kilowott-goa-full-time-hr-associate/
DRIVER OPERATIONS ADMIN ASSISTANT,Grassdoor Logistics Technologies Pvt Ltd,Other,FULL-TIME,Posted 3 years ago,https://startupgoa.org/job/grassdoor-logistics-technologies-pvt-ltd-goa-full-time-driver-operations-admin-assistant/
"HIRING IMMEDIATELY, STAFF FOR MULTIPLE JOB POSITIONS",Best Services,Panjim,FULL-TIME,Posted 3 years ago,https://startupgoa.org/job/best-services-goa-panaji-full-time-hiring-immediately-staff-for-multiple-job-positions/
PHP DEVELOPER,New Vision Group Holding P. Ltd.,Mapusa,FULL-TIME,Posted 3 years ago,https://startupgoa.org/job/new-vision-group-holding-p-ltd-goa-full-time-php-developer/
CUSTOMER SUPPORT EXECUTIVE,Rio Moving,"Mapusa, Panjim",FULL-TIME,Posted 3 years ago,https://startupgoa.org/job/rio-moving-goa-full-time-customer-support-executive/
MARKETING EXECUTIVES,Kilowott,Porvorim,FULL-TIME,Posted 3 years ago,https://startupgoa.org/job/kilowott-goa-remote-permanent-full-time-hiring-marketing-executives/
PHP DEVELOPER,Kilowott,Porvorim,FULL-TIME,Posted 3 years ago,https://startupgoa.org/job/kilowott-goa-remote-permanent-full-time-php-developer/
"ACCOUNTS PAYABLE SPECIALIST, ACCOUNTS RECEIVABLE SPECIALIST AND REVENUE ACCOUNTANTS",Frontline Managed Services,Porvorim,FULL-TIME,Posted 3 years ago,https://startupgoa.org/job/frontline-managed-services-goa-full-time-accounts-payable-specialist-accounts-receivable-specialist-and-revenue-accountants/
"TRAINEE, SALES SUPPORT",SIVA Group,Verna,FULL-TIME,Posted 3 years ago,https://startupgoa.org/job/siva-group-goa-full-time-trainee-sales-support/
MARKETING ASSISTANT,Zion HR Consultancy,Porvorim,FULL-TIME,Posted 3 years ago,https://startupgoa.org/job/zion-hr-consultancy-goa-full-time-marketing-assistant/
FLUTTER DEVELOPER,Anant Informedia Pvt. Ltd,Panjim,FULL-TIME,Posted 3 years ago,https://startupgoa.org/job/anant-informedia-pvt-ltd-goa-full-time-flutter-developer/
ANDROID DEVELOPER,Anant Informedia Pvt. Ltd,Panjim,FULL-TIME,Posted 3 years ago,https://startupgoa.org/job/anant-informedia-pvt-ltd-goa-full-time-android-developer-3/
PHP DEVELOPER,Anant Informedia Pvt. Ltd,Panjim,FULL-TIME,Posted 3 years ago,https://startupgoa.org/job/anant-informedia-pvt-ltd-goa-full-time-php-developer-2/
PROJECT LEAD,Anant Informedia Pvt. Ltd,Panjim,FULL-TIME,Posted 3 years ago,https://startupgoa.org/job/anant-informedia-pvt-ltd-goa-full-time-project-lead-2/
SYSTEM ADMINISTRATOR,Anant Informedia Pvt. Ltd,Panjim,FULL-TIME,Posted 3 years ago,https://startupgoa.org/job/anant-informedia-pvt-ltd-goa-full-time-system-administrator-2/
SR. PHP DEVELOPER,WebFills,Margao,FULL-TIME,Posted 3 years ago,https://startupgoa.org/job/webfills-margao-full-time-sr-php-developer/
TECHNICAL SUPPORT ASSOCIATE,WebFills,Margao,FULL-TIME,Posted 3 years ago,https://startupgoa.org/job/webfills-margao-full-time-technical-support-associate-3/
SOCIAL MEDIA ACCOUNT MANAGER,Rubiq Solutions Pvt. Ltd.,Panjim,FULL-TIME,Posted 3 years ago,https://startupgoa.org/job/rubiq-solutions-pvt-ltd-full-time-social-media-account-manager/
BUSINESS DEVELOPMENT EXECUTIVE,Ideas Unlimited Digital,Panjim,FULL-TIME,Posted 3 years ago,https://startupgoa.org/job/ideas-unlimited-digital-full-time-business-development-executive/
CONTENT WRITER,Digital Pinion,Panjim,FULL-TIME,Posted 3 years ago,https://startupgoa.org/job/digital-pinion-goa-india-full-time-content-writer/
GRAPHIC DESIGNER,Digital Pinion,Panjim,FULL-TIME,Posted 3 years ago,https://startupgoa.org/job/digital-pinion-goa-india-full-time-graphic-designer/
WEB DEVELOPER,ADHIKARI ACADEMY OF LEARNING PRIVATE LIMITED,Ponda,FULL-TIME,Posted 3 years ago,https://startupgoa.org/job/adhikari-academy-of-learning-private-limited-goa-full-time-web-developer-3/
GRAPHICS DESIGNER,Sunshell,Porvorim,FULL-TIME,Posted 3 years ago,https://startupgoa.org/job/sunshell-porvorim-goa-full-time-graphics-designer/
GEOSPATIAL DATA SCIENTIST,Transerve Technologies Pvt. Ltd.,Panjim,FULL-TIME,Posted 3 years ago,https://startupgoa.org/job/transerve-technologies-pvt-ltd-panaji-goa-full-time-geospatial-data-scientist/
FRESHER’S – INTERNATIONAL CALL CENTER,Jobs for Goan,Panjim,FULL-TIME,Posted 3 years ago,https://startupgoa.org/job/jobs-for-goan-patto-full-time-freshers-international-call-center/
CREATIVE DESIGNER – GRAPHICS DESIGN & VIDEO EDITING,Team Inertia Technologies,Panjim,FULL-TIME,Posted 3 years ago,https://startupgoa.org/job/team-inertia-technologies-panjim-full-time-creative-designer-graphics-design-video-editing/
PAID ADS MANAGER,GrowthGravy,Panjim,FULL-TIME,Posted 3 years ago,https://startupgoa.org/job/growthgravy-nizmar-center-401-dr-atmaram-borkar-rd-panaji-goa-403001-full-time-paid-ads-manager-3/
BUSINESS DEVELOPMENT EXECUTIVE/TRAINEE,GrowthGravy,Panjim,FULL-TIME,Posted 3 years ago,https://startupgoa.org/job/growthgravy-nizmar-center-401-dr-atmaram-borkar-rd-panaji-goa-403001-full-time-business-development-executive-trainee/
FLUTTER DEVELOPER,Dreamlogic Infosystems,Panjim,FULL-TIME,Posted 3 years ago,https://startupgoa.org/job/dreamlogic-infosystems-goa-full-time-flutter-developer/
PHP DEVELOPER,Codanto,Panjim,FULL-TIME,Posted 3 years ago,https://startupgoa.org/job/codanto-panjim-goa-full-time-php-developer/
TEAM LEAD – PHP,Helix Tech,Porvorim,FULL-TIME,Posted 3 years ago,https://startupgoa.org/job/helix-tech-goa-full-time-tech-lead-php/
BUSINESS DEVELOPMENT EXECUTIVE,BLITS Global Technologies Pvt Ltd,Vasco,FULL-TIME,Posted 3 years ago,https://startupgoa.org/job/blits-global-technologies-pvt-ltd-mormugao-full-time-commercial-sales-executive/
BUSINESS ANALYST,Kilowott,Porvorim,FULL-TIME,Posted 3 years ago,https://startupgoa.org/job/kilowott-goa-go-full-time-business-analyst/
UI DEVELOPER,Kilowott,Porvorim,FULL-TIME,Posted 3 years ago,https://startupgoa.org/job/kilowott-goa-go-full-time-ui-developer/
INSIDE SALES EXECUTIVE,Jobs for Goan,Panjim,FULL-TIME,Posted 3 years ago,https://startupgoa.org/job/jobs-for-goan-panjim-full-time-inside-sales-executive/
SALES EXECUTIVE,Scalenxt Global,Panjim,FULL-TIME,Posted 3 years ago,https://startupgoa.org/job/scalenxt-global-goa-full-time-sales-executive/
REVENUE MANAGEMENT EXECUTIVE,Scalenxt Global,Panjim,FULL-TIME,Posted 3 years ago,https://startupgoa.org/job/scalenxt-global-goa-full-time-revenue-management-executive/
PHOTOGRAPHER CUM VIDEOGRAPHER,Scalenxt Global,Panjim,FULL-TIME,Posted 3 years ago,https://startupgoa.org/job/scalenxt-global-goa-full-time-photographer-cum-videographer/
MULTIMEDIA CONTENT CREATOR,Scalenxt Global,Panjim,FULL-TIME,Posted 3 years ago,https://startupgoa.org/job/scalenxt-global-goa-full-time-multimedia-content-creator/
SALES AND MARKETING BUSINESS EXECUTIVE,Ryel Projects,Mapusa,FULL-TIME,Posted 3 years ago,https://startupgoa.org/job/ryel-projects-mapusa-full-time-sales-and-marketing-business-executive-2/
COMPUTER IT ENGINEER,Ryel Projects,Mapusa,FULL-TIME,Posted 3 years ago,https://startupgoa.org/job/ryel-projects-mapusa-full-time-computer-it-engineer-2/
"FRONT END DEVELOPER – REACT JS, REACT NATIVE",Leigia Solutions,Panjim,FULL-TIME,Posted 3 years ago,https://startupgoa.org/job/leigia-solutions-goa-full-time-front-end-developer-react-js-react-native/
ECOMMERCE EXECUTIVE,Kartalyzer Ventures,Panjim,FULL-TIME,Posted 3 years ago,https://startupgoa.org/job/kartalyzer-ventures-goa-full-time-ecommerce-executive/
E-COMMERCE EXECUTIVE,Browntape Technologies Pvt. Ltd,Porvorim,FULL-TIME,Posted 3 years ago,https://startupgoa.org/job/browntape-technologies-pvt-ltd-goa-full-time-e-commerce-executive/
CONTENT WRITER,Schrodingers Media,Palolem,FULL-TIME,Posted 3 years ago,https://startupgoa.org/job/schrodingers-media-full-time-content-writer/
SOCIAL MEDIA MARKETING MANAGER / ASSOCIATE,Lighterature Studios,Panjim,FULL-TIME,Posted 3 years ago,https://startupgoa.org/job/lighterature-studios-goa-full-time-hr-manager/
SOCIAL MEDIA MANAGER,Cruising Club India,Panjim,FULL-TIME,Posted 3 years ago,https://startupgoa.org/job/cruising-club-india-goa-full-time-social-media-manager/
SOCIAL MEDIA MANAGER,Growth Gravy,Panjim,FULL-TIME,Posted 3 years ago,https://startupgoa.org/job/growth-gravy-goa-full-time-social-media-manager-5/
HR EXECUTIVE,Neo Group,Panjim,FULL-TIME,Posted 3 years ago,https://startupgoa.org/job/neo-group-full-time-hr-executive-2/
FRESHER DEVELOPERS,Sapnagroup,Panjim,FULL-TIME,Posted 3 years ago,https://startupgoa.org/job/sapnagroup-full-time-fresher-developers/
SOFTWARE DEVELOPERS,Sapnagroup,Panjim,FULL-TIME,Posted 3 years ago,https://startupgoa.org/job/sapnagroup-panjim-goa-full-time-software-developers/
VARIOUS INTERNSHIP ROLES,DC Automation Systems OPC Pvt Ltd,Other,INTERNSHIP,Posted 3 years ago,https://startupgoa.org/job/dc-automation-systems-opc-pvt-ltd-goa-wfh-internship-various-internship-roles-2/
REACT NATIVE MOBILE APP DEVELOPER,Spintly India Private Limited,Margao,FULL-TIME,Posted 3 years ago,https://startupgoa.org/job/spintly-india-private-limited-full-time-react-native-mobile-app-developer/
SOCIAL MEDIA EXECUTIVE – WORK FROM OFFICE,Rubiq Solutions Pvt. Ltd.,Panjim,FULL-TIME,Posted 3 years ago,https://startupgoa.org/job/rubiq-solutions-pvt-ltd-panjim-goa-full-time-social-media-executive-work-from-office/
SOCIAL MEDIA SPECIALIST- HYBRID,Rubiq Solutions Pvt. Ltd.,Panjim,FULL-TIME,Posted 3 years ago,https://startupgoa.org/job/rubiq-solutions-pvt-ltd-panjim-goa-full-time-social-media-specialist-hybrid/
UI/UX DESIGNER,GrowthGravy,Panjim,FULL-TIME,Posted 3 years ago,https://startupgoa.org/job/growthgravy-nizmar-center-401-dr-atmaram-borkar-rd-panaji-goa-403001-full-time-ui-ux-designer-3/
GRAPHIC DESIGNER-FULL TIME,Growth Gravy,Panjim,FULL-TIME,Posted 3 years ago,https://startupgoa.org/job/growth-gravy-goa-full-time-graphic-designer-full-time-4/
SOCIAL MEDIA MANAGER,Growth Gravy,Panjim,FULL-TIME,Posted 3 years ago,https://startupgoa.org/job/growth-gravy-goa-full-time-social-media-manager-3/
FLUTTER DEVELOPER,Veara Creatives,Panjim,FULL-TIME,Posted 3 years ago,https://startupgoa.org/job/veara-creatives-panjim-goa-full-time-flutter-developer/
IT SYSTEM ADMINISTRATOR,Axzora Pvt. Ltd.,Panjim,FULL-TIME,Posted 3 years ago,https://startupgoa.org/job/axzora-pvt-ltd-goa-full-time-it-system-administrator/
SOFTWARE DEVELOPER,Simplit Software Solutions,Panjim,FULL-TIME,Posted 3 years ago,https://startupgoa.org/job/simplit-software-solutions-hybrid-full-time-software-developer/
GRAPHIC DESIGNER,Digitaldrop,Panjim,FULL-TIME,Posted 3 years ago,https://startupgoa.org/job/digitaldrop-panjim-goa-full-time-graphic-designer/
SALES EXECUTIVE,Phinixx Technovations Private Limited,Margao,FULL-TIME,Posted 3 years ago,https://startupgoa.org/job/phinixx-technovations-private-limited-goa-full-time-sales-executive/
BUSINESS DEVELOPMENT AND SALES EXECUTIVES,RV Solutions,Mapusa,FULL-TIME,Posted 3 years ago,https://startupgoa.org/job/rv-solutions-full-time-business-development-and-sales-executives/
BENCH RECRUITERS/US IT RECRUITERS,RV Solutions,Mapusa,FULL-TIME,Posted 3 years ago,https://startupgoa.org/job/rv-solutions-full-time-bench-recruiters-us-it-recruiters/
RECRUITER – FRESHER – WORK FROM HOME,Jobs for Goan,Other,FULL-TIME,Posted 3 years ago,https://startupgoa.org/job/jobs-for-goan-work-from-home-full-time-researcher-fresher-work-from-home/
RESERVATIONS MANAGER,Jobs for Goan,Other,FULL-TIME,Posted 3 years ago,https://startupgoa.org/job/jobs-for-goan-mandrem-full-time-reservations-manager/
SALES EXECUTIVE,GHD Infra Developers Pvt Ltd,Porvorim,FULL-TIME,Posted 3 years ago,https://startupgoa.org/job/ghd-infra-developers-pvt-ltd-porvorim-goa-full-time-sales-executive-2/
FULL STACK DEVELOPER,Discoveries Quintessential Private Limited,Margao,FULL-TIME,Posted 3 years ago,https://startupgoa.org/job/discoveries-quintessential-private-limited-full-time-full-stack-developer/
BACKEND DEVELOPER,Discoveries Quintessential Private Limited,Margao,FULL-TIME,Posted 3 years ago,https://startupgoa.org/job/discoveries-quintessential-private-limited-full-time-backend-developer/
FRONTEND DEVELOPER,Discoveries Quintessential Private Limited,Margao,FULL-TIME,Posted 3 years ago,https://startupgoa.org/job/discoveries-quintessential-private-limited-full-time-frontend-developer/
DOT NET DEVELOPER,Discoveries Quintessential Private Limited,Verna,FULL-TIME,Posted 3 years ago,https://startupgoa.org/job/discoveries-quintessential-private-limited-full-time-dot-net-developer/
BUSINESS ANALYST,Discoveries Quintessential Private Limited,Panjim,FULL-TIME,Posted 3 years ago,https://startupgoa.org/job/discoveries-quintessential-private-limited-panaji-full-time-business-analyst/
CUSTOMER SUCCESS EXECUTIVE,Browntape Technologies PVT LTD,Porvorim,FULL-TIME,Posted 3 years ago,https://startupgoa.org/job/browntape-technologies-pvt-ltd-goa-full-time-vice-president/
BLOG WRITER,Webware.io,Panjim,FULL-TIME,Posted 3 years ago,https://startupgoa.org/job/webware-io-goa-full-time-blog-writer-3/
HOTEL SALES EXECUTIVES,Acron Group of Hotels,Other,FULL-TIME,Posted 3 years ago,https://startupgoa.org/job/acron-group-of-hotels-india-full-time-hotel-sales-executives/
HEAD OF OPERATIONS,Jobs for Goan,Other,FULL-TIME,Posted 3 years ago,https://startupgoa.org/job/jobs-for-goan-nachinola-full-time-head-of-operations/
SUPPORT EXECUTIVE ROLE FOR FRESHERS (WORK FROM HOME),Vacation Labs,Panjim,FULL-TIME,Posted 3 years ago,https://startupgoa.org/job/vacation-labs-work-from-home-full-time-support-executive-role-for-freshers-work-from-home/
SALES EXECUTIVE,Jobs for Goan,Mapusa,FULL-TIME,Posted 3 years ago,https://startupgoa.org/job/jobs-for-goan-nachinola-full-time-sales-executive/
EXCURSION COORDINATOR – HOSPITALITY,Jobs for Goan,Other,FULL-TIME,Posted 3 years ago,https://startupgoa.org/job/jobs-for-goan-north-goa-full-time-excursion-coordinator-hospitality/
SEO EXECUTIVE,Jobs for Goan,Saligao,FULL-TIME,Posted 3 years ago,https://startupgoa.org/job/jobs-for-goan-saligao-full-time-seo-executive/
WEDDING PLANNER,Jobs for Goan,Other,FULL-TIME,Posted 3 years ago,https://startupgoa.org/job/jobs-for-goan-goa-full-time-wedding-planner/
DIGITIZE DIGITALLY,DigitizeDigitally,Margao,PART-TIME,Posted 3 years ago,https://startupgoa.org/job/digitizedigitally-delhi-part-time-digitize-digitally/
MARKETING EXECUTIVE,Kilowott,Porvorim,FULL-TIME,Posted 3 years ago,https://startupgoa.org/job/kilowott-goa-go-full-time-marketing-executive/
REMOTE WORDPRESS DEVELOPER,Octalogic Tech,Other,FULL-TIME,Posted 3 years ago,https://startupgoa.org/job/octalogic-tech-remote-full-time-remote-wordpress-developer/
SALES MANAGER,Phinixx Technovations Private Limited,Margao,FULL-TIME,Posted 3 years ago,https://startupgoa.org/job/phinixx-technovations-private-limited-goa-full-time-sales-manager/
FLUTTER DEVELOPER,Helix Tech,Porvorim,FULL-TIME,Posted 3 years ago,https://startupgoa.org/job/helix-tech-goa-full-time-flutter-developer-2/
SALES EXECUTIVE,WEBLOZEE IT Solutions,Mapusa,FULL-TIME,Posted 3 years ago,https://startupgoa.org/job/weblozee-it-solutions-mapusa-full-time-sales-executive/
SOFTWARE ARCHITECT,MEGALON,Panjim,FULL-TIME,Posted 3 years ago,https://startupgoa.org/job/megalon-goa-full-time-software-architect/
SOFTWARE ENGINEER,MEGALON,Panjim,FULL-TIME,Posted 3 years ago,https://startupgoa.org/job/megalon-goa-full-time-software-engineer/
OFFICE BOY CUM SECURITY GUARD,Axzora Pvt. Ltd.,Panjim,FULL-TIME,Posted 3 years ago,https://startupgoa.org/job/axzora-pvt-ltd-goa-full-time-office-boy-cum-security-guard/
.NET PROGRAMMER – FREELANCER,Expogroup,Porvorim,FREELANCE,Posted 3 years ago,https://startupgoa.org/job/expogroup-freelance-net-programmer-freelancer/
MOBILE APP DEVELOPER,BEX Technologies Pvt. Ltd.,Panjim,FULL-TIME,Posted 3 years ago,https://startupgoa.org/job/bex-technologies-pvt-ltd-panaji-full-time-mobile-app-developer/
WORDPRESS DEVELOPER (PHP),Coderix Solutions LLP,Ponda,FULL-TIME,Posted 3 years ago,https://startupgoa.org/job/coderix-solutions-llp-ponda-or-panjim-full-time-wordpress-developer-php/
DIGITAL MARKETING EXECUTIVE,Coderix Solutions LLP,Ponda,FULL-TIME,Posted 3 years ago,https://startupgoa.org/job/coderix-solutions-llp-ponda-or-panjim-full-time-digital-marketing-executive/
MARKETING EXECUTIVE,New Vision Printing Services P. Ltd.,Mapusa,FULL-TIME,Posted 3 years ago,https://startupgoa.org/job/new-vision-printing-services-p-ltd-remote-full-time-marketing-executive/
DRUPAL DEVELOPER,New Vision Group Holding P. Ltd.,Mapusa,FULL-TIME,Posted 3 years ago,https://startupgoa.org/job/new-vision-group-holding-p-ltd-full-time-drupal-developer/
QUALITY ASSURANCE,freethink,Panjim,FULL-TIME,Posted 3 years ago,https://startupgoa.org/job/freethink-dempo-trade-center-patto-full-time-quality-assurance-2/
WEB DEVELOPER- TRAINEE,GrowthGravy,Panjim,INTERNSHIP,Posted 3 years ago,https://startupgoa.org/job/growthgravy-nizmar-center-401-dr-atmaram-borkar-rd-panaji-goa-403001-internship-web-developer-trainee-2/
WORDPRESS DEVELOPER,Growth Gravy,Panjim,FULL-TIME,Posted 3 years ago,https://startupgoa.org/job/growth-gravy-goa-full-time-wordpress-developer-3/
"ADS INTERN – GOOGLE, FACEBOOK, INSTAGRAM",Growth Gravy,Panjim,INTERNSHIP,Posted 3 years ago,https://startupgoa.org/job/growth-gravy-goa-internship-ads-intern-google-facebook-instagram-4/
DIGITAL ADVERTISING INTERN,Growth Gravy,Panjim,INTERNSHIP,Posted 3 years ago,https://startupgoa.org/job/growth-gravy-goa-internship-digital-advertising-intern-2/
DIGITAL ADVERTISING MANAGER,Growth Gravy,Panjim,FULL-TIME,Posted 3 years ago,https://startupgoa.org/job/growth-gravy-goa-full-time-digital-advertising-manager-2/
PAID ADS MANAGER,GrowthGravy,Panjim,FULL-TIME,Posted 3 years ago,https://startupgoa.org/job/growthgravy-nizmar-center-401-dr-atmaram-borkar-rd-panaji-goa-403001-full-time-paid-ads-manager-2/
UI/UX DESIGNER,GrowthGravy,Panjim,FULL-TIME,Posted 3 years ago,https://startupgoa.org/job/growthgravy-nizmar-center-401-dr-atmaram-borkar-rd-panaji-goa-403001-full-time-ui-ux-designer-2/
CONTENT WRITER,Growth Gravy,Panjim,FULL-TIME,Posted 3 years ago,https://startupgoa.org/job/growth-gravy-goa-full-time-content-writer-2/
SOCIAL MEDIA MANAGER,Growth Gravy,Panjim,FULL-TIME,Posted 3 years ago,https://startupgoa.org/job/growth-gravy-goa-full-time-social-media-manager-2/
GRAPHIC DESIGNER-FULL TIME,Growth Gravy,Panjim,FULL-TIME,Posted 3 years ago,https://startupgoa.org/job/growth-gravy-goa-full-time-graphic-designer-full-time-3/
CONTENT WRITERS & BLOGGERS,Goa Prism Digital Media,Panjim,FULL-TIME,Posted 3 years ago,https://startupgoa.org/job/goa-prism-digital-media-goa-full-time-content-writers-bloggers/
WEB DESIGNER,Sunshell,Porvorim,FULL-TIME,Posted 3 years ago,https://startupgoa.org/job/sunshell-porvorim-goa-full-time-web-designer/
SALES MANAGER / SALES EXECUTIVE,Propstar Exclusive Realty,Panjim,FULL-TIME,Posted 3 years ago,https://startupgoa.org/job/propstar-exclusive-realty-full-time-sales-manager-sales-executive/
SEARCH ENGINE OPTIMIZATION EXECUTIVE,Digitaldrop,Panjim,FULL-TIME,Posted 3 years ago,https://startupgoa.org/job/digitaldrop-panjim-goa-full-time-search-engine-optimization-executive/
JUNIOR DEVELOPER,2ORDR INTERNATIONAL LLC,Mapusa,FULL-TIME,Posted 3 years ago,https://startupgoa.org/job/2ordr-international-llc-mapusa-full-time-junior-software-developer-tester/
SALES & BUSINESS ADMINISTRATION,WHN NEXT,Mapusa,FULL-TIME,Posted 3 years ago,https://startupgoa.org/job/whn-next-ucassaim-full-time-sales-business-administration/
BUSINESS DEVELOPMENT EXECUTIVE,Adsperfection,Panjim,FULL-TIME,Posted 3 years ago,https://startupgoa.org/job/adsperfection-panaji-full-time-business-development-executive/
BUSINESS DEVELOPMENT MANGER,Sumant Cloud,Panjim,FULL-TIME,Posted 3 years ago,https://startupgoa.org/job/sumant-cloud-goa-full-time-business-development-manger/
BUSINESS ANALYST,freethink,Panjim,FULL-TIME,Posted 3 years ago,https://startupgoa.org/job/freethink-dempo-trade-center-patto-full-time-business-analyst/
ENTRY LEVEL. NO EXPERIENCE,Gotchya,Other,FREELANCE,Posted 3 years ago,https://startupgoa.org/job/gotchya-goa-freelance-entry-level-no-experience/
E-COMMERCE EXECUTIVE – DATA ENTRY AND MANAGEMENT,Custom Elements,Margao,FULL-TIME,Posted 3 years ago,https://startupgoa.org/job/custom-elements-goa-full-time-e-commerce-executive-data-entry-and-management/
SEO SPECIALIST,Custom Elements,Margao,FULL-TIME,Posted 3 years ago,https://startupgoa.org/job/custom-elements-goa-full-time-seo-specialist/
PRODUCT DEVELOPMENT (PRINT FACTORY),New Vision Printing Services P. Ltd.,Mapusa,FULL-TIME,Posted 3 years ago,https://startupgoa.org/job/new-vision-printing-services-p-ltd-full-time-product-development-print-factory/
FULL STACK DEVELOPER,Nikhil Jadhav,Margao,FULL-TIME,Posted 3 years ago,https://startupgoa.org/job/nikhil-jadhav-goa-full-time-full-stack-developer/
GRAPHIC DESIGNER,Nikhil Jadhav,Margao,FULL-TIME,Posted 3 years ago,https://startupgoa.org/job/nikhil-jadhav-goa-full-time-graphic-designer/
SOCIAL MEDIA MANAGER / DIGITAL MARKETER,Nikhil Jadhav,Margao,FULL-TIME,Posted 3 years ago,https://startupgoa.org/job/nikhil-jadhav-goa-full-time-social-media-manager-digital-marketer/
UI DESIGNER,Jobs for Goan,Saligao,FULL-TIME,Posted 3 years ago,https://startupgoa.org/job/jobs-for-goan-full-time-ui-designer/
FULL STACK DEVELOPER (PHP & WORDPRESS),Jobs for Goan,Saligao,FULL-TIME,Posted 3 years ago,https://startupgoa.org/job/jobs-for-goan-saligao-full-time-full-stack-developer-php-wordpress/
IT ASSOCIATE,Vianaar Homes Pvt Ltd.,Mapusa,FULL-TIME,Posted 3 years ago,https://startupgoa.org/job/vianaar-homes-pvt-ltd-north-goa-full-time-it-associate/
OFFICE ASSISTANT(AUTOMOBILE WORKSHOP),Zion HR Consultancy,Other,FULL-TIME,Posted 3 years ago,https://startupgoa.org/job/zion-hr-consultancy-goa-full-time-office-assistantautomobile-workshop/
LARAVEL / REACT JS – FULL STACK DEVELOPER,Intuio Software Labs Private Limited,Margao,FULL-TIME,Posted 3 years ago,https://startupgoa.org/job/intuio-software-labs-private-limited-remote-hybrid-full-time-laravel-react-js-full-stack-developer/
FLUTTER DEVELOPER,Intuio Software Labs Private Limited,Margao,FULL-TIME,Posted 3 years ago,https://startupgoa.org/job/intuio-software-labs-private-limited-remote-hybrid-full-time-flutter-developer/
OFFICE ASSISTANT,Zion HR Consultancy,Other,FULL-TIME,Posted 3 years ago,https://startupgoa.org/job/zion-hr-consultancy-goa-full-time-office-assistant/
TECH INTERNS – FULL TIME/ PART TIME,iodroplet.com,Mapusa,INTERNSHIP,Posted 3 years ago,https://startupgoa.org/job/iodroplet-com-goa-internship-tech-interns/
FIELD SALES AGENT,Zion HR Consultancy,Panjim,FULL-TIME,Posted 3 years ago,https://startupgoa.org/job/zion-hr-consultancy-goa-full-time-field-sales-agent/
SEO MANAGER,Rubiq Solutions Pvt. Ltd.,Panjim,FULL-TIME,Posted 3 years ago,https://startupgoa.org/job/rubiq-solutions-pvt-ltd-goa-full-time-seo-manager-2/
CUSTOMER CARE EXECUTIVE,Rubiq Solutions Pvt. Ltd.,Panjim,FULL-TIME,Posted 3 years ago,https://startupgoa.org/job/rubiq-solutions-pvt-ltd-full-time-customer-care-executive/
SOCIAL MEDIA MARKETING MANAGER,Rubiq Solutions Pvt. Ltd.,Panjim,FULL-TIME,Posted 3 years ago,https://startupgoa.org/job/rubiq-solutions-pvt-ltd-goa-full-time-social-media-marketing-manager-2/
ACCOUNTANT,Zion HR Consultancy,Panjim,FULL-TIME,Posted 3 years ago,https://startupgoa.org/job/zion-hr-consultancy-goa-full-time-accountant/
"FEMALE / MALE CANDIDATE FOR OFFICE ASSISTANT CUM MARKETING JOB FOR MY GOA 365, MIRAMAR",MY GOA 365,Panjim,FULL-TIME,Posted 3 years ago,https://startupgoa.org/job/my-goa-365-miramar-full-time-female-male-candidate-for-office-assistant-cum-marketing-job-for-my-goa-365-miramar/
BUSINESS MARKETING EXECUTIVES,Feedback Tower Pvt Ltd,Panjim,FULL-TIME,Posted 3 years ago,https://startupgoa.org/job/feedback-tower-pvt-ltd-patto-panaji-goa-full-time-business-marketing-executives/
VIRTUAL ASSISTANT,Professional Model Service,Margao,FULL-TIME,Posted 3 years ago,https://startupgoa.org/job/professional-model-service-full-time-virtual-assistant-2/
SOCIAL MEDIA MANAGER,Jobs for Goan,Porvorim,FULL-TIME,Posted 3 years ago,https://startupgoa.org/job/jobs-for-goan-full-time-social-media-manager-3/
SOCIAL MEDIA DESIGNER,Jobs for Goan,Porvorim,FULL-TIME,Posted 3 years ago,https://startupgoa.org/job/jobs-for-goan-porvorim-full-time-social-media-designer-2/
COPY WRITER,Jobs for Goan,Porvorim,FULL-TIME,Posted 3 years ago,https://startupgoa.org/job/jobs-for-goan-north-goa-full-time-copy-writer-3/
ACCOUNTS ASSOCIATE – PAYABLE (HOSPITALITY/HOTEL),Jobs for Goan,Other,FULL-TIME,Posted 3 years ago,https://startupgoa.org/job/jobs-for-goan-cavelosim-full-time-accounts-associate-payable-hospitality-hotel/
REAL ESTATE – SALES MANAGER,Jobs for Goan,Panjim,FULL-TIME,Posted 3 years ago,https://startupgoa.org/job/jobs-for-goan-panjim-full-time-real-estate-sales-manager/
GUEST RELATIONS EXECUTIVE – CASINO (FEMALE),Jobs for Goan,Panjim,FULL-TIME,Posted 3 years ago,https://startupgoa.org/job/jobs-for-goan-panjim-full-time-guest-relations-executive-casino-female/
ACCOUNTANT (TAX SPECIALIST),Jobs for Goan,Porvorim,FULL-TIME,Posted 3 years ago,https://startupgoa.org/job/jobs-for-goan-porvorim-full-time-accountant-tax-specialist/
ACCOUNTANT,Jobs for Goan,Other,FULL-TIME,Posted 3 years ago,https://startupgoa.org/job/jobs-for-goan-goa-full-time-accountant/
BACK-END DEVELOPER,Designway,Panjim,FULL-TIME,Posted 3 years ago,https://startupgoa.org/job/designway-goa-full-time-back-end-developer-2/
SALES EXECUTIVE,Designway,Panjim,FULL-TIME,Posted 3 years ago,https://startupgoa.org/job/designway-goa-full-time-sales-executive-3/
SYSTEMS AND NETWORK ENGINEER,Designway,Panjim,FULL-TIME,Posted 3 years ago,https://startupgoa.org/job/designway-goa-full-time-systems-and-network-engineer-5/
SOFTWARE DEVELOPER,Designway,Panjim,FULL-TIME,Posted 3 years ago,https://startupgoa.org/job/designway-goa-full-time-software-developer-4/
C#.NET DEVELOPER,Designway,Panjim,FULL-TIME,Posted 3 years ago,https://startupgoa.org/job/designway-goa-full-time-net-developer-3/
MEAN STACK DEVELOPER,Designway,Panjim,FULL-TIME,Posted 3 years ago,https://startupgoa.org/job/designway-goa-full-time-mean-stack-developer-2/
MEAN STACK DEVELOPER,Designway,Panjim,FULL-TIME,Posted 4 years ago,https://startupgoa.org/job/designway-goa-full-time-mean-stack-developer/
SOFTWARE DEVELOPER,Designway,Panjim,FULL-TIME,Posted 4 years ago,https://startupgoa.org/job/designway-goa-full-time-software-developer-3/
.NET DEVELOPER,Designway,Panjim,FULL-TIME,Posted 4 years ago,https://startupgoa.org/job/designway-goa-full-time-net-developer-2/
SALES EXECUTIVE,Designway,Panjim,FULL-TIME,Posted 4 years ago,https://startupgoa.org/job/designway-goa-full-time-sales-executive-2/
WANTED COMPUTER FACULTY,Agate Techno Systems Pvt Ltd,Panjim,FULL-TIME,Posted 4 years ago,https://startupgoa.org/job/agate-techno-systems-pvt-ltd-panaji-goa-full-time-wanted-computer-faculty/
MOBILE APPLICATION DEVELOPER,Creative Capsule Infotech,Verna,FULL-TIME,Posted 4 years ago,https://startupgoa.org/job/creative-capsule-infotech-goa-full-time-mobile-application-developer-2/
PROJECT MANAGER,Creative Capsule Infotech,Verna,FULL-TIME,Posted 4 years ago,https://startupgoa.org/job/creative-capsule-infotech-goa-full-time-project-manager-2/
THE LEAD MARKET,The Lead Market,Other,FULL-TIME,Posted 4 years ago,https://startupgoa.org/job/the-lead-market-full-time-the-lead-market/
OPERATIONS MANAGER – FULL TIME,Make It Happen,Panjim,FULL-TIME,Posted 4 years ago,https://startupgoa.org/job/make-it-happen-goa-full-time-operations-manager-full-time/
DIGITAL ADVERTISING MANAGER,Growth Gravy,Panjim,FULL-TIME,Posted 4 years ago,https://startupgoa.org/job/growth-gravy-goa-full-time-digital-advertising-manager/
DIGITAL ADVERTISING INTERN,Growth Gravy,Panjim,INTERNSHIP,Posted 4 years ago,https://startupgoa.org/job/growth-gravy-goa-internship-digital-advertising-intern/
"ADS INTERN – GOOGLE, FACEBOOK, INSTAGRAM",Growth Gravy,Panjim,INTERNSHIP,Posted 4 years ago,https://startupgoa.org/job/growth-gravy-goa-internship-ads-intern-google-facebook-instagram/
FACEBOOK ADS INTERN,Growth Gravy,Panjim,INTERNSHIP,Posted 4 years ago,https://startupgoa.org/job/growth-gravy-goa-internship-facebook-ads-intern/
DIGITAL MARKETER,Growth Gravy,Panjim,INTERNSHIP,Posted 4 years ago,https://startupgoa.org/job/growth-gravy-goa-internship-digital-marketer/
PERFORMANCE MARKERTER,Growth Gravy,Panjim,INTERNSHIP,Posted 4 years ago,https://startupgoa.org/job/growth-gravy-goa-internship-performance-markerter/
DIGITAL ADS INTERN,Growth Gravy,Panjim,INTERNSHIP,Posted 4 years ago,https://startupgoa.org/job/growth-gravy-goa-internship-digital-ads-intern/
GOOGLE ADS INTERN,Growth Gravy,Panjim,INTERNSHIP,Posted 4 years ago,https://startupgoa.org/job/growth-gravy-goa-internship-google-ads-intern/
PAID MEDIA EXECUTIVE,Growth Gravy,Panjim,INTERNSHIP,Posted 4 years ago,https://startupgoa.org/job/growth-gravy-goa-internship-paid-media-executive/
INTERNSHIPS IN GOA – MULTIPLE POSITIONS,Growth Gravy,Panjim,INTERNSHIP,Posted 4 years ago,https://startupgoa.org/job/growth-gravy-goa-internship-internships-in-goa-multiple-positions/
SOCIAL MEDIA EXECUTIVE,Growth Gravy,Panjim,FULL-TIME,Posted 4 years ago,https://startupgoa.org/job/growth-gravy-goa-full-time-social-media-executive/
COPYWRITER,Growth Gravy,Panjim,FULL-TIME,Posted 4 years ago,https://startupgoa.org/job/growth-gravy-goa-full-time-copywriter/
CONTENT WRITER,Growth Gravy,Panjim,FULL-TIME,Posted 4 years ago,https://startupgoa.org/job/growth-gravy-goa-full-time-content-writer/
DIGITAL MARKETING EXECUTIVE,Growth Gravy,Panjim,FULL-TIME,Posted 4 years ago,https://startupgoa.org/job/growth-gravy-goa-full-time-digital-marketing-executive/
DIGITAL ADS EXECUTIVE,Growth Gravy,Panjim,FULL-TIME,Posted 4 years ago,https://startupgoa.org/job/growth-gravy-goa-full-time-digital-ads-executive/
GRAPHIC DESIGNER-FULL TIME,Growth Gravy,Panjim,FULL-TIME,Posted 4 years ago,https://startupgoa.org/job/growth-gravy-goa-full-time-graphic-designer-full-time/
DIGITAL MARKETING INTERN,Growth Gravy,Panjim,FULL-TIME,Posted 4 years ago,https://startupgoa.org/job/growth-gravy-goa-full-time-digital-marketing-intern/
SOCIAL MEDIA INTERN,Growth Gravy,Panjim,INTERNSHIP,Posted 4 years ago,https://startupgoa.org/job/growth-gravy-goa-internship-social-media-intern/
SENIOR GRAPHIC DESIGNER,Growth Gravy,Panjim,FULL-TIME,Posted 4 years ago,https://startupgoa.org/job/growth-gravy-goa-full-time-senior-graphic-designer/
WORDPRESS DEVELOPER,Growth Gravy,Panjim,FULL-TIME,Posted 4 years ago,https://startupgoa.org/job/growth-gravy-goa-full-time-wordpress-developer-2/
FIELD SERVICE ENGINEER,Technology Inc,Porvorim,FULL-TIME,Posted 4 years ago,https://startupgoa.org/job/technology-inc-goa-full-time-field-service-engineer-2/
UI /UX DEVELOPER,Webware.io,Panjim,FULL-TIME,Posted 4 years ago,https://startupgoa.org/job/webware-io-goa-full-time-ui-ux-developer-4/
VUE.JS DEVELOPER,TintBytes.com,Panjim,FULL-TIME,Posted 4 years ago,https://startupgoa.org/job/tintbytes-com-remote-full-time-vue-js-developer/
POWERSHELL SCRIPTING,2ORDR INTERNATIONAL LLC,Mapusa,FULL-TIME,Posted 4 years ago,https://startupgoa.org/job/2ordr-international-llc-canca-full-time-powershell-scripting/
SOFTWARE ENGINEERS AT ALL LEVELS,Turtlemint,Panjim,FULL-TIME,Posted 4 years ago,https://startupgoa.org/job/turtlemint-panjim-goa-full-time-software-developers-at-all-levels/
JDE S&D,Global Minds,Other,FULL-TIME,Posted 4 years ago,https://startupgoa.org/job/global-minds-full-time-jde-sd/
JDE TECHNICAL,Global Minds,Other,FULL-TIME,Posted 4 years ago,https://startupgoa.org/job/global-minds-full-time-jde-technical/
JDE FINANCE,Global Minds,Other,FULL-TIME,Posted 4 years ago,https://startupgoa.org/job/global-minds-full-time-jde-finance/
JAVA DEVELOPER,Xenerx Healthcare Services Private Limited,Porvorim,FULL-TIME,Posted 4 years ago,https://startupgoa.org/job/xenerx-healthcare-services-private-limited-sapna-gardens-full-time-java-developer/
CUSTOMER PHONE SUPPORT,GoiCar,Mapusa,FULL-TIME,Posted 4 years ago,https://startupgoa.org/job/goicar-colvale-bardez-full-time-customer-support-executive-hindi-english-speaking/
SEO SPECIALISTS,GoiCar,Mapusa,FULL-TIME,Posted 4 years ago,https://startupgoa.org/job/goicar-colvale-bardez-full-time-digital-marketing-and-seo-specialists/
DRUPAL /ANGULAR DEVELOPER,TintBytes.com,Panjim,FULL-TIME,Posted 4 years ago,https://startupgoa.org/job/tintbytes-com-goa-full-time-drupal-angular-developer/
HR INTERN,Zion HR Consultancy,Porvorim,FULL-TIME,Posted 4 years ago,https://startupgoa.org/job/zion-hr-consultancy-goa-full-time-internship-hr-intern/
HR ASSISTANT/RECRUITER,Zion HR Consultancy,Porvorim,FULL-TIME,Posted 4 years ago,https://startupgoa.org/job/zion-hr-consultancy-socorro-full-time-hr-assistant-recruiter/
AWS DEVOPS,Global Minds,Other,FULL-TIME,Posted 4 years ago,https://startupgoa.org/job/global-minds-full-time-aws-devops/
AWS APPLICATION DEVELOPER,Global Minds,Other,FULL-TIME,Posted 4 years ago,https://startupgoa.org/job/global-minds-full-time-aws-application-developer/
REACT NATIVE SENIOR DEVELOPER,Creative Capsule Infotech,Verna,FULL-TIME,Posted 4 years ago,https://startupgoa.org/job/creative-capsule-infotech-verna-goa-india-full-time-react-native-senior-developer/
HEAD OF DESIGN,Reportyak,Panjim,FULL-TIME,Posted 4 years ago,https://startupgoa.org/job/reportyak-panjim-full-time-head-of-design/
SOFTWARE QA ENGINEER,New Vision Printing Services P. Ltd.,Mapusa,FULL-TIME,Posted 4 years ago,https://startupgoa.org/job/new-vision-printing-services-p-ltd-remote-or-goa-full-time-software-qa-engineer/
EXPERIENCED UI/UX DESIGNER,TintBytes.com,Panjim,FULL-TIME,Posted 4 years ago,https://startupgoa.org/job/tintbytes-com-goa-remote-full-time-experienced-ui-ux-designer/
JUNIOR SOLUTIONS ARCHITECT,Zion HR Consultancy,Other,FULL-TIME,Posted 4 years ago,https://startupgoa.org/job/zion-hr-consultancy-north-goa-hyderabad-full-time-junior-solutions-architect/
SALES REPRESENTATIVE,Zion HR Consultancy,Other,FULL-TIME,Posted 4 years ago,https://startupgoa.org/job/zion-hr-consultancy-indiranagar-bangalore-full-time-sales-representative/
ASSISTANT BUSINESS SUPPORT SERVICES MANAGER,Zion HR Consultancy,Panjim,FULL-TIME,Posted 4 years ago,https://startupgoa.org/job/zion-hr-consultancy-north-goa-panjim-full-time-assistant-business-support-services-manager/
DEVELOPER & SR. DEVELOPER,Zion HR Consultancy,Panjim,FULL-TIME,Posted 4 years ago,https://startupgoa.org/job/zion-hr-consultancy-north-goa-panjim-full-time-developer-sr-developer/
ACCOUNTS PAYABLE SPECIALIST,Zion HR Consultancy,Other,FULL-TIME,Posted 4 years ago,https://startupgoa.org/job/zion-hr-consultancy-hyderabad-goa-full-time-accounts-payable-specialist/
FRONTEND UI/UX DEVELOPER,Zion HR Consultancy,Other,FULL-TIME,Posted 4 years ago,https://startupgoa.org/job/zion-hr-consultancy-hyderabad-goa-full-time-frontend-ui-ux-developer/
REACT DEVELOPER,New Vision Printing Services P. Ltd.,Mapusa,FULL-TIME,Posted 4 years ago,https://startupgoa.org/job/new-vision-printing-services-p-ltd-full-time-react-developer/
BACKEND DEVELOPER,New Vision Printing Services P. Ltd.,Mapusa,FULL-TIME,Posted 4 years ago,https://startupgoa.org/job/new-vision-printing-services-p-ltd-remote-full-time-backend-developer/
QA ASSOCIATE (WFH ROLE),Ajency.in,Panjim,FULL-TIME,Posted 4 years ago,https://startupgoa.org/job/ajency-in-remote-wfh-full-time-qa-associate-wfh-role/
SOLAR PLANT DESIGN INTERNSHIP,Sun360,Vasco,INTERNSHIP,Posted 4 years ago,https://startupgoa.org/job/sun360-goa-internship-solar-plant-design-internship/
TELECALLER,SnapCaller,Panjim,FULL-TIME,Posted 4 years ago,https://startupgoa.org/job/snapcaller-panjim-full-time-internship-telecaller/
SALES OPERATIONS EXECUTIVE – NIGHT SHIFT,Webware.io,Panjim,FULL-TIME,Posted 4 years ago,https://startupgoa.org/job/webware-io-goa-full-time-sales-operations-executive-night-shift/
AZURE ADMINISTRATOR,Source It Out,Panjim,FULL-TIME,Posted 4 years ago,https://startupgoa.org/job/source-it-out-full-time-azure-administrator/
REACT NATIVE DEVELOPER,Creative Capsule Infotech,Verna,FULL-TIME,Posted 4 years ago,https://startupgoa.org/job/creative-capsule-infotech-verna-goa-india-full-time-react-native-developer/
CLOUD ENGINEER,Creative Capsule Infotech,Verna,FULL-TIME,Posted 4 years ago,https://startupgoa.org/job/creative-capsule-infotech-verna-goa-india-full-time-cloud-engineer/
GOLANG DEVELOPER,Creative Capsule Infotech,Verna,FULL-TIME,Posted 4 years ago,https://startupgoa.org/job/creative-capsule-infotech-verna-goa-india-full-time-golang-developer/
WEB DEVELOPER,Screenroot,Panjim,FULL-TIME,Posted 4 years ago,https://startupgoa.org/job/screenroot-panjim-goa-full-time-web-developer/
FRONT END DEVELOPER,Screenroot,Panjim,FULL-TIME,Posted 4 years ago,https://startupgoa.org/job/screenroot-panjim-goa-full-time-front-end-developer/
TRAINEE SOFTWARE DEVELOPER,Simplit Software Solutions,Panjim,FULL-TIME,Posted 4 years ago,https://startupgoa.org/job/simplit-software-solutions-full-time-trainee-software-developer/
SOFTWARE DEVELOPER,Simplit Software Solutions,Panjim,FULL-TIME,Posted 4 years ago,https://startupgoa.org/job/simplit-software-solutions-remote-full-time-software-developer/
NODE JS DEVELOPER,Kilowott,Porvorim,FULL-TIME,Posted 4 years ago,https://startupgoa.org/job/kilowott-goa-full-time-node-js-developer/
3D GRAPHIC DESIGNER,KaiZen Events. Goa,Other,FULL-TIME,Posted 4 years ago,https://startupgoa.org/job/kaizen-events-goa-goa-full-time-3d-graphic-designer/
CONTENT WRITER,Goa Domains,Margao,FREELANCE,Posted 4 years ago,https://startupgoa.org/job/goa-domains-freelance-full-time-part-time-content-writer/
FRONT END DEVELOPER,"UCM Foundation, India",Margao,FULL-TIME,Posted 4 years ago,https://startupgoa.org/job/ucm-foundation-india-colva-goa-full-time-front-end-developer/
DRUPAL DEVELOPER /WEB DEVELOPER,"UCM Foundation, India",Margao,FULL-TIME,Posted 4 years ago,https://startupgoa.org/job/ucm-foundation-india-colva-goa-full-time-drupal-developer-web-developer/
ANDROID DEVELOPER,RV Solutions,Mapusa,FULL-TIME,Posted 4 years ago,https://startupgoa.org/job/rv-solutions-mapusa-full-time-part-time-android-developer/
"SENIOR BACKEND DEVELOPER [ 12L-18L P.A ] (GROOVY,GRAILS)",StoreBuilder,Panjim,FULL-TIME,Posted 4 years ago,https://startupgoa.org/job/storebuilder-full-time-senior-backend-developer-javaspring-groovygrails-12l-18l-p-a-2/
WORDPRESS DESIGNER,NEXTIN DIGITAL LLP,Panjim,FULL-TIME,Posted 4 years ago,https://startupgoa.org/job/nextin-digital-llp-hybrid-freelance-full-time-part-time-wordpress-designer/
SOFTWARE DEVELOPER,freethink,Panjim,FULL-TIME,Posted 4 years ago,https://startupgoa.org/job/freethink-dempo-trade-center-patto-full-time-software-developer-2/
ADMIN ASSISTANT,freethink LLP,Panjim,FULL-TIME,Posted 4 years ago,https://startupgoa.org/job/freethink-llp-dempo-trade-center-patto-full-time-admin-assistant-2/
INTERNS,Nuste Inc,Margao,FULL-TIME,Posted 4 years ago,https://startupgoa.org/job/nuste-inc-fatorda-full-time-interns/
SENIOR UI/FRONTEND DEVELOPER,TenTwenty,Porvorim,FULL-TIME,Posted 4 years ago,https://startupgoa.org/job/tentwenty-goa-full-time-senior-ui-frontend-developer-7/
.NET DEVELOPER,TenTwenty,Porvorim,FULL-TIME,Posted 4 years ago,https://startupgoa.org/job/tentwenty-goa-full-time-net-developer-4/
DIGITAL MARKETING/SERVICES ANALYST,Webware.io,Panjim,FULL-TIME,Posted 4 years ago,https://startupgoa.org/job/webware-io-goa-full-time-digital-marketing-services-analyst-4/
UI /UX DEVELOPER,Webware.io,Panjim,FULL-TIME,Posted 4 years ago,https://startupgoa.org/job/webware-io-goa-full-time-ui-ux-developer-3/
HR MANAGER,TenTwenty,Porvorim,FULL-TIME,Posted 4 years ago,https://startupgoa.org/job/tentwenty-goa-full-time-hr-manager-2/
UI/FRONTEND DEVELOPER,TenTwenty,Porvorim,FULL-TIME,Posted 4 years ago,https://startupgoa.org/job/tentwenty-goa-full-time-ui-frontend-developer-2/
NODE JS BACKEND DEVELOPER,Octalogic Tech,Panjim,FULL-TIME,Posted 4 years ago,https://startupgoa.org/job/octalogic-tech-full-time-node-js-backend-developer/
PHP – BACKEND DEVELOPER,TenTwenty,Porvorim,FULL-TIME,Posted 4 years ago,https://startupgoa.org/job/tentwenty-goa-full-time-php-backend-developer/
JUNIOR / FRESHER LARAVEL DEVELOPER,TintBytes.com,Panjim,FULL-TIME,Posted 4 years ago,https://startupgoa.org/job/tintbytes-com-remote-full-time-junior-fresher-laravel-developer/
SOFTWARE ENGINEER,Webware.io,Panjim,FULL-TIME,Posted 4 years ago,https://startupgoa.org/job/webware-io-goa-full-time-software-engineer-2/
LARAVEL / VUE / REACT DEVELOPER,TintBytes.com,Panjim,FULL-TIME,Posted 4 years ago,https://startupgoa.org/job/tintbytes-remote-full-time-laravel-developer/
BUSINESS DEVELOPMENT EXECUTIVE,Intuio Software Labs Private Limited,Margao,FULL-TIME,Posted 4 years ago,https://startupgoa.org/job/intuio-software-labs-private-limited-full-time-business-development-executive/
SENIOR UI/UX DESIGNER,Intuio Software Labs Private Limited,Margao,FULL-TIME,Posted 4 years ago,https://startupgoa.org/job/intuio-software-labs-private-limited-full-time-senior-ui-ux-designer/
FULL STACK DEVELOPER : LARAVEL / REACT.JS,Intuio Software Labs Private Limited,Margao,FULL-TIME,Posted 4 years ago,https://startupgoa.org/job/intuio-software-labs-private-limited-margao-india-full-time-full-stack-developer-laravel-react-js/
AWS DEVOPS ENGINEER,Endure Technology Solutions Pvt. Ltd,Other,FULL-TIME,Posted 4 years ago,https://startupgoa.org/job/endure-technology-solutions-pvt-ltd-full-time-aws-devops-engineer/
QUALITY ASSURANCE ENGINEER – LEAD,Endure Technology Solutions Pvt. Ltd,Other,FULL-TIME,Posted 4 years ago,https://startupgoa.org/job/endure-technology-solutions-pvt-ltd-remote-full-time-quality-assurance-engineer-lead/
TELE SALES ASSOCIATE,Bodhami Private Limited,Margao,FULL-TIME,Posted 4 years ago,https://startupgoa.org/job/bodhami-private-limited-margao-goa-work-from-home-can-be-enabled-full-time-tele-sales-associate/
SOCIAL MEDIA MARKETING MANAGER,Rubiq Solutions Pvt. Ltd.,Panjim,FULL-TIME,Posted 4 years ago,https://startupgoa.org/job/rubiq-solutions-pvt-ltd-goa-full-time-social-media-marketing-manager/
TRAINEE ENGINEERS – IT,RV Solutions,Mapusa,FULL-TIME,Posted 4 years ago,https://startupgoa.org/job/rv-solutions-full-time-trainee-engineers-it/
ADMIN ASSISTANT,freethink LLP,Panjim,FULL-TIME,Posted 4 years ago,https://startupgoa.org/job/freethink-llp-dempo-trade-center-patto-full-time-admin-assistant/
SENIOR GRAPHIC DESIGNER,GrowthGravy,Panjim,FULL-TIME,Posted 4 years ago,https://startupgoa.org/job/growthgravy-nizmar-center-401-dr-atmaram-borkar-rd-panaji-goa-403001-full-time-senior-graphic-designer-2/
WORDPRESS DEVELOPER,GrowthGravy,Panjim,FULL-TIME,Posted 4 years ago,https://startupgoa.org/job/growthgravy-nizmar-center-401-dr-atmaram-borkar-rd-panaji-goa-403001-full-time-wordpress-developer-4/
VIDEOGRAHER/EDITOR,Parashoot Studio,Margao,FULL-TIME,Posted 4 years ago,https://startupgoa.org/job/parashoot-studio-goa-full-time-videograher-editor/
TELECALLER,WebFills,Margao,FULL-TIME,Posted 4 years ago,https://startupgoa.org/job/webfills-fatorda-full-time-telecaller/
DIGITAL MARKETING ASSOCIATE,WebFills,Margao,FULL-TIME,Posted 4 years ago,https://startupgoa.org/job/webfills-fatorda-full-time-digital-marketing-associate/
TECHNICAL SUPPORT ASSOCIATE,WebFills,Margao,FULL-TIME,Posted 4 years ago,https://startupgoa.org/job/webfills-fatorda-full-time-technical-support-associate/
TECHNICAL WRITER,Webware.io,Panjim,FULL-TIME,Posted 4 years ago,https://startupgoa.org/job/webware-io-goa-full-time-technical-writer/
SYSTEM ADMINISTRATOR,Webware.io,Panjim,FULL-TIME,Posted 4 years ago,https://startupgoa.org/job/webware-io-goa-full-time-system-administrator/
ASSOCIATE SQA ENGINEER,Webware.io,Panjim,FULL-TIME,Posted 4 years ago,https://startupgoa.org/job/webware-io-goa-full-time-associate-sqa-engineer/
SQA ENGINEER,Webware.io,Panjim,FULL-TIME,Posted 4 years ago,https://startupgoa.org/job/webware-io-goa-full-time-sqa-engineer/
SENIOR FRONTEND DEVELOPER,Samasa Technologies,Panjim,FULL-TIME,Posted 4 years ago,https://startupgoa.org/job/samasa-technologies-full-time-senior-frontend-developer/
SALES EXECUTIVE,RV Solutions,Mapusa,FULL-TIME,Posted 4 years ago,https://startupgoa.org/job/rv-solutions-mapusa-full-time-internship-sales-executive/
SOCIAL MEDIA MANAGER – 1-2 YEARS EXP,Drool Monkey,Panjim,FULL-TIME,Posted 4 years ago,https://startupgoa.org/job/drool-monkey-north-goa-full-time-social-media-manager-1-2-years-exp/
FACEBOOK ADS EXPERT (1-2 YEARS),Drool Monkey,Panjim,FULL-TIME,Posted 4 years ago,https://startupgoa.org/job/drool-monkey-north-goa-full-time-facebook-ads-expert-1-2-years/
GOOGLE ADS EXPERT (1-2YEARS),Drool Monkey,Panjim,FULL-TIME,Posted 4 years ago,https://startupgoa.org/job/drool-monkey-north-goa-full-time-google-ads-expert-1-2years/
CREATIVE GRAPHIC DESIGNER (2-4 YEARS EXP),Drool Monkey,Panjim,FULL-TIME,Posted 4 years ago,https://startupgoa.org/job/drool-monkey-north-goa-full-time-creative-graphic-designer-2-4-years-exp/
HIRING FRONT OFFICE EXECUTIVE,Kilowott,Porvorim,FULL-TIME,Posted 4 years ago,https://startupgoa.org/job/kilowott-goa-full-time-hiring-front-office-executive/
SOFTWARE DEVELOPER,freethink,Panjim,FULL-TIME,Posted 4 years ago,https://startupgoa.org/job/freethink-dempo-trade-center-patto-full-time-software-developer/
REQUIRED ANGULAR DEVELOPER,RV Solutions,Mapusa,FULL-TIME,Posted 4 years ago,https://startupgoa.org/job/rv-solutions-mapusa-full-time-required-angular-developer/
EXECUTIVE ASSISTANT,BLive,Panjim,FULL-TIME,Posted 4 years ago,https://startupgoa.org/job/blive-goa-full-time-ev-expert/
FRONT END DEVELOPER,Transerve Technologies Pvt. Ltd.,Panjim,FULL-TIME,Posted 4 years ago,https://startupgoa.org/job/transerve-technologies-pvt-ltd-panaji-full-time-front-end-developer-4/
WEB DEVELOPER,WHN NEXT,Mapusa,FULL-TIME,Posted 4 years ago,https://startupgoa.org/job/whn-next-goa-full-time-web-developer/
ANDROID DEVELOPER (SDE-I),Transerve Technologies Pvt. Ltd.,Panjim,FULL-TIME,Posted 4 years ago,https://startupgoa.org/job/transerve-technologies-pvt-ltd-panaji-goa-full-time-android-developer-sde-i-2/
DRUPAL DEVELOPER /WEB DEVELOPER,"UCM Foundation, India",Margao,FULL-TIME,Posted 4 years ago,https://startupgoa.org/job/ucm-foundation-india-colva-full-time-drupal-developer-web-developer-3/
DRUPAL DEVELOPER /WEB DEVELOPER,"UCM Foundation, India",Margao,FULL-TIME,Posted 4 years ago,https://startupgoa.org/job/ucm-foundation-india-colva-full-time-drupal-developer-web-developer-2/
DIGITAL TECH INTERN,WHN NEXT,Mapusa,INTERNSHIP,Posted 4 years ago,https://startupgoa.org/job/whn-next-goa-internship-digital-tech-intern/
JUNIOR DEVOPS AND AUTOMATION ENGINEER,WHN NEXT,Mapusa,FULL-TIME,Posted 4 years ago,https://startupgoa.org/job/whn-next-goa-full-time-junior-devops-and-automation-engineer/
DEVOPS AND AUTOMATION ENGINEER,WHN NEXT,Mapusa,FULL-TIME,Posted 4 years ago,https://startupgoa.org/job/whn-next-goa-full-time-devops-and-automation-engineer/
SOCIAL MEDIA EXECUTIVE,Team Inertia Technologies,Panjim,FULL-TIME,Posted 4 years ago,https://startupgoa.org/job/team-inertia-technologies-panjim-full-time-social-media-executive-2/
GRAPHIC DESIGNER,WEBLOZEE IT Solutions,Mapusa,FULL-TIME,Posted 4 years ago,https://startupgoa.org/job/weblozee-it-solutions-mapusa-full-time-graphic-designer/
IOS DEVELOPER,SoftMonks (OPC) Private Limited,Mapusa,FULL-TIME,Posted 4 years ago,https://startupgoa.org/job/softmonks-opc-private-limited-full-time-ios-developer-2/
SOFTWARE DEVELOPER,SoftMonks (OPC) Private Limited,Mapusa,FULL-TIME,Posted 4 years ago,https://startupgoa.org/job/softmonks-opc-private-limited-mapusa-full-time-software-developer-2/
SOCIAL MEDIA AUDITOR- INTERN,GrowthGravy,Panjim,FULL-TIME,Posted 4 years ago,https://startupgoa.org/job/growthgravy-nizmar-center-401-dr-atmaram-borkar-rd-panaji-goa-403001-full-time-social-media-auditor-intern/
HUMAN RESOURCE INTERN,GrowthGravy,Panjim,INTERNSHIP,Posted 4 years ago,https://startupgoa.org/job/growthgravy-nizmar-center-401-dr-atmaram-borkar-rd-panaji-goa-403001-internship-human-resource-intern/
SENIOR GRAPHIC DESIGNER,GrowthGravy,Panjim,FULL-TIME,Posted 4 years ago,https://startupgoa.org/job/growthgravy-nizmar-center-401-dr-atmaram-borkar-rd-panaji-goa-403001-full-time-senior-graphic-designer/
WORDPRESS DEVELOPER,GrowthGravy,Panjim,FULL-TIME,Posted 4 years ago,https://startupgoa.org/job/growthgravy-nizmar-center-401-dr-atmaram-borkar-rd-panaji-goa-403001-full-time-wordpress-developer-3/
MANAGER – CHANNEL SALES,Ankur Incorporation,Mapusa,FULL-TIME,Posted 4 years ago,https://startupgoa.org/job/ankur-incorporation-goa-full-time-manager-channel-sales/
FRONT OFFICE EXECUTIVE,Kilowott,Porvorim,FULL-TIME,Posted 4 years ago,https://startupgoa.org/job/kilowott-goa-full-time-front-office-executive/
FULL STACK DEVELOPER,Veara Creatives,Panjim,FULL-TIME,Posted 4 years ago,https://startupgoa.org/job/veara-creatives-goa-full-time-full-stack-developer/
SENIOR PHP DEVELOPER,Kilowott,Porvorim,FULL-TIME,Posted 4 years ago,https://startupgoa.org/job/kilowott-goa-full-time-sr-php-developer/
L2 NETWORK ENGINEER,BLITS Global Technologies Pvt Ltd,Vasco,FULL-TIME,Posted 4 years ago,https://startupgoa.org/job/blits-global-technologies-pvt-ltd-full-time-l2-network-engineer/
FIBER OPTIC TECHNICIAN,BLITS Global Technologies Pvt Ltd,Margao,FULL-TIME,Posted 4 years ago,https://startupgoa.org/job/blits-global-technologies-pvt-ltd-margao-full-time-fiber-optic-technician/
BACK OFFICE EXECUTIVE,BLITS Global Technologies Pvt Ltd,Vasco,FULL-TIME,Posted 4 years ago,https://startupgoa.org/job/blits-global-technologies-pvt-ltd-full-time-back-office-executive/
3D MODELER: ARCHITECTURAL VISUALISATION (BLENDER WITH CYCLES),Animation Studio,Panjim,FULL-TIME,Posted 4 years ago,https://startupgoa.org/job/animation-studio-st-inez-panaji-goa-full-time-3d-modeler-architectural-visualisation-blender-with-cycles/
SOFTWARE TESTER,Anant Informedia Pvt. Ltd,Panjim,FULL-TIME,Posted 4 years ago,https://startupgoa.org/job/anant-informedia-pvt-ltd-goa-full-time-software-tester/
DATA ENTRY EXECUTIVE,Expogroup,Porvorim,FULL-TIME,Posted 4 years ago,https://startupgoa.org/job/expogroup-porvorim-full-time-data-entry-executive/
SR. FRONTEND DEVELOPER,Numino Labs Pvt Ltd,Verna,FULL-TIME,Posted 4 years ago,https://startupgoa.org/job/numino-labs-pvt-ltd-goa-full-time-sr-frontend-developer/
SR. BACKEND DEVELOPER,Numino Labs Pvt Ltd,Verna,FULL-TIME,Posted 4 years ago,https://startupgoa.org/job/numino-labs-pvt-ltd-goa-full-time-sr-java-developer/
FRONTEND DEVELOPER,Samasa Technologies,Panjim,FULL-TIME,Posted 4 years ago,https://startupgoa.org/job/samasa-technologies-full-time-frontend-developer/
WEB DESIGNER & DEVELOPER,Mea Vita Technologies,Panjim,FULL-TIME,Posted 4 years ago,https://startupgoa.org/job/mea-vita-technologies-mala-full-time-web-designer-developer/
LINUX ADMIN & AUTOMATION ENGINEER,WHN NEXT,Mapusa,FULL-TIME,Posted 4 years ago,https://startupgoa.org/job/whn-next-goa-full-time-iac-infrastructure-as-code-automation-engineer-data/
TRAVEL SALES EXECUTIVE,Multiple Taask Holidays,Panjim,FULL-TIME,Posted 4 years ago,https://startupgoa.org/job/multiple-taask-holidays-full-time-travel-sales-executive/
FRONTEND DEVELOPER,Geekeno,Vasco,FULL-TIME,Posted 4 years ago,https://startupgoa.org/job/geekeno-full-time-frontend-developer/
ACCOUNT MANAGER,BrownTape Technologies,Porvorim,FULL-TIME,Posted 4 years ago,https://startupgoa.org/job/browntape-technologies-goa-full-time-account-manager-2/
SR. TECH ARCHITECT,BrownTape Technologies,Porvorim,FULL-TIME,Posted 4 years ago,https://startupgoa.org/job/browntape-technologies-goa-full-time-sr-tech-architect/
SALES MANAGER,BrownTape Technologies,Porvorim,FULL-TIME,Posted 4 years ago,https://startupgoa.org/job/browntape-technologies-goa-full-time-sales-manager/
GRAPHICS DESIGNER,KaiZen Events. Goa,Other,FULL-TIME,Posted 4 years ago,https://startupgoa.org/job/kaizen-events-goa-karambolim-old-goa-full-time-graphics-designer/
PHP WEB DEVELOPERS,Team Inertia Technologies,Panjim,FULL-TIME,Posted 4 years ago,https://startupgoa.org/job/team-inertia-technologies-panjim-full-time-php-web-developers/
FRONT END DEVELOPER,Team Inertia Technologies,Panjim,FULL-TIME,Posted 4 years ago,https://startupgoa.org/job/team-inertia-technologies-panaji-goa-full-time-front-end-developer/
SQL DEVELOPER,Creative Capsule Infotech,Verna,FULL-TIME,Posted 4 years ago,https://startupgoa.org/job/creative-capsule-infotech-goa-full-time-sql-developer/
SYSTEM ADMINISTRATOR/ TRAINEE SYSTEM ADMINISTRATOR,Anant Informedia Pvt. Ltd,Panjim,FULL-TIME,Posted 4 years ago,https://startupgoa.org/job/anant-informedia-pvt-ltd-goa-full-time-system-administrator/
PHP – BACKEND DEVELOPER,TenTwenty,Porvorim,FULL-TIME,Posted 4 years ago,https://startupgoa.org/job/tentwenty-porvorim-full-time-php-backend-developer/
LEGAL ADVISIOR,mark-o-legal,Calangute,FULL-TIME,Posted 4 years ago,https://startupgoa.org/job/mark-o-legal-delhi-full-time-legal-advisior/
ASSISTANT – NOC ENGINEER (FRESHERS IT),Zion HR Consultancy,Porvorim,FULL-TIME,Posted 4 years ago,https://startupgoa.org/job/zion-hr-consultancy-goa-full-time-assistant-noc-engineer-freshers-it/
EBILLING SPECIALIST/CUSTOMER SERVICE – US SHIFTS – ANY GRADUATE,Zion HR Consultancy,Porvorim,FULL-TIME,Posted 4 years ago,https://startupgoa.org/job/zion-hr-consultancy-goa-full-time-ebilling-specialist-customer-service-us-shifts-any-graduate/
FINANCE MANAGER,KaiZen Events. Goa,Other,FULL-TIME,Posted 4 years ago,https://startupgoa.org/job/kaizen-events-goa-carambolim-goa-full-time-finance-manager/
PRODUCTION AND PROTOTYPING MANAGER,Design Intervention India Pvt. Ltd.,Margao,FULL-TIME,Posted 4 years ago,https://startupgoa.org/job/design-intervention-india-pvt-ltd-around-margao-currently-raia-full-time-production-and-prototyping-manager/
FULL-STACK DEVELOPER,Spintly India Private Limited,Margao,FULL-TIME,Posted 4 years ago,https://startupgoa.org/job/spintly-india-private-limited-fatordagoa-full-time-full-stack-developer/
CUSTOMER RELATIONSHIP EXECUTIVE,Anant Informedia Pvt. Ltd,Panjim,FULL-TIME,Posted 4 years ago,https://startupgoa.org/job/anant-informedia-pvt-ltd-goa-full-time-customer-relationship-executive/
SOFTWARE SUPPORT EXECUTIVE/ SOFTWARE DEVELOPER,Anant Informedia Pvt. Ltd,Panjim,FULL-TIME,Posted 4 years ago,https://startupgoa.org/job/anant-informedia-pvt-ltd-goa-full-time-software-support-executive-software-developer/
SEO MANAGER,Rubiq Solutions Pvt. Ltd.,Panjim,FULL-TIME,Posted 4 years ago,https://startupgoa.org/job/rubiq-solutions-pvt-ltd-goa-full-time-seo-executive/
FLUTTER DEVELOPER,Phinixx Technovations Private Limited,Margao,FULL-TIME,Posted 4 years ago,https://startupgoa.org/job/phinixx-technovations-private-limited-margao-full-time-flutter-developer/
BUSINESS DEVELOPMENT ASSOCIATE,GrowthGravy,Panjim,FULL-TIME,Posted 4 years ago,https://startupgoa.org/job/growthgravy-nizmar-center-401-dr-atmaram-borkar-rd-panaji-goa-403001-full-time-business-development-associate/
BUSINESS MANAGER – IN OFFICE,GrowthGravy,Panjim,FULL-TIME,Posted 4 years ago,https://startupgoa.org/job/growthgravy-nizmar-center-401-dr-atmaram-borkar-rd-panaji-goa-403001-full-time-business-manager-in-office/
SOCIAL MEDIA INTERN,GrowthGravy,Panjim,INTERNSHIP,Posted 4 years ago,https://startupgoa.org/job/growthgravy-nizmar-center-401-dr-atmaram-borkar-rd-panaji-goa-403001-internship-social-media-intern/
SOCIAL MEDIA MANAGER- EXPERIENCED – 3 YEARS,GrowthGravy,Panjim,FULL-TIME,Posted 4 years ago,https://startupgoa.org/job/growthgravy-nizmar-center-401-dr-atmaram-borkar-rd-panaji-goa-403001-full-time-social-media-manager-experienced-3-years/
CAMPAIGN MANAGER,GrowthGravy,Panjim,FULL-TIME,Posted 4 years ago,https://startupgoa.org/job/growthgravy-nizmar-center-401-dr-atmaram-borkar-rd-panaji-goa-403001-full-time-campaign-manager/
CONTENT CRAFTER/CREATOR,GrowthGravy,Panjim,FULL-TIME,Posted 4 years ago,https://startupgoa.org/job/growthgravy-nizmar-center-401-dr-atmaram-borkar-rd-panaji-goa-403001-full-time-content-crafter-creator/
SOCIAL MEDIA MANAGER,GrowthGravy,Panjim,FULL-TIME,Posted 4 years ago,https://startupgoa.org/job/growthgravy-nizmar-center-401-dr-atmaram-borkar-rd-panaji-goa-403001-full-time-social-media-manager-3/
WEB DEVELOPER- TRAINEE,GrowthGravy,Panjim,INTERNSHIP,Posted 4 years ago,https://startupgoa.org/job/growthgravy-nizmar-center-401-dr-atmaram-borkar-rd-panaji-goa-403001-internship-web-developer-trainee/
WORDPRESS DEVELOPER – TRAINEE,GrowthGravy,Panjim,INTERNSHIP,Posted 4 years ago,https://startupgoa.org/job/growthgravy-nizmar-center-401-dr-atmaram-borkar-rd-panaji-goa-403001-internship-wordpress-developer-trainee/
SENIOR WORDPRESS DEVELOPER,GrowthGravy,Panjim,FULL-TIME,Posted 4 years ago,https://startupgoa.org/job/growthgravy-nizmar-center-401-dr-atmaram-borkar-rd-panaji-goa-403001-full-time-senior-wordpress-developer/
UI/UX DESIGNER,GrowthGravy,Panjim,FULL-TIME,Posted 4 years ago,https://startupgoa.org/job/growthgravy-nizmar-center-401-dr-atmaram-borkar-rd-panaji-goa-403001-full-time-ui-ux-designer/
GRAPHIC DESIGNER-FULL TIME EXPERIENCED,GrowthGravy,Panjim,FULL-TIME,Posted 4 years ago,https://startupgoa.org/job/growthgravy-nizmar-center-401-dr-atmaram-borkar-rd-panaji-goa-403001-full-time-graphic-designer-full-time-experienced/
MARKETING RESEARCH ASSISTANT,Zion HR Consultancy,Porvorim,FULL-TIME,Posted 4 years ago,https://startupgoa.org/job/zion-hr-consultancy-goa-full-time-marketing-research-assistant/
WEB- GRAPHIC DESIGNER,Webware.io,Panjim,FULL-TIME,Posted 4 years ago,https://startupgoa.org/job/webware-io-goa-full-time-web-graphic-designer-5/
DIGITAL MARKETING/SERVICES ANALYST,Webware.io,Panjim,FULL-TIME,Posted 4 years ago,https://startupgoa.org/job/webware-io-goa-full-time-digital-marketing-services-analyst-3/
QA ANALYST,Webware.io,Panjim,FULL-TIME,Posted 4 years ago,https://startupgoa.org/job/webware-io-panjim-goa-full-time-qa-analyst-7/
UI /UX DEVELOPER,Webware.io,Panjim,FULL-TIME,Posted 4 years ago,https://startupgoa.org/job/webware-io-goa-full-time-ui-ux-developer-2/
SALES EXECUTIVE,Designway,Panjim,FULL-TIME,Posted 4 years ago,https://startupgoa.org/job/designway-goa-full-time-sales-executive/
.NET DEVELOPER,Designway,Panjim,FULL-TIME,Posted 4 years ago,https://startupgoa.org/job/designway-goa-full-time-net-developer/
COMMUNITY MANAGER,FOHO,Panjim,FULL-TIME,Posted 4 years ago,https://startupgoa.org/job/foho-goa-full-time-community-manager/
FRONT-END DEVELOPMENT – INTERNSHIP,Innvion System,Panjim,FULL-TIME,Posted 4 years ago,https://startupgoa.org/job/innvion-system-full-time-front-end-development-internship/
FRONTEND DEVELOPER,Innvion System,Panjim,FULL-TIME,Posted 4 years ago,https://startupgoa.org/job/innvion-system-full-time-frontend-developer/
MANAGER – BICYCLE STUDIO,CyclingZens,Porvorim,FULL-TIME,Posted 4 years ago,https://startupgoa.org/job/cyclingzens-porvorim-full-time-manager-bicycle-studio/
"MANAGER, PRODUCTION & MAINTENANCE",Cravium Gourmet Pvt. Ltd.(Coffeeza),Verna,FULL-TIME,Posted 4 years ago,https://startupgoa.org/job/cravium-gourmet-pvt-ltd-coffeeza-goa-full-time-manager-production-maintenance/
SOCIAL MEDIA EXECUTIVE,Rubiq Solutions Pvt. Ltd.,Panjim,FULL-TIME,Posted 4 years ago,https://startupgoa.org/job/rubiq-solutions-pvt-ltd-goa-full-time-social-media-executive/
GRAPHIC DESIGNER,Rubiq Solutions Pvt. Ltd.,Panjim,FULL-TIME,Posted 4 years ago,https://startupgoa.org/job/rubiq-solutions-pvt-ltd-goa-full-time-graphic-designer/
JAVA DEVELOPER,Hotel Hub LLP,Panjim,FULL-TIME,Posted 4 years ago,https://startupgoa.org/job/hotel-hub-llp-goa-full-time-java-developer/
FRONT END DEVELOPER,"UCM Foundation, India",Margao,FULL-TIME,Posted 4 years ago,https://startupgoa.org/job/ucm-foundation-india-colva-full-time-front-end-developer/
DRUPAL DEVELOPER /WEB DEVELOPER,"UCM Foundation, India",Margao,FULL-TIME,Posted 4 years ago,https://startupgoa.org/job/ucm-foundation-india-colva-full-time-drupal-developer-web-developer/
SOFTWARE PROJECT MANAGER,Spintly India Private Limited,Margao,FULL-TIME,Posted 4 years ago,https://startupgoa.org/job/spintly-india-private-limited-fatorda-goa-full-time-software-project-manager/
FRONT END DEVELOPER,Transerve Technologies Pvt. Ltd.,Panjim,FULL-TIME,Posted 4 years ago,https://startupgoa.org/job/transerve-technologies-pvt-ltd-panaji-full-time-front-end-developer-3/
UI DESIGN PAID INTERNSHIP,GraficJam Studios,Panjim,INTERNSHIP,Posted 4 years ago,https://startupgoa.org/job/graficjam-studios-remote-internship-ui-designer/
INSIDE SALES EXECUTIVE,WebFills,Margao,FULL-TIME,Posted 4 years ago,https://startupgoa.org/job/webfills-goa-full-time-inside-sales-executive/
TECHNICAL PROJECT MANAGER,Unexplored Goa,Panjim,FULL-TIME,Posted 4 years ago,https://startupgoa.org/job/unexplored-goa-panaji-full-time-technical-project-manager/
SENIOR QA TEST ENGINEER – PERMANENT WORK FROM HOME,Kilowott,Porvorim,FULL-TIME,Posted 4 years ago,https://startupgoa.org/job/kilowott-goa-remote-permanent-full-time-hiring-qa-test-engineer-permanent-work-from-home/
WORDPRESS DEVELOPER,GrowthGravy,Panjim,FULL-TIME,Posted 4 years ago,https://startupgoa.org/job/growthgravy-nizmar-center-401-dr-atmaram-borkar-rd-panaji-goa-403001-full-time-wordpress-developer-2/
GRAPHIC DESIGNER-FULL TIME,GrowthGravy,Panjim,FULL-TIME,Posted 4 years ago,https://startupgoa.org/job/growthgravy-nizmar-center-401-dr-atmaram-borkar-rd-panaji-goa-403001-full-time-graphic-designer-full-time-3/
NODE JS DEVELOPER,Samasa Technologies,Panjim,FULL-TIME,Posted 4 years ago,https://startupgoa.org/job/samasa-technologies-panjim-full-time-node-js-developer-4/
JAVA DEVELOPER,Samasa Technologies,Panjim,FULL-TIME,Posted 4 years ago,https://startupgoa.org/job/samasa-technologies-panjim-full-time-java-developer-9/
ANGULAR DEVELOPER,Samasa Technologies,Panjim,FULL-TIME,Posted 4 years ago,https://startupgoa.org/job/samasa-technologies-full-time-angular-developer/
SOCIAL MEDIA ADVERTISING MANAGER,Ideas Unlimited Digital,Panjim,FULL-TIME,Posted 4 years ago,https://startupgoa.org/job/ideas-unlimited-digital-goa-full-time-social-media-advertising-manager/
DIGITAL MEDIA SPECIALIST,Kilowott,Porvorim,FULL-TIME,Posted 4 years ago,https://startupgoa.org/job/kilowott-goa-full-time-digital-media-specialist/
TECH BUSINESS DEVELOPMENT ASSOCIATE,WHN NEXT,Mapusa,FULL-TIME,Posted 4 years ago,https://startupgoa.org/job/whn-next-goa-full-time-tech-business-development-associate/
FLUTTER DEVELOPER,Helix Tech,Porvorim,FULL-TIME,Posted 4 years ago,https://startupgoa.org/job/helix-tech-full-time-flutter-developer-2/
AREA MANAGER – DISTRIBUTION,Ankur Incorporation,Mapusa,FULL-TIME,Posted 4 years ago,https://startupgoa.org/job/ankur-incorporation-mapusa-full-time-area-manager-distribution/
CONTENT MANAGER,BLive Electric Bikes,Panjim,FULL-TIME,Posted 4 years ago,https://startupgoa.org/job/blive-electric-bikes-panjim-full-time-content-manager/
REACT JS DEVELOPER,Sofueled Media Pvt. Ltd,Panjim,FULL-TIME,Posted 4 years ago,https://startupgoa.org/job/sofueled-media-pvt-ltd-panjim-full-time-react-native-developer/
WEB DEVELOPER,Sofueled Media Pvt. Ltd,Panjim,FULL-TIME,Posted 4 years ago,https://startupgoa.org/job/sofueled-media-pvt-ltd-panjim-full-time-web-developer/
ANALYST – PRICING,Delhivery Limited,Porvorim,FULL-TIME,Posted 4 years ago,https://startupgoa.org/job/delhivery-limited-porvorim-goa-full-time-analyst-pricing/
ANDROID DEVELOPER,SJ Innovation,Verna,FULL-TIME,Posted 4 years ago,https://startupgoa.org/job/sj-innovation-verna-industrial-estate-full-time-android-developer/
SALES OFFICER,ALCO Associates,Mapusa,FULL-TIME,Posted 4 years ago,https://startupgoa.org/job/alco-associates-mapusa-full-time-sales-officer/
SOCIAL MEDIA EXECUTIVE,Sofueled Media Pvt. Ltd,Mapusa,FULL-TIME,Posted 4 years ago,https://startupgoa.org/job/sofueled-media-pvt-ltd-mapusa-full-time-social-media-executive/
SOFTWARE ENGINEER,Webware.io,Panjim,FULL-TIME,Posted 4 years ago,https://startupgoa.org/job/webware-io-goa-full-time-software-engineer/
ANDROID APP DEVELOPER,Litebulb Entertainment,Panjim,FREELANCE,Posted 4 years ago,https://startupgoa.org/job/litebulb-entertainment-freelance-android-app-developer-2/
EXECUTIVE SALES AND MARKETING,Cravium Gourmet Pvt. Ltd.(Coffeeza),Verna,FULL-TIME,Posted 4 years ago,https://startupgoa.org/job/cravium-gourmet-pvt-ltd-coffeeza-goa-full-time-executive-sales-and-marketing/
UI/UX DEVELOPER,Speedon,Panjim,FULL-TIME,Posted 4 years ago,https://startupgoa.org/job/speedon-panjim-full-time-ui-ux-developer/
LARAVEL DEVELOPER,Speedon,Panjim,FULL-TIME,Posted 4 years ago,https://startupgoa.org/job/speedon-panjim-full-time-laravel-developer/
SALES EXECUTIVE,Speedon,Panjim,INTERNSHIP,Posted 4 years ago,https://startupgoa.org/job/speedon-panjim-internship-sales-executive/
CREATIVE DESIGNER,Speedon,Panjim,FULL-TIME,Posted 4 years ago,https://startupgoa.org/job/speedon-panjim-full-time-internship-part-time-hr-manager/
PROJECT MANAGER,Creative Capsule Infotech,Verna,FULL-TIME,Posted 4 years ago,https://startupgoa.org/job/creative-capsule-infotech-goa-full-time-project-manager/
LINUX SYSTEM ADMINISTRATOR,Ryel Projects,Mapusa,FULL-TIME,Posted 4 years ago,https://startupgoa.org/job/ryel-projects-mapusa-full-time-linux-system-administrator/
PHP DEVELOPER WORDPRESS,Ryel Projects,Mapusa,FULL-TIME,Posted 4 years ago,https://startupgoa.org/job/ryel-projects-full-time-php-developer-wordpress/
SALES AND MARKETING BUSINESS EXECUTIVE,Ryel Projects,Mapusa,FULL-TIME,Posted 4 years ago,https://startupgoa.org/job/ryel-projects-mapusa-full-time-sales-and-marketing-business-executive/
COMPUTER IT ENGINEER,Ryel Projects,Mapusa,FULL-TIME,Posted 4 years ago,https://startupgoa.org/job/ryel-projects-mapusa-full-time-computer-it-engineer/
FULL STACK DEVELOPER,Intuio Software Labs Private Limited,Margao,FULL-TIME,Posted 4 years ago,https://startupgoa.org/job/intuio-software-labs-private-limited-goa-full-time-full-stack-developer/
SYSTEM ENGINEERING INTERN,Spintly (By Mrinq Technologies LLP),Margao,INTERNSHIP,Posted 4 years ago,https://startupgoa.org/job/spintly-by-mrinq-technologies-llp-fatordagoa-internship-system-engineering-intern/
BUSINESS ANALYST,Browntape Technologies,Porvorim,FULL-TIME,Posted 4 years ago,https://startupgoa.org/job/browntape-technologies-porvorim-goa-full-time-business-analyst/
FULL STACK WEB DEVELOPER (WORK FROM HOME),Octalogic Tech,Panjim,FULL-TIME,Posted 4 years ago,https://startupgoa.org/job/octalogic-tech-full-time-full-stack-web-developer-work-from-home/
REACT JS DEVELOPER,Xenerx HealthCare,Porvorim,FULL-TIME,Posted 4 years ago,https://startupgoa.org/job/xenerx-healthcare-porvorim-goa-full-time-react-js-developer/
DELIVERY MANAGER,FabCoders,Panjim,FULL-TIME,Posted 4 years ago,https://startupgoa.org/job/fabcoders-full-time-delivery-manager/
PHP DEVELOPER,FabCoders,Panjim,FULL-TIME,Posted 4 years ago,https://startupgoa.org/job/fabcoders-full-time-php-developer-4/
ANDROID DEVELOPER,FabCoders,Panjim,FULL-TIME,Posted 4 years ago,https://startupgoa.org/job/fabcoders-full-time-android-developer-2/
SOFTWARE TESTER,FabCoders,Panjim,FULL-TIME,Posted 4 years ago,https://startupgoa.org/job/fabcoders-full-time-software-tester-2/
CONTENT WRITER,Webware.io,Panjim,FULL-TIME,Posted 4 years ago,https://startupgoa.org/job/webware-io-goa-full-time-content-writer/
GENERAL ASSISTANT,Promodel Service,Other,PART-TIME,Posted 4 years ago,https://startupgoa.org/job/promodel-service-goa-part-time-general-assistant/
SENIOR PHP DEVELOPER,Helix Tech,Porvorim,FULL-TIME,Posted 4 years ago,https://startupgoa.org/job/helix-tech-full-time-senior-php-developer/
PROJECT MANAGER,Jobs for Goan,Verna,FULL-TIME,Posted 4 years ago,https://startupgoa.org/job/jobs-for-goan-goa-full-time-project-manager/
CLOUD ENGINEER,Jobs for Goan,Verna,FULL-TIME,Posted 4 years ago,https://startupgoa.org/job/jobs-for-goan-goa-full-time-cloud-engineer/
OPERATION EXECUTIVE- TRANSPORT,Avinash Cargo Pvt. Ltd.,Verna,FULL-TIME,Posted 4 years ago,https://startupgoa.org/job/avinash-cargo-pvt-ltd-goa-full-time-operation-executive-transport/
REACT DEVELOPER,Wafer Technologies,Panjim,FULL-TIME,Posted 4 years ago,https://startupgoa.org/job/wafer-technologies-goa-full-time-react-developer/
SR. ACCOUNTS EXECUTIVE,Cravium Gourmet Pvt. Ltd.(Coffeeza),Verna,FULL-TIME,Posted 4 years ago,https://startupgoa.org/job/cravium-gourmet-pvt-ltd-coffeeza-goa-full-time-sr-accounts-executive/
COMPUTER FACULTY,Manipal institute of computer education,Other,FULL-TIME,Posted 4 years ago,https://startupgoa.org/job/manipal-institute-of-computer-education-cuncolim-full-time-computer-faculty/
FREELANCER,e-startup,Palolem,FREELANCE,Posted 4 years ago,https://startupgoa.org/job/e-startup-delhi-freelance-freelancer/
COPY WRITER,Jobs for Goan,Porvorim,FULL-TIME,Posted 4 years ago,https://startupgoa.org/job/jobs-for-goan-north-goa-full-time-copy-writer-2/
CONTENT DEVELOPER – TRAINING CONTENT,Jobs for Goan,Verna,FULL-TIME,Posted 4 years ago,https://startupgoa.org/job/jobs-for-goan-cortalim-full-time-content-developer-training-content/
SOCIAL MEDIA DESIGNER,Jobs for Goan,Porvorim,FULL-TIME,Posted 4 years ago,https://startupgoa.org/job/jobs-for-goan-porvorim-full-time-social-media-designer/
HR MANAGER,TenTwenty,Porvorim,FULL-TIME,Posted 4 years ago,https://startupgoa.org/job/tentwenty-goa-full-time-hr-manager/
OPERATIONS/BUSINESS DEVELOPMENT EXECUTIVE,Adsperfection,Panjim,FULL-TIME,Posted 4 years ago,https://startupgoa.org/job/adsperfection-panaji-full-time-operations-business-development-executive-2/
COPY WRITER,Jobs for Goan,Porvorim,FULL-TIME,Posted 4 years ago,https://startupgoa.org/job/jobs-for-goan-north-goa-full-time-copy-writer/
HR MANAGER,Jobs for Goan,Porvorim,FULL-TIME,Posted 4 years ago,https://startupgoa.org/job/jobs-for-goan-porvorim-full-time-hr-manager/
INTERN MARKETING EXECUTIVE,Jobs for Goan,Panjim,INTERNSHIP,Posted 4 years ago,https://startupgoa.org/job/jobs-for-goan-panaji-full-time-intern-marketing-executive/
2D/3D ANIMATOR,Jobs for Goan,Verna,FULL-TIME,Posted 4 years ago,https://startupgoa.org/job/jobs-for-goan-verna-full-time-2d-3d-animator/
"MANAGER, FINANCE & ACCOUNTS",Cravium Gourmet Pvt. Ltd.(Coffeeza),Verna,FULL-TIME,Posted 4 years ago,https://startupgoa.org/job/cravium-gourmet-pvt-ltd-coffeeza-goa-full-time-manager-finance-accounts/
SENIOR UI/FRONTEND DEVELOPER,TenTwenty,Porvorim,FULL-TIME,Posted 4 years ago,https://startupgoa.org/job/tentwenty-goa-full-time-senior-ui-frontend-developer-6/
SENIOR NODE.JS/JAVASCRIPT – BACKEND DEVELOPER,TenTwenty,Porvorim,FULL-TIME,Posted 4 years ago,https://startupgoa.org/job/tentwenty-goa-full-time-senior-node-js-javascript-backend-developer-6/
DIGITAL MARKETING EXECUTIVE,Coderix Solutions LLP,Ponda,FULL-TIME,Posted 4 years ago,https://startupgoa.org/job/coderix-solutions-llp-ponda-goa-full-time-digital-marketing-executive/
FRONTEND DEVELOPER REACT.JS,New Vision Printing Services P. Ltd.,Mapusa,FULL-TIME,Posted 4 years ago,https://startupgoa.org/job/new-vision-printing-services-p-ltd-full-time-frontend-developer-react-js/
ASSOCIATE SOFTWARE DEVELOPER,phAIdelta,Panjim,FULL-TIME,Posted 4 years ago,https://startupgoa.org/job/phaidelta-goa-full-time-associate-software-developer/
GRAPHIC DESIGNER,Social Hive,Panjim,FULL-TIME,Posted 4 years ago,https://startupgoa.org/job/social-hive-goa-full-time-graphic-designer-2/
WEB DEVELOPER,Model Career Centre,Panjim,FULL-TIME,Posted 4 years ago,https://startupgoa.org/job/model-career-centre-panjim-goa-full-time-web-developer/
TRAVEL AGENT/EXECUTIVE/SALES,BookAnywhere India,Calangute,FULL-TIME,Posted 4 years ago,https://startupgoa.org/job/bookanywhere-india-goa-full-time-travel-agent-executive-sales/
EBILLING SPECIALIST/CUSTOMER SERVICE – US SHIFTS,Zion HR Consultancy,Porvorim,FULL-TIME,Posted 4 years ago,https://startupgoa.org/job/zion-hr-consultancy-goa-full-time-ebilling-specialist-customer-service-us-shifts-4/
SALES & MARKETING FOR REAL ESTATE AGENCY,CITIHOMES Realty,Porvorim,FULL-TIME,Posted 4 years ago,https://startupgoa.org/job/citihomes-realty-porvorim-goa-full-time-sales-marketing-for-real-estate-agency/
SALES EXECUTIVE,GHD Infra Developers Pvt Ltd,Panjim,FULL-TIME,Posted 4 years ago,https://startupgoa.org/job/ghd-infra-developers-pvt-ltd-porvorim-goa-full-time-sales-executive/
ECOMMERCE SEO EXECUTIVE – PART TIME,New Vision Printing Services P. Ltd.,Mapusa,PART-TIME,Posted 4 years ago,https://startupgoa.org/job/new-vision-printing-services-p-ltd-part-time-ecommerce-seo-executive-part-time/
LARAVEL DEVELOPER,Mea Vita Technologies,Panjim,FULL-TIME,Posted 4 years ago,https://startupgoa.org/job/mea-vita-technologies-panjim-full-time-laravel-developer/
REACT NATIVE DEVELOPER,Helix Tech,Porvorim,FULL-TIME,Posted 4 years ago,https://startupgoa.org/job/helix-tech-full-time-react-native-developer/
OPENING FOR PHP-LARAVEL DEVELOPER,Kilowott,Porvorim,FULL-TIME,Posted 4 years ago,https://startupgoa.org/job/kilowott-goa-full-time-opening-for-php-laravel-developer/
RESERVATION EXECUTIVE,Jobexpert,Calangute,FULL-TIME,Posted 4 years ago,https://startupgoa.org/job/jobexpert-calangute-goa-full-time-reservation-executive/
CUSTOMER SUCCESS EXECUTIVE,Browntape Technologies,Porvorim,FULL-TIME,Posted 4 years ago,https://startupgoa.org/job/browntape-technologies-porvorim-goa-full-time-customer-success-executive/
INSIDE SALES EXECUTIVE,Cravium Gourmet Pvt. Ltd.(Coffeeza),Verna,FULL-TIME,Posted 4 years ago,https://startupgoa.org/job/cravium-gourmet-pvt-ltd-coffeeza-goa-full-time-inside-sales-executive/
GRAPHIC DESIGNER,Purple Crest Advertising,Panjim,FULL-TIME,Posted 4 years ago,https://startupgoa.org/job/purple-crest-advertising-panjim-patto-full-time-graphic-designer/
SR. DEVELOPER (PHP),Creative Capsule Infotech,Verna,FULL-TIME,Posted 4 years ago,https://startupgoa.org/job/creative-capsule-infotech-goa-full-time-sr-developer-php/
SR. DEVELOPER (JAVA),Creative Capsule Infotech,Verna,FULL-TIME,Posted 4 years ago,https://startupgoa.org/job/creative-capsule-infotech-goa-full-time-sr-developer-java/
FRONTEND DEVELOPER,Wafer Electronics,Panjim,FULL-TIME,Posted 4 years ago,https://startupgoa.org/job/wafer-electronics-goa-full-time-frontend-developer-3/
WORDPRESS DEVELOPER,GrowthGravy,Panjim,FULL-TIME,Posted 4 years ago,https://startupgoa.org/job/growthgravy-full-time-wordpress-developer/
GRAPHIC DESIGNER-FULL TIME,GrowthGravy,Panjim,FULL-TIME,Posted 4 years ago,https://startupgoa.org/job/growthgravy-nizmar-center-401-dr-atmaram-borkar-rd-panaji-goa-403001-full-time-graphic-designer-full-time-2/
PAID ADS MANAGER,GrowthGravy,Panjim,FULL-TIME,Posted 4 years ago,https://startupgoa.org/job/growthgravy-nizmar-center-401-dr-atmaram-borkar-rd-panaji-goa-403001-full-time-paid-ads-manager/
FULL STACK DEVELOPER,Spintly (By Mrinq Technologies LLP),Margao,INTERNSHIP,Posted 4 years ago,https://startupgoa.org/job/spintly-by-mrinq-technologies-llp-fatorda-goa-internship-full-stack-developer/
SOFTWARE DEVELOPER (BACKEND),Spintly (By Mrinq Technologies LLP),Margao,FULL-TIME,Posted 4 years ago,https://startupgoa.org/job/spintly-by-mrinq-technologies-llp-c-o-mrinq-technologies-g1-vaz-building-fatorda-goa-403602-full-time-software-developer-backend/
FIRMWARE ENGINEER,Spintly (By Mrinq Technologies LLP),Margao,FULL-TIME,Posted 4 years ago,https://startupgoa.org/job/spintly-by-mrinq-technologies-llp-c-o-mrinq-technologies-g1-vaz-building-fatorda-goa-403602-full-time-firmware-engineer-2/
CUSTOMER ONBOARDING SPECIALIST,Spintly (By Mrinq Technologies LLP),Margao,FULL-TIME,Posted 4 years ago,https://startupgoa.org/job/spintly-by-mrinq-technologies-llp-fatorda-goa-full-time-customer-onboarding-specialist/
BACKEND DEVELOPER API INTEGRATION,New Vision Group Holding P. Ltd.,Mapusa,FULL-TIME,Posted 4 years ago,https://startupgoa.org/job/new-vision-group-holding-p-ltd-full-time-backend-developer-api-integration/
SOCIAL MEDIA MANAGER,GrowthGravy,Panjim,FULL-TIME,Posted 4 years ago,https://startupgoa.org/job/growthgravy-nizmar-center-401-dr-atmaram-borkar-rd-panaji-goa-403001-full-time-social-media-manager-2/
JAVA DEVELOPER,Samasa Technologies,Panjim,FULL-TIME,Posted 4 years ago,https://startupgoa.org/job/samasa-technologies-panjim-full-time-java-developer-8/
NODE JS DEVELOPER,Samasa Technologies,Panjim,FULL-TIME,Posted 4 years ago,https://startupgoa.org/job/samasa-technologies-panjim-full-time-node-js-developer-2/
UI DEVELOPER,Samasa Technologies,Panjim,FULL-TIME,Posted 4 years ago,https://startupgoa.org/job/samasa-technologies-verna-full-time-ui-developer-8/
TECH LEAD,FabCoders,Panjim,FULL-TIME,Posted 4 years ago,https://startupgoa.org/job/fabcoders-full-time-tech-lead/
FLUTTER DEVELOPER,Androcid Media Pvt. Ltd,Mapusa,FULL-TIME,Posted 4 years ago,https://startupgoa.org/job/androcid-media-pvt-ltd-panjim-full-time-flutter-developer/
UI/UX INTERNSHIP,Androcid Media Pvt. Ltd,Panjim,INTERNSHIP,Posted 4 years ago,https://startupgoa.org/job/androcid-media-pvt-ltd-panjim-internship-ui-ux-internship/
SOCIAL MEDIA INTERN,BIZNest - Goa,Panjim,FULL-TIME,Posted 4 years ago,https://startupgoa.org/job/biznest-goa-mewo-meetings-co-working-dempo-trade-center-002-004-ground-floor-706-7th-floor-patto-panjim-goa-403001-full-time-social-media-intern/
ANDROID APP DEVELOPER,Litebulb Entertainment,Panjim,FREELANCE,Posted 4 years ago,https://startupgoa.org/job/litebulb-entertainment-freelance-android-app-developer/
WORDPRESS DEVELOPER,GrowthGravy,Panjim,FULL-TIME,Posted 4 years ago,https://startupgoa.org/job/growthgravy-nizmar-center-401-dr-atmaram-borkar-rd-panaji-goa-403001-full-time-wordpress-developer/
GRAPHIC DESIGNER-FULL TIME,GrowthGravy,Panjim,FULL-TIME,Posted 4 years ago,https://startupgoa.org/job/growthgravy-nizmar-center-401-dr-atmaram-borkar-rd-panaji-goa-403001-full-time-graphic-designer-full-time/
SOCIAL MEDIA MANAGER,GrowthGravy,Panjim,FULL-TIME,Posted 4 years ago,https://startupgoa.org/job/growthgravy-nizmar-center-401-dr-atmaram-borkar-rd-panaji-goa-403001-full-time-social-media-manager/
VIDEO EDITOR- FULL TIME- IN OFFICE,GrowthGravy,Panjim,FULL-TIME,Posted 4 years ago,https://startupgoa.org/job/growthgravy-nizmar-center-401-dr-atmaram-borkar-rd-panaji-goa-403001-full-time-video-editor-full-time-in-office/
GOOGLE ADS/ PAID ADS INTERN,GrowthGravy,Panjim,INTERNSHIP,Posted 4 years ago,https://startupgoa.org/job/growthgravy-nizmar-center-401-dr-atmaram-borkar-rd-panaji-goa-403001-internship-google-ads-paid-ads-intern/
JUNIOR SALES REPRESENTATIVE,Hexcoderz,Panjim,FULL-TIME,Posted 4 years ago,https://startupgoa.org/job/hexcoderz-panjim-full-time-junior-sales-representative/
MBA INTERN – EDTECH MARKETING AND SALES,WebFills,Margao,FULL-TIME,Posted 4 years ago,https://startupgoa.org/job/webfills-full-time-mba-intern-edtech-marketing-and-sales/
MARKETING INTERN,WebFills,Margao,FULL-TIME,Posted 4 years ago,https://startupgoa.org/job/webfills-full-time-marketing-intern/
HR AND ADMIN EXECUTIVE,WebFills,Margao,FULL-TIME,Posted 4 years ago,https://startupgoa.org/job/webfills-margao-full-time-hr-and-admin-executive/
GRAPHIC DESIGNER,WebFills,Margao,FULL-TIME,Posted 4 years ago,https://startupgoa.org/job/webfills-margao-full-time-graphic-designer/
INTERN – CUSTOMER RELATIONS,BIZNest - Goa,Panjim,FULL-TIME,Posted 4 years ago,https://startupgoa.org/job/biznest-goa-goa-full-time-associate-intern/
DATA ANALYST,ZION HR CONSULTANCY,Porvorim,FULL-TIME,Posted 4 years ago,https://startupgoa.org/job/zion-hr-consultancy-goa-full-time-data-analyst/
RECRUITER – HR,Zion HR Consultants,Porvorim,FULL-TIME,Posted 4 years ago,https://startupgoa.org/job/zion-hr-consultants-goa-full-time-recruiter-hr/
SERVICE DESK ANALYST,Zion HR Consultancy,Porvorim,FULL-TIME,Posted 4 years ago,https://startupgoa.org/job/zion-hr-consultancy-goa-full-time-service-desk-analyst-3/
ASSISTANT – NOC ENGINEER,Zion HR Consultancy,Porvorim,FULL-TIME,Posted 4 years ago,https://startupgoa.org/job/zion-hr-consultancy-goa-full-time-assistant-noc-engineer-2/
COLLECTION/ACCOUNTS RECEIVABLE SPECIALIST – US SHIFTS,Zion HR Consultancy,Porvorim,FULL-TIME,Posted 4 years ago,https://startupgoa.org/job/zion-hr-consultancy-goa-full-time-collection-accounts-receivable-specialist-us-shifts/
IT ADMINISTRATION AND NETWORKING,Transerve Technologies Pvt. Ltd.,Panjim,FULL-TIME,Posted 4 years ago,https://startupgoa.org/job/transerve-technologies-pvt-ltd-panaji-goa-full-time-it-administration-and-networking/
ACCOUNT EXECUTIVE,Browntape Technologies,Porvorim,FULL-TIME,Posted 4 years ago,https://startupgoa.org/job/browntape-technologies-porvorim-goa-full-time-account-executive/
ACCOUNT MANAGER,Browntape Technologies,Porvorim,FULL-TIME,Posted 4 years ago,https://startupgoa.org/job/browntape-technologies-porvorim-goa-full-time-account-manager/
MARKETPLACE ADVERTISING SPECIALIST,Browntape Technologies,Porvorim,FULL-TIME,Posted 4 years ago,https://startupgoa.org/job/browntape-technologies-porvorim-goa-full-time-marketplace-advertising-specialist/
AMAZON ADS SPECIALIST,Browntape Technologies,Porvorim,FULL-TIME,Posted 4 years ago,https://startupgoa.org/job/browntape-technologies-porvorim-goa-full-time-amazon-ads-specialist/
GOOGLE SEM SPECIALIST,Browntape Technologies,Porvorim,FULL-TIME,Posted 4 years ago,https://startupgoa.org/job/browntape-technologies-porvorim-goa-full-time-google-sem-specialist/
SALES EXECUTIVE,Browntape Technologies,Porvorim,FULL-TIME,Posted 4 years ago,https://startupgoa.org/job/browntape-technologies-porvorim-goa-full-time-sales-executive/
GRAPHIC DESIGNER,Turing.com,Other,FULL-TIME,Posted 4 years ago,https://startupgoa.org/job/turing-com-india-full-time-graphic-designer/
REACT FRONTEND DEVELOPER (WORK FROM HOME)(REMOTE INTERVIEW),Octalogic Tech,Panjim,FULL-TIME,Posted 4 years ago,https://startupgoa.org/job/octalogic-tech-remote-full-time-react-frontend-developer-work-from-homeremote-interview-3/
FULL STACK WEB DEVELOPER (WORK FROM HOME)(REMOTE INTERVIEW),Octalogic Tech,Panjim,FULL-TIME,Posted 4 years ago,https://startupgoa.org/job/octalogic-tech-full-time-full-stack-web-developer-4/
FOUNDER & CEO,krisullis,Other,FREELANCE,Posted 4 years ago,https://startupgoa.org/job/krisullis-goa-freelance-founder-ceo/
IMPLEMENTATION SPECIALIST,Browntape Technologies,Porvorim,FULL-TIME,Posted 4 years ago,https://startupgoa.org/job/browntape-technologies-porvorim-goa-full-time-implementation-specialist/
SOCIAL MEDIA MANAGER,Drool Monkey,Panjim,FULL-TIME,Posted 4 years ago,https://startupgoa.org/job/drool-monkey-panjim-full-time-social-media-manager/
OPENING FOR UI/FRONTEND DEVELOPER,Kilowott,Porvorim,FULL-TIME,Posted 4 years ago,https://startupgoa.org/job/kilowott-goa-full-time-opening-for-ui-frontend-developer/
LARAVEL DEVELOPER,Kilowott IT Services -Nordic Intent Company,Porvorim,FULL-TIME,Posted 4 years ago,https://startupgoa.org/job/kilowott-it-services-nordic-intent-company-goa-remote-permanent-full-time-laravel-developer/
OPENING FOR PHP- FULLSTACK DEVELOPER,Kilowott,Porvorim,FULL-TIME,Posted 4 years ago,https://startupgoa.org/job/kilowott-goa-full-time-opening-for-php-fullstack-developer/
MOBILE DEVELOPER,Wafer Electronics,Panjim,FULL-TIME,Posted 4 years ago,https://startupgoa.org/job/wafer-electronics-goa-full-time-mobile-developer-2/
SOCIAL MEDIA MANAGER,Hexcoderz,Panjim,FULL-TIME,Posted 4 years ago,https://startupgoa.org/job/hexcoderz-panjim-full-time-social-media-manager/
ADMIN – ONLINE AND OFFLINE,Design Intervention India Pvt. Ltd.,Margao,FULL-TIME,Posted 4 years ago,https://startupgoa.org/job/design-intervention-india-pvt-ltd-raia-full-time-admin-online-and-offline/
WORDPRESS DEVELOPER,Growth Gravy,Panjim,FULL-TIME,Posted 4 years ago,https://startupgoa.org/job/growth-gravy-goa-full-time-wordpress-developer/
INDUSTRIAL DESIGNER,Design Intervention India Pvt. Ltd.,Margao,FULL-TIME,Posted 4 years ago,https://startupgoa.org/job/design-intervention-india-pvt-ltd-raia-full-time-industrial-designer/
WEB DEVELOPER,ADHIKARI ACADEMY OF LEARNING PRIVATE LIMITED,Ponda,FULL-TIME,Posted 4 years ago,https://startupgoa.org/job/adhikari-academy-of-learning-private-limited-goa-full-time-web-developer-2/
SOFTWARE QUALITY ASSURANCE ENGINEER / SOFTWARE TESTER,New Vision Group Holding P. Ltd.,Mapusa,FULL-TIME,Posted 4 years ago,https://startupgoa.org/job/new-vision-group-holding-p-ltd-tivim-goa-full-time-software-quality-assurance-engineer-software-tester/
ANDROID DEVELOPER,FabCoders,Panjim,FULL-TIME,Posted 4 years ago,https://startupgoa.org/job/fabcoders-full-time-android-developer/
REACT.JS DEVELOPER,FabCoders,Panjim,FULL-TIME,Posted 4 years ago,https://startupgoa.org/job/fabcoders-full-time-react-js-developer-2/
NODE.JS DEVELOPER,FabCoders,Panjim,FULL-TIME,Posted 4 years ago,https://startupgoa.org/job/fabcoders-full-time-node-js-developer-2/
PHP DEVELOPER,FabCoders,Panjim,FULL-TIME,Posted 4 years ago,https://startupgoa.org/job/fabcoders-full-time-php-developer-3/
UI DEVELOPER,Axzora Pvt. Ltd.,Panjim,FULL-TIME,Posted 4 years ago,https://startupgoa.org/job/axzora-pvt-ltd-panaji-goa-full-time-ui-developer/
UI/UX DESIGNER (1 NOS.),Axzora Pvt. Ltd.,Panjim,FULL-TIME,Posted 4 years ago,https://startupgoa.org/job/axzora-pvt-ltd-panaji-goa-full-time-ui-ux-designer-1-nos/
QA TESTER,Axzora Pvt. Ltd.,Panjim,FULL-TIME,Posted 4 years ago,https://startupgoa.org/job/axzora-pvt-ltd-panaji-goa-full-time-qa-tester/
SR. DEVELOPER,Creative Capsule Infotech,Verna,FULL-TIME,Posted 4 years ago,https://startupgoa.org/job/creative-capsule-infotech-goa-full-time-sr-developer/
HR MANAGER,Growth Gravy,Panjim,FULL-TIME,Posted 4 years ago,https://startupgoa.org/job/growth-gravy-goa-full-time-hr-manager/
TELECALLER / SALES EXECUTIVE,Xenerx HealthCare,Porvorim,FULL-TIME,Posted 4 years ago,https://startupgoa.org/job/xenerx-healthcare-porvorim-goa-full-time-telecaller-sales-executive-2/
SOFTWARE TESTER INTERN,Xenerx HealthCare,Porvorim,INTERNSHIP,Posted 4 years ago,https://startupgoa.org/job/xenerx-healthcare-porvorim-goa-internship-software-tester-intern/
QA ENGINEER,SJ Innovation,Verna,FULL-TIME,Posted 4 years ago,https://startupgoa.org/job/sj-innovation-full-time-qa-engineer/
IOS DEVELOPER,SJ Innovation,Verna,FULL-TIME,Posted 4 years ago,https://startupgoa.org/job/sj-innovation-full-time-ios-developer/
GRAPHICS DESIGNER,Wow Kids Education LLP,Panjim,FULL-TIME,Posted 4 years ago,https://startupgoa.org/job/wow-kids-education-llp-panjim-full-time-graphics-designer/
QA AUTOMATION ENGINEER,Simplit Software Solutions,Panjim,FULL-TIME,Posted 4 years ago,https://startupgoa.org/job/simplit-software-solutions-remote-full-time-qa-automation-engineer/
UI DEVELOPER,Xenerx HealthCare,Porvorim,FULL-TIME,Posted 4 years ago,https://startupgoa.org/job/xenerx-healthcare-porvorim-goa-full-time-ui-developer-2/
JAVA DEVELOPER,Xenerx HealthCare,Porvorim,FULL-TIME,Posted 4 years ago,https://startupgoa.org/job/xenerx-healthcare-porvorim-goa-full-time-java-developer/
SOFTWARE DEVELOPER,Perceptron Software Labs,Panjim,FULL-TIME,Posted 4 years ago,https://startupgoa.org/job/perceptron-software-labs-full-time-software-developer-2/
DOT NET DEVELOPER,Expogroup,Porvorim,FULL-TIME,Posted 4 years ago,https://startupgoa.org/job/expogroup-porvorim-full-time-dot-net-developer/
MARKETING EXECUTIVE,akAds outdoor advertsing agency,Calangute,FULL-TIME,Posted 4 years ago,https://startupgoa.org/job/akads-outdoor-advertsing-agency-north-goa-full-time-marketing-executive/
EVENT PRODUCTION MANAGER,KaiZen Events. Goa,Other,FULL-TIME,Posted 4 years ago,https://startupgoa.org/job/kaizen-events-goa-old-goa-full-time-event-production-manager/
UI/UX DEVELOPER,SIVA Group,Verna,FULL-TIME,Posted 4 years ago,https://startupgoa.org/job/siva-group-goa-full-time-ui-ux-developer/
ACCOUNT ASSISTANT,Cravium Gourmet Pvt. Ltd.(Coffeeza),Verna,FULL-TIME,Posted 4 years ago,https://startupgoa.org/job/cravium-gourmet-pvt-ltd-coffeeza-goa-full-time-account-assistant/
BACKEND DEVELOPER- WORK FROM HOME,Mobobeat,Mapusa,FULL-TIME,Posted 4 years ago,https://startupgoa.org/job/mobobeat-goa-full-time-backend-developer-work-from-home/
SOCIAL MEDIA EXECUTIVE – WORK FROM HOME,Jobs for Goan,Other,FULL-TIME,Posted 4 years ago,https://startupgoa.org/job/jobs-for-goan-work-from-home-full-time-social-media-executive-work-from-home/
BANKING SALES OFFICER,Jobs for Goan,Panjim,FULL-TIME,Posted 4 years ago,https://startupgoa.org/job/jobs-for-goan-panjim-full-time-banking-sales-officer/
TRAINING EXECUTIVE – HOSPITALITY SECTOR,Jobs for Goan,Other,FULL-TIME,Posted 4 years ago,https://startupgoa.org/job/jobs-for-goan-cavelosim-full-time-training-executive-hospitality-sector/
CONTENT DEVELOPER – TRAINING CONTENT,Jobs for Goan,Verna,FULL-TIME,Posted 4 years ago,https://startupgoa.org/job/jobs-for-goan-verna-full-time-content-developer-training-content/
PYTHON DEVELOPER,Simplit Software Solutions,Panjim,FULL-TIME,Posted 4 years ago,https://startupgoa.org/job/simplit-software-solutions-remote-full-time-python-developer/
SYSTEMS AND NETWORK ENGINEER,Designway,Panjim,FULL-TIME,Posted 4 years ago,https://startupgoa.org/job/designway-goa-full-time-systems-and-network-engineer/
SOFTWARE DEVELOPER,Designway,Panjim,FULL-TIME,Posted 4 years ago,https://startupgoa.org/job/designway-goa-full-time-software-developer/
SENIOR BACK-END DEVELOPER,Designway,Panjim,FULL-TIME,Posted 4 years ago,https://startupgoa.org/job/designway-goa-full-time-senior-back-end-developer/
BACK-END DEVELOPER,Designway,Panjim,FULL-TIME,Posted 4 years ago,https://startupgoa.org/job/designway-goa-full-time-back-end-developer/
DIGITAL MARKETING EXECUTIVE,Browntape Technologies,Porvorim,FULL-TIME,Posted 4 years ago,https://startupgoa.org/job/browntape-technologies-porvorim-goa-full-time-digital-marketing-executive/
CONTENT WRITING INTERNS,Goa Prism Digital Media,Panjim,INTERNSHIP,Posted 4 years ago,https://startupgoa.org/job/goa-prism-digital-media-goa-mumbai-pune-bangalore-internship-content-writing-interns/
EBILLING SPECIALIST/CUSTOMER SERVICE – US SHIFTS,Zion HR Consultancy,Porvorim,FULL-TIME,Posted 4 years ago,https://startupgoa.org/job/zion-hr-consultancy-goa-full-time-ebilling-specialist-customer-service-us-shifts-3/
CUSTOMER SERVICE EXECUTIVE ( KONKANI/ENGLISH SPEAKING ),Source It Out KPO Pvt Services Ltd,Panjim,FULL-TIME,Posted 4 years ago,https://startupgoa.org/job/source-it-out-kpo-pvt-services-ltd-full-time-customer-service-executive-konkani-english-speaking/
GOOGLE ADS & FACEBOOK ADS EXECUTIVE,Brizzo Digital,Panjim,FULL-TIME,Posted 4 years ago,https://startupgoa.org/job/brizzo-digital-full-time-online-advertising-executive/
SR. FULL STACK DEVELOPER,Talent Genie,Panjim,FULL-TIME,Posted 4 years ago,https://startupgoa.org/job/talent-genie-goa-full-time-sr-full-stack-developer/
SR. BACKEND DEVELOPER,Talent Genie,Panjim,FULL-TIME,Posted 4 years ago,https://startupgoa.org/job/talent-genie-goa-full-time-sr-backend-developer/
SR. FRONTEND DEVELOPER,Talent Genie,Panjim,FULL-TIME,Posted 4 years ago,https://startupgoa.org/job/talent-genie-goa-full-time-sr-frontend-developer/
SALES EXECUTIVE – REAL ESTATE,Jobs for Goan,Porvorim,FULL-TIME,Posted 5 years ago,https://startupgoa.org/job/jobs-for-goan-sangolda-full-time-sales-executive-real-estate/
UI DEVELOPER (ANGULAR 2 & ABOVE),Jobs for Goan,Verna,FULL-TIME,Posted 5 years ago,https://startupgoa.org/job/jobs-for-goan-full-time-ui-developer-angular-2-above/
"CLOUD SERVICE DEVELOPER (C#.NET,.NET CORE, AZURE)",Jobs for Goan,Verna,FULL-TIME,Posted 5 years ago,https://startupgoa.org/job/jobs-for-goan-verna-full-time-cloud-service-developer-c-net-net-core-azure/
FRONTEND DEVELOPER,Browntape Technologies,Porvorim,FULL-TIME,Posted 5 years ago,https://startupgoa.org/job/browntape-technologies-porvorim-goa-full-time-frontend-developer/
PHP DEVELOPERS,Androcid Media Pvt. Ltd,Panjim,FULL-TIME,Posted 5 years ago,https://startupgoa.org/job/androcid-media-pvt-ltd-full-time-full-stack-php-developers/
MARKETING EXECUTIVE,OUTDOORS GOA,Porvorim,FULL-TIME,Posted 5 years ago,https://startupgoa.org/job/outdoors-goa-north-goa-part-time-marketing-executive/
NODE.JS/JAVASCRIPT – BACKEND DEVELOPER (WORK FROM HOME),Octalogic Tech,Panjim,FULL-TIME,Posted 5 years ago,https://startupgoa.org/job/octalogic-tech-full-time-node-js-javascript-backend-developer-work-from-home/
VIRTUAL ASSISTANT,Professional Model Service,Other,FULL-TIME,Posted 5 years ago,https://startupgoa.org/job/professional-model-service-full-time-virtual-assistant/
WEB DEVELOPER,Professional Model Service,Margao,FULL-TIME,Posted 5 years ago,https://startupgoa.org/job/professional-model-service-full-time-web-developer/
JUNIOR SYSTEMS ADMINISTRATOR,New Vision Printing Services P. Ltd.,Mapusa,FULL-TIME,Posted 5 years ago,https://startupgoa.org/job/new-vision-printing-services-p-ltd-full-time-junior-systems-administrator/
C# FULLSTACK DEVELOPER,IdeaBridge,Porvorim,FULL-TIME,Posted 5 years ago,https://startupgoa.org/job/ideabridge-full-time-c-fullstack-developer/
SEO SPECIALIST,Kilowott IT Services -Nordic Intent Company,Porvorim,FULL-TIME,Posted 5 years ago,https://startupgoa.org/job/kilowott-it-services-nordic-intent-company-goa-full-time-seo-specialist/
JAVA DEVELOPER INTERN,Xenerx HealthCare,Porvorim,INTERNSHIP,Posted 5 years ago,https://startupgoa.org/job/xenerx-healthcare-porvorim-goa-internship-java-developer/
UI DEVELOPER INTERN,Xenerx HealthCare,Porvorim,INTERNSHIP,Posted 5 years ago,https://startupgoa.org/job/xenerx-healthcare-porvorim-goa-internship-ui-developer/
QA ANALYST,Webware.io,Panjim,FULL-TIME,Posted 5 years ago,https://startupgoa.org/job/webware-io-panjim-goa-full-time-qa-analyst-6/
UI /UX DEVELOPER,Webware.io,Panjim,FULL-TIME,Posted 5 years ago,https://startupgoa.org/job/webware-io-goa-full-time-ui-ux-developer/
UI DEVELOPER (ANGULAR 2 & ABOVE),Jobs for Goan,Verna,FULL-TIME,Posted 5 years ago,https://startupgoa.org/job/jobs-for-goan-goa-full-time-ui-developer-angular-2-above/
"CLOUD SERVICE DEVELOPER (C#.NET,.NET CORE, AZURE)",Jobs for Goan,Verna,FULL-TIME,Posted 5 years ago,https://startupgoa.org/job/jobs-for-goan-goa-full-time-cloud-service-developer-c-net-net-core-azure/
CUSTOMER SERVICE EXECUTIVE – SOCIAL MEDIA GRIEVANCES HANDLING,Jobs for Goan,Porvorim,FULL-TIME,Posted 5 years ago,https://startupgoa.org/job/jobs-for-goan-porvorim-full-time-customer-service-executive-social-media-grievances-handling/
SATTA MATKA EXPERT,Online Satta App,Anjuna,FULL-TIME,Posted 5 years ago,https://startupgoa.org/job/online-satta-app-india-full-time-satta-matka-expert/
DEVELOPER INTERN,Samasa Innovations Private Limited,Verna,FULL-TIME,Posted 5 years ago,https://startupgoa.org/job/samasa-innovations-private-limited-full-time-developer-intern-2/
UI DEVELOPER,Samasa Technologies,Panjim,FULL-TIME,Posted 5 years ago,https://startupgoa.org/job/samasa-technologies-verna-full-time-ui-developer-7/
NODE JS DEVELOPER,Samasa Technologies,Panjim,FULL-TIME,Posted 5 years ago,https://startupgoa.org/job/samasa-technologies-panjim-full-time-node-js-developer/
JAVA DEVELOPER,Samasa Technologies,Panjim,FULL-TIME,Posted 5 years ago,https://startupgoa.org/job/samasa-technologies-panjim-full-time-java-developer-7/
"ASSISTANT MANAGER, SALES",Cravium Gourmet Pvt. Ltd.(Coffeeza),Verna,FULL-TIME,Posted 5 years ago,https://startupgoa.org/job/cravium-gourmet-pvt-ltd-coffeeza-goa-full-time-assistant-manager-sales/
"SENIOR BACKEND DEVELOPER (JAVA,SPRING/GROOVY,GRAILS) [ 12L-18L P.A ]",StoreBuilder,Panjim,FULL-TIME,Posted 5 years ago,https://startupgoa.org/job/storebuilder-full-time-senior-backend-developer-javaspring-groovygrails-12l-18l-p-a/
JUNIOR/FRESHER DEVELOPER FOR REACT & NODE,FabCoders,Panjim,FULL-TIME,Posted 5 years ago,https://startupgoa.org/job/fabcoders-panaji-full-time-junior-fresher-developer-for-react-node/
SOCIAL MEDIA MANAGER,Growth Gravy,Panjim,FULL-TIME,Posted 5 years ago,https://startupgoa.org/job/growth-gravy-panjim-goa-full-time-social-media-manager/
SOFTWARE DEVELOPER (FRESHER),freethink,Panjim,FULL-TIME,Posted 5 years ago,https://startupgoa.org/job/freethink-panjim-full-time-software-developer-fresher-5/
FULL STACK WEB DEVELOPER,Unexplored Goa,Panjim,FULL-TIME,Posted 5 years ago,https://startupgoa.org/job/unexplored-goa-panaji-full-time-full-stack-web-developer-5/
ANDROID DEVELOPER,Unexplored Goa,Panjim,FULL-TIME,Posted 5 years ago,https://startupgoa.org/job/unexplored-goa-panaji-full-time-android-developer-5/
HUMAN RESOURCE PROFESSIONAL,Unexplored Goa,Porvorim,FULL-TIME,Posted 5 years ago,https://startupgoa.org/job/unexplored-goa-porvorim-full-time-human-resource-professional-5/
CUSTOMER SUCCESS MANAGER,Browntape Technologies,Porvorim,FULL-TIME,Posted 5 years ago,https://startupgoa.org/job/browntape-technologies-full-time-customer-success-manager/
ANDROID DEVELOPER,Webware.io,Panjim,FULL-TIME,Posted 5 years ago,https://startupgoa.org/job/webware-io-goa-full-time-android-developer/
IOS DEVELOPER,Webware.io,Panjim,FULL-TIME,Posted 5 years ago,https://startupgoa.org/job/webware-io-goa-full-time-ios-developer/
SOCIAL MEDIA EXECUTIVE,Amura Marketing Technologies,Mapusa,FULL-TIME,Posted 5 years ago,https://startupgoa.org/job/amura-marketing-technologies-goa-full-time-social-media-exevutive/
QA TESTER,2ordr International LLC,Mapusa,FULL-TIME,Posted 5 years ago,https://startupgoa.org/job/2ordr-international-llc-goa-full-time-software-quality-analyst-tester/
PYTHON DEVELOPER,Source It Out,Panjim,FULL-TIME,Posted 5 years ago,https://startupgoa.org/job/source-it-out-goa-full-time-python-developer/
FULL STACK DEVELOPER,Browntape Technologies,Porvorim,FULL-TIME,Posted 5 years ago,https://startupgoa.org/job/browntape-technologies-porvorim-goa-full-time-full-stack-developer/
ADVERTISING EXECUTIVE,Brizzo Digital,Panjim,FULL-TIME,Posted 5 years ago,https://startupgoa.org/job/brizzo-digital-full-time-advertising-executive/
BACKEND DEVELOPER,THE LEGAL CAPSULE,Verna,FULL-TIME,Posted 5 years ago,https://startupgoa.org/job/the-legal-capsule-goa-full-time-backend-developer/
JR. PHP DEVELOPER,Craffcodes,Panjim,FULL-TIME,Posted 5 years ago,https://startupgoa.org/job/craffcodes-full-time-jr-php-developer/
SENIOR .NET / ANGULAR JS DEVELOPER,Source It Out,Panjim,FULL-TIME,Posted 5 years ago,https://startupgoa.org/job/source-it-out-goa-full-time-senior-net-angular-js-developer/
SOFTWARE ENGINEER IN TEST,PlanQube Technologies,Verna,FULL-TIME,Posted 5 years ago,https://startupgoa.org/job/planqube-technologies-verna-goa-full-time-senior-software-engineer-in-test/
JAVA DEVELOPER,Transerve Technologies Pvt. Ltd.,Panjim,FULL-TIME,Posted 5 years ago,https://startupgoa.org/job/transerve-technologies-pvt-ltd-panaji-goa-full-time-java-developer/
RPA DEVELOPER,Wafer Electronics,Panjim,FULL-TIME,Posted 5 years ago,https://startupgoa.org/job/wafer-electronics-goa-full-time-rpa-developer/
ANDROID DEVELOPER (SDE-I),Transerve Technologies Pvt. Ltd.,Panjim,FULL-TIME,Posted 5 years ago,https://startupgoa.org/job/transerve-technologies-pvt-ltd-panaji-goa-full-time-android-developer-sde-i/
SOFTWARE TESTER,Designway,Panjim,FULL-TIME,Posted 5 years ago,https://startupgoa.org/job/designway-goa-full-time-software-tester-6/
FRONTEND ANGULAR DEVELOPER,Designway,Panjim,FULL-TIME,Posted 5 years ago,https://startupgoa.org/job/designway-goa-full-time-frontend-angular-developer-2/
SOFTWARE DEVELOPER,Designway,Panjim,FULL-TIME,Posted 5 years ago,https://startupgoa.org/job/designway-goa-full-time-software-developer-2/
SYSTEMS AND NETWORK ENGINEER,Designway,Panjim,FULL-TIME,Posted 5 years ago,https://startupgoa.org/job/designway-goa-full-time-systems-and-network-engineer-4/
DIGITAL MARKETING/SERVICES ANALYST,Webware.io,Panjim,FULL-TIME,Posted 5 years ago,https://startupgoa.org/job/webware-io-goa-full-time-digital-marketing-services-analyst/
DIGITAL MARKETING EXECUTIVE,Coderix Solutions LLP,Ponda,FULL-TIME,Posted 5 years ago,https://startupgoa.org/job/coderix-solutions-llp-full-time-digital-marketing-executive/
WEB DEVELOPER (PHP),Coderix Solutions LLP,Ponda,FULL-TIME,Posted 5 years ago,https://startupgoa.org/job/coderix-solutions-llp-coderix-solutions-llp-ponda-full-time-web-developer-php/
MEAN STACK DEVELOPER,Team 24 Foods and Beverages Pvt. Ltd.,Panjim,FULL-TIME,Posted 5 years ago,https://startupgoa.org/job/team-24-foods-and-beverages-pvt-ltd-panjim-full-time-mean-stack-developer-2/
MEAN STACK DEVELOPER,Team 24 Foods and Beverages Pvt. Ltd.,Panjim,FULL-TIME,Posted 5 years ago,https://startupgoa.org/job/team-24-foods-and-beverages-pvt-ltd-panjim-full-time-mean-stack-developer/
MERN STACK DEVELOPER,Team 24 Foods and Beverages Pvt. Ltd.,Panjim,FULL-TIME,Posted 5 years ago,https://startupgoa.org/job/team-24-foods-and-beverages-pvt-ltd-panjim-full-time-mern-stack-developer/
MOBILE DEVELOPER,Wafer Electronics,Panjim,FULL-TIME,Posted 5 years ago,https://startupgoa.org/job/wafer-electronics-goa-full-time-mobile-developer/
DEVOPS ENGINEER,"UCM Foundation, India",Margao,FULL-TIME,Posted 5 years ago,https://startupgoa.org/job/ucm-foundation-india-goa-full-time-devops-engineer/
INSIDE SALES EXECUTIVE,Browntape Technologies,Porvorim,FULL-TIME,Posted 5 years ago,https://startupgoa.org/job/browntape-technologies-porvorim-goa-full-time-inside-sales-executive/
VLSI DESIGN ENGINEER,Invicta eSolutions Private Limted,Panjim,FULL-TIME,Posted 5 years ago,https://startupgoa.org/job/invicta-esolutions-private-limted-panaji-full-time-vlsi-design-engineer/
BLOCKCHAIN DEVELOPERS,Invicta eSolutions Private Limted,Panjim,FULL-TIME,Posted 5 years ago,https://startupgoa.org/job/invicta-esolutions-private-limted-panaji-full-time-blockchain-developers/
CUSTOMER SERVICE,Invicta eSolutions Private Limted,Panjim,FULL-TIME,Posted 5 years ago,https://startupgoa.org/job/invicta-esolutions-private-limted-goa-full-time-customer-service/
REGULATORY & COMPLIANCE OFFICER,Invicta eSolutions Private Limted,Panjim,FULL-TIME,Posted 5 years ago,https://startupgoa.org/job/invicta-esolutions-private-limted-panaji-full-time-regulatory-compliance-officer/
WEB DEVELOPERS,Ajency.in,Panjim,FULL-TIME,Posted 5 years ago,https://startupgoa.org/job/ajency-in-panjim-goa-full-time-web-developers/
SOFTWARE DEVELOPER,Perceptron Software Labs,Panjim,FULL-TIME,Posted 5 years ago,https://startupgoa.org/job/perceptron-software-labs-full-time-software-developer/
REPORTING ANALYST – WORK FROM HOME (ON CONTRACT),Webware.io,Other,FULL-TIME,Posted 5 years ago,https://startupgoa.org/job/webware-io-goa-full-time-reporting-analyst-work-from-home-on-contract-2/
DIGITAL MARKETING EXECUTIVE,New Vision Printing Services P. Ltd.,Mapusa,FULL-TIME,Posted 5 years ago,https://startupgoa.org/job/new-vision-printing-services-p-ltd-remote-goa-full-time-digital-marketing-executive/
OUTBOUND SALES & MARKETING EXECUTIVE – WFH,New Vision Printing Services P. Ltd.,Mapusa,FULL-TIME,Posted 5 years ago,https://startupgoa.org/job/new-vision-printing-services-p-ltd-remote-goa-full-time-outbound-sales-marketing-executive-wfh/
3D ANIMATION ARTIST,VillageTalkies,Mapusa,FULL-TIME,Posted 5 years ago,https://startupgoa.org/job/villagetalkies-bangalore-full-time-3d-animation-artist/
RECRUITMENT EXECUTIVE,Jobs for Goan,Anjuna,FULL-TIME,Posted 5 years ago,https://startupgoa.org/job/jobs-for-goan-anjuna-full-time-recruitment-executive/
BIG DATA SPARK/SCALA DEVELOPER,sync tech inc,Other,PART-TIME,Posted 5 years ago,https://startupgoa.org/job/sync-tech-inc-part-time-big-data-spark-scala-developer/
BACKEND DEVELOPER,Transerve Technologies Pvt. Ltd.,Panjim,FULL-TIME,Posted 5 years ago,https://startupgoa.org/job/transerve-technologies-pvt-ltd-panaji-full-time-backend-developer/
FRONT END DEVELOPER,Transerve Technologies Pvt. Ltd.,Panjim,FULL-TIME,Posted 5 years ago,https://startupgoa.org/job/transerve-technologies-pvt-ltd-panaji-full-time-front-end-developer-2/
BUSINESS DEVELOPMENT EXECUTIVE,Adsperfection,Panjim,FULL-TIME,Posted 5 years ago,https://startupgoa.org/job/adsperfection-panaji-full-time-business-development-executive-11/
SOFTWARE QA TESTER,Transerve,Panjim,FULL-TIME,Posted 5 years ago,https://startupgoa.org/job/transerve-panaji-full-time-software-qa-tester-2/
SENIOR ANDROID DEVELOPER,TenTwenty,Other,FULL-TIME,Posted 5 years ago,https://startupgoa.org/job/tentwenty-goa-or-remote-full-time-senior-android-developer/
ANDROID DEVELOPER,Hexcoderz,Panjim,FULL-TIME,Posted 5 years ago,https://startupgoa.org/job/hexcoderz-panjim-full-time-android-developer/
UI/UX DESIGNER,Creative Capsule Infotech,Verna,FULL-TIME,Posted 5 years ago,https://startupgoa.org/job/creative-capsule-infotech-verna-goa-remote-working-option-available-full-time-ui-ux-designer/
JUNIOR GOOGLE ADS PPC SPECIALIST,Ideas Unlimited Digital,Panjim,FULL-TIME,Posted 5 years ago,https://startupgoa.org/job/ideas-unlimited-digital-goa-full-time-junior-google-ads-ppc-specialist/
QA LEAD,Spintly (By Mrinq Technologies LLP),Margao,FULL-TIME,Posted 5 years ago,https://startupgoa.org/job/spintly-by-mrinq-technologies-llp-c-o-mrinq-technologies-g1-vaz-building-fatorda-goa-403602-full-time-qa-lead/
3D ARCHITECTURAL WALK THROUGH,VillageTalkies,Panjim,FULL-TIME,Posted 5 years ago,https://startupgoa.org/job/villagetalkies-bangalore-full-time-3d-architectural-walk-through/
ASSISTANT TRAINING MANAGER,Jobs for Goan,Other,FULL-TIME,Posted 5 years ago,https://startupgoa.org/job/jobs-for-goan-full-time-assistant-training-manager/
PYTHON DEVELOPER,Simplit Software Solutions,Other,FULL-TIME,Posted 5 years ago,https://startupgoa.org/job/simplit-software-solutions-goa-full-time-python-developer/
BACKEND DEVELOPER NODE.JS,New Vision Printing Services P. Ltd.,Mapusa,FULL-TIME,Posted 5 years ago,https://startupgoa.org/job/new-vision-printing-services-p-ltd-goa-remote-full-time-backend-developer-node-js/
REPORTING ANALYST – WORK FROM HOME (ON CONTRACT),Webware.io,Other,FULL-TIME,Posted 5 years ago,https://startupgoa.org/job/webware-io-goa-full-time-reporting-analyst-work-from-home-on-contract/
BUSINESS DEVELOPMENT EXECUTIVE,Adsperfection,Panjim,FULL-TIME,Posted 5 years ago,https://startupgoa.org/job/adsperfection-panaji-full-time-business-development-executive-10/
REACT NATIVE DEVELOPER – TRAINEE,Helix Tech,Porvorim,FULL-TIME,Posted 5 years ago,https://startupgoa.org/job/helix-tech-full-time-react-native-developer-trainee/
PART-TIME SEO EXECUTIVE,Brizzo Digital,Panjim,PART-TIME,Posted 5 years ago,https://startupgoa.org/job/brizzo-digital-part-time-part-time-seo-executive/
SCRUM MASTER (AGILE),New Vision Printing Services P. Ltd.,Mapusa,FULL-TIME,Posted 5 years ago,https://startupgoa.org/job/new-vision-printing-services-p-ltd-remote-full-time-scrum-master-agile/
3D MODELING,VillageTalkies,Palolem,FULL-TIME,Posted 5 years ago,https://startupgoa.org/job/villagetalkies-bangalore-full-time-3d-modeling/
SOFTWARE SALES EXECUTIVE,Helix Tech,Porvorim,FULL-TIME,Posted 5 years ago,https://startupgoa.org/job/helix-tech-full-time-software-sales-executive/
QA LEAD,Helix Tech,Porvorim,FULL-TIME,Posted 5 years ago,https://startupgoa.org/job/helix-tech-full-time-qa-lead/
ECOMMERCE EXECUTIVE (WORK FROM HOME),New Vision Printing Services P. Ltd.,Mapusa,FULL-TIME,Posted 5 years ago,https://startupgoa.org/job/new-vision-printing-services-p-ltd-remote-full-time-ecommerce-executive-work-from-home/
PROJECT MANAGER – SOFTWARE,Jobs for Goan,Panjim,FULL-TIME,Posted 5 years ago,https://startupgoa.org/job/jobs-for-goan-full-time-project-manager-software/
SENIOR WORDPRESS DEVELOPER,Jobs for Goan,Saligao,FULL-TIME,Posted 5 years ago,https://startupgoa.org/job/jobs-for-goan-full-time-senior-wordpress-developer/
FULL STACK – WEB DEVELOPER,Jobs for Goan,Panjim,FULL-TIME,Posted 5 years ago,https://startupgoa.org/job/jobs-for-goan-full-time-full-stack-web-developer/
LOGISTIC EXECUTIVE,Magicians of wellness (India) LLP,Anjuna,FULL-TIME,Posted 5 years ago,https://startupgoa.org/job/magicians-of-wellness-india-llp-anjuna-full-time-logistic-manager/
JAVA DEVELOPER,Xenerx HealthCare,Porvorim,INTERNSHIP,Posted 5 years ago,https://startupgoa.org/job/xenerx-healthcare-porvorim-goa-full-time-internship-part-time-java-developer/
ANDROID APP DEVELOPER,Litebulb.in,Panjim,FREELANCE,Posted 5 years ago,https://startupgoa.org/job/litebulb-in-freelance-android-app-developer-2/
FRONT END DEVELOPER – WORK FROM HOME,New Vision Printing Services P. Ltd.,Mapusa,FULL-TIME,Posted 5 years ago,https://startupgoa.org/job/new-vision-printing-services-p-ltd-remote-goa-full-time-front-end-developer-reactjs/
SALES OFFICER (PRIVATE BANK),Aspirations HR,Other,FULL-TIME,Posted 5 years ago,https://startupgoa.org/job/aspirations-hr-goa-full-time-sales-officer-private-bank/
DIGITAL MARKETING EXECUTIVE/ SENIOR EXECUTIVE FOR SPINTLY,Spintly (By Mrinq Technologies LLP),Other,FULL-TIME,Posted 5 years ago,https://startupgoa.org/job/spintly-by-mrinq-technologies-llp-bangalore-full-time-digital-marketing-executive-senior-executive-for-spintly/
IT PROJECT MANAGER,Frontline Managed Services,Porvorim,FULL-TIME,Posted 5 years ago,https://startupgoa.org/job/frontline-managed-services-goa-hyderabad-full-time-it-project-manager/
IT SECURITY ANALYST,Frontline Managed Services,Porvorim,FULL-TIME,Posted 5 years ago,https://startupgoa.org/job/frontline-managed-services-goa-hyderabad-full-time-it-security-analyst/
TEST AUTOMATION FRAMEWORK ENGINEER,Spintly (By Mrinq Technologies LLP),Other,FULL-TIME,Posted 5 years ago,https://startupgoa.org/job/spintly-by-mrinq-technologies-llp-pune-full-time-test-automation-framework-engineer/
BLACK BOX TESTER,Spintly (By Mrinq Technologies LLP),Other,FULL-TIME,Posted 5 years ago,https://startupgoa.org/job/spintly-by-mrinq-technologies-llp-pune-full-time-black-box-tester/
SENIOR SOFTWARE ENGINEER / TEAM LEAD – MICROSERVICES,Neowise Business Solutions,Margao,FULL-TIME,Posted 5 years ago,https://startupgoa.org/job/neowise-business-solutions-goa-full-time-senior-software-engineer-team-lead-microservices/
SENIOR SOFTWARE DEVELOPER- MONGODB DEVELOPER,Neowise Business Solutions,Margao,FULL-TIME,Posted 5 years ago,https://startupgoa.org/job/neowise-business-solutions-goa-full-time-senior-software-developer-mongodb-developer/
SCRIPTING WRITING,VillageTalkies,Porvorim,FULL-TIME,Posted 5 years ago,https://startupgoa.org/job/villagetalkies-bangalore-full-time-scripting-writing/
GRAPHIC DESIGNER,EDISOL,Porvorim,FULL-TIME,Posted 5 years ago,https://startupgoa.org/job/edisol-north-goa-full-time-graphic-designer/
SOCIAL MEDIA EXECUTIVE,EDISOL,Porvorim,FULL-TIME,Posted 5 years ago,https://startupgoa.org/job/edisol-work-from-home-full-time-social-media-executive/
BUSINESS DEVELOPMENT EXECUTIVE(INSTITUTIONAL),New Vision Printing Services P. Ltd.,Mapusa,FULL-TIME,Posted 5 years ago,https://startupgoa.org/job/new-vision-printing-services-p-ltd-remote-full-time-business-development-executive-2/
FREELANCE SEO EXECUTIVE (MARKETPLACES),New Vision Printing Services P. Ltd.,Mapusa,FULL-TIME,Posted 5 years ago,https://startupgoa.org/job/new-vision-printing-services-p-ltd-remote-full-time-freelance-seo-executive-marketplaces/
BACKEND DEVELOPERS,Metta Social Solutions Pvt Ltd,Panjim,FULL-TIME,Posted 5 years ago,https://startupgoa.org/job/metta-social-solutions-pvt-ltd-pune-goa-full-time-backend-developers_-pune-goa_-immediate-joiners/
FRONT END DEVELOPERS,Metta Social Solutions Pvt Ltd,Panjim,FULL-TIME,Posted 5 years ago,https://startupgoa.org/job/metta-social-solutions-pvt-ltd-pune-goa-full-time-front-end-developers_-goa-pune_-immediate-joiners/
BACKEND DEVELOPERS,Noustek Labs,Panjim,FULL-TIME,Posted 5 years ago,https://startupgoa.org/job/noustek-labs-pune-goa-full-time-backend-developers_-pune-goa_-immediate-joiners/
FRONT END DEVELOPERS,Noustek Labs,Panjim,FULL-TIME,Posted 5 years ago,https://startupgoa.org/job/noustek-labs-pune-goa-full-time-front-end-developers_-goa-pune_-immediate-joiners/
BUSINESS ANALYST,Noustek Labs,Other,FULL-TIME,Posted 5 years ago,https://startupgoa.org/job/noustek-labs-pune-full-time-business-analyst_-pune_-immediate-joiners/
AUTOMATION TESTING,Noustek Labs,Other,FULL-TIME,Posted 5 years ago,https://startupgoa.org/job/noustek-labs-pune-full-time-automation-testing_-pune-_-immediate-joiners/
OWNER,Infinite Disha,Vasco,FULL-TIME,Posted 5 years ago,https://startupgoa.org/job/infinite-disha-full-time-part-time-owner/
PRODUCT RESEARCH ASSOCIATE,Bodhami Private Limited,Margao,FULL-TIME,Posted 5 years ago,https://startupgoa.org/job/bodhami-private-limited-margao-goa-work-from-home-can-be-enabled-full-time-product-research-associate/
UI DEVELOPER (ANGULAR + JAVASCRIPT),Bodhami Private Limited,Margao,FULL-TIME,Posted 5 years ago,https://startupgoa.org/job/bodhami-private-limited-margao-goa-work-from-home-can-be-enabled-full-time-full-stack-developer-angular-java/
ONLINE MARKETING EXECUTIVE,PlanQube Technologies,Vasco,FULL-TIME,Posted 5 years ago,https://startupgoa.org/job/planqube-technologies-full-time-online-marketing-executive/
VIDEOGRAPHER,VillageTalkies,Pilerne,FULL-TIME,Posted 5 years ago,https://startupgoa.org/job/villagetalkies-bangalore-full-time-videographer/
REACT FRONTEND DEVELOPER (WORK FROM HOME)(REMOTE INTERVIEW),Octalogic Tech,Panjim,FULL-TIME,Posted 5 years ago,https://startupgoa.org/job/octalogic-tech-remote-full-time-react-frontend-developer-work-from-homeremote-interview-2/
DBA (DATABASE ADMINISTRATOR),Neowise Business Solutions,Margao,FULL-TIME,Posted 5 years ago,https://startupgoa.org/job/neowise-business-solutions-goa-full-time-dba-database-administrator/
FULL STACK DEVELOPER,Bluestream.io,Panjim,FULL-TIME,Posted 5 years ago,https://startupgoa.org/job/bluestream-io-goa-full-time-full-stack-developer/
PHP DEVELOPER,Litebulb Entertainment,Panjim,FREELANCE,Posted 5 years ago,https://startupgoa.org/job/litebulb-entertainment-panjim-freelance-php-developer/
ECOMMERCE ASSISTANT (FREELANCE),Photojaanic,Mapusa,PART-TIME,Posted 5 years ago,https://startupgoa.org/job/photojaanic-part-time-ecommerce-assistant-freelance/
TECHNICAL SUPPORT ASSOCIATE,Tangentia India Technologies Pvt Ltd,Porvorim,INTERNSHIP,Posted 5 years ago,https://startupgoa.org/job/tangentia-india-technologies-pvt-ltd-goa-internship-technical-support-associate/
TRAINEE DEVELOPER/ PROGRAMMERS / ENGINEERS,Tangentia India Technologies Pvt Ltd,Porvorim,INTERNSHIP,Posted 5 years ago,https://startupgoa.org/job/tangentia-india-technologies-pvt-ltd-goa-internship-trainee-developer-programmers-engineers/
DEBUG AND SUPPORT ENGINEER,Spintly (By Mrinq Technologies LLP),Margao,FULL-TIME,Posted 5 years ago,https://startupgoa.org/job/spintly-by-mrinq-technologies-llp-c-o-mrinq-technologies-g1-vaz-building-fatorda-goa-403602-full-time-debug-and-support-enginner/
FREELANCE CONTENT CREATOR (PART TIME)-WORK FROM HOME,New Vision Printing Services P. Ltd.,Mapusa,PART-TIME,Posted 5 years ago,https://startupgoa.org/job/new-vision-printing-services-p-ltd-remote-part-time-freelance-content-creator-part-time/
ECOMMERCE MANAGER,New Vision Printing Services P. Ltd.,Mapusa,FULL-TIME,Posted 5 years ago,https://startupgoa.org/job/new-vision-printing-services-p-ltd-remote-goa-full-time-ecommerce-manager/
OPERATOR,Aspirations HR,Verna,FULL-TIME,Posted 5 years ago,https://startupgoa.org/job/aspirations-hr-verna-goa-full-time-operator/
MOBILE APP DEVELOPER,Jobs for Goan,Panjim,FULL-TIME,Posted 5 years ago,https://startupgoa.org/job/jobs-for-goan-full-time-mobile-app-developer-2/
JR. SOFTWARE DEVELOPER,Frontline Managed Services,Porvorim,FULL-TIME,Posted 5 years ago,https://startupgoa.org/job/frontline-managed-services-goa-hyderabad-full-time-jr-software-developer/
IT COMPLIANCE ANALYST,Frontline Managed Services,Porvorim,FULL-TIME,Posted 5 years ago,https://startupgoa.org/job/frontline-managed-services-goa-hyderabad-full-time-it-compliance-analyst/
ACCOUNTS RECEIVABLE SPECIALIST,Frontline Managed Services,Porvorim,FULL-TIME,Posted 5 years ago,https://startupgoa.org/job/frontline-managed-services-goa-full-time-accounts-receivable-specialist/
SEARCH ENGINE OPTIMIZATION,Web Host Wala,Mapusa,FULL-TIME,Posted 5 years ago,https://startupgoa.org/job/web-host-wala-mapusa-full-time-search-engine-optimization/
WEBSITE DESIGNER,Web Host Wala,Mapusa,FULL-TIME,Posted 5 years ago,https://startupgoa.org/job/web-host-wala-mapusa-full-time-website-designer/
UI/UX DESIGNER,Flooid,Panjim,FULL-TIME,Posted 5 years ago,https://startupgoa.org/job/flooid-goa-full-time-ui-ux-designer/
UIUX DESIGNER,Talent Genie,Porvorim,FULL-TIME,Posted 5 years ago,https://startupgoa.org/job/talent-genie-full-time-uiux-designer/
FULL STACK DEVELOPER,Hexcoderz,Panjim,FULL-TIME,Posted 5 years ago,https://startupgoa.org/job/hexcoderz-caranzalem-full-time-full-stack-developer/
ELASTICSEARCH ARCHITECT,Rescape Technologies Pvt. Ltd,Margao,FREELANCE,Posted 5 years ago,https://startupgoa.org/job/rescape-technologies-pvt-ltd-remote-freelance-elasticsearch-architect/
VIDEO EDITING,VillageTalkies,Vasco,FULL-TIME,Posted 5 years ago,https://startupgoa.org/job/villagetalkies-bangalore-full-time-video-editing/
TECHNICAL PROJECT MANAGER,Hexcoderz,Panjim,FULL-TIME,Posted 5 years ago,https://startupgoa.org/job/hexcoderz-caranzalem-full-time-technical-project-manager-3/
SOFTWARE DEVELOPER,Tangentia India Technologies Pvt Ltd,Porvorim,FULL-TIME,Posted 5 years ago,https://startupgoa.org/job/tangentia-india-technologies-pvt-ltd-goa-full-time-software-developer/
TECHNICAL BUSINESS ANALYST,Tangentia India Technologies Pvt Ltd,Porvorim,FULL-TIME,Posted 5 years ago,https://startupgoa.org/job/tangentia-india-technologies-pvt-ltd-goa-full-time-technical-business-analyst/
DOT NET DEVELOPER / SOFTWARE DEVELOPER,Tangentia India Technologies Pvt Ltd,Porvorim,FULL-TIME,Posted 5 years ago,https://startupgoa.org/job/tangentia-india-technologies-pvt-ltd-goa-full-time-dot-net-developer-software-developer/
QA TESTER,Tangentia India Technologies Pvt Ltd,Porvorim,FULL-TIME,Posted 5 years ago,https://startupgoa.org/job/tangentia-india-technologies-pvt-ltd-goa-full-time-qa-tester/
VENDOR DEVELOPMENT (PRINT FACTORY),New Vision Printing Services P. Ltd.,Mapusa,FULL-TIME,Posted 5 years ago,https://startupgoa.org/job/new-vision-printing-services-p-ltd-tivim-goa-full-time-vendor-development-print-factory/
DIGITAL MARKETING,Regalguru,Verna,FULL-TIME,Posted 5 years ago,https://startupgoa.org/job/regalguru-delhi-full-time-digital-marketing/
WORDPRESS DEVELOPER,Switch Social,Panjim,FREELANCE,Posted 5 years ago,https://startupgoa.org/job/switch-social-north-goa-freelance-wordpress-developer/
REACT DEVELOPER,Wafer Electronics,Panjim,FULL-TIME,Posted 5 years ago,https://startupgoa.org/job/wafer-electronics-goa-full-time-react-developer-2/
BACKEND DEVELOPER,Wafer Electronics,Panjim,FULL-TIME,Posted 5 years ago,https://startupgoa.org/job/wafer-electronics-goa-full-time-node-developer-2/
UI (USER INTERFACE) DEVELOPER,Webware.io,Panjim,FULL-TIME,Posted 5 years ago,https://startupgoa.org/job/webware-io-goa-full-time-ui-user-interface-developer-8/
BUSINESS MANAGER – ELECTRONIC RETAIL STORES,Jamsons Enterprises Pvt Ltd.,Panjim,FULL-TIME,Posted 5 years ago,https://startupgoa.org/job/jamsons-enterprises-pvt-ltd-panaji-full-time-business-manager-electronic-retail-stores/
FULL-STACK DEVELOPER,TenTwenty,Mapusa,FULL-TIME,Posted 5 years ago,https://startupgoa.org/job/tentwenty-goa-full-time-full-stack-developer/
AREA SALES MANAGER,Aditi Tracking Support Pvt Ltd,Panjim,FULL-TIME,Posted 5 years ago,https://startupgoa.org/job/aditi-tracking-support-pvt-ltd-panjim-goa-full-time-area-sales-manager/
WEB DEVELOPER,ADHIKARI ACADEMY OF LEARNING PRIVATE LIMITED,Ponda,FULL-TIME,Posted 5 years ago,https://startupgoa.org/job/adhikari-academy-of-learning-opc-private-limited-is-a-privateone-person-company-goa-full-time-web-developer/
BUSINESS DEVELOPMENT MANAGER – TALLY BUSINESS,Jamsons Enterprises Pvt Ltd.,Panjim,FULL-TIME,Posted 5 years ago,https://startupgoa.org/job/jamsons-enterprises-pvt-ltd-full-time-business-development-manager-tally-business/
SHOWROOM EXECUTIVE SALES – CONSUMER DURABLE RETAIL STORE,Jamsons Enterprises Pvt Ltd.,Panjim,FULL-TIME,Posted 5 years ago,https://startupgoa.org/job/jamsons-enterprises-pvt-ltd-full-time-showroom-executive-sales-consumer-durable-retail-store/
FINANCE MANAGER,Jamsons Enterprises Pvt Ltd.,Panjim,FULL-TIME,Posted 5 years ago,https://startupgoa.org/job/jamsons-enterprises-pvt-ltd-full-time-finance-manager/
BUSINESS HEAD – ELECTRONIC & CONSUMER DURABLES,Jamsons Enterprises Pvt Ltd.,Panjim,FULL-TIME,Posted 5 years ago,https://startupgoa.org/job/jamsons-enterprises-pvt-ltd-full-time-business-head-electronic-consumer-durables/
STORE MANAGER – ELECTRONIC & CONSUMER DURABLES RETAIL STORE,Jamsons Enterprises Pvt Ltd.,Panjim,FULL-TIME,Posted 5 years ago,https://startupgoa.org/job/jamsons-enterprises-pvt-ltd-full-time-store-manager-electronic-consumer-durables-retail-store/
SOFTWARE DEVELOPER (FRESHER),freethink,Panjim,FULL-TIME,Posted 5 years ago,https://startupgoa.org/job/freethink-panjim-full-time-software-developer-fresher-4/
SEO EXECUTIVE,GTMinfotech,Other,FULL-TIME,Posted 5 years ago,https://startupgoa.org/job/gtminfotech-delhi-full-time-seo-executive/
BACKEND DEVELOPER,Transerve Technologies Pvt. Ltd.,Panjim,FULL-TIME,Posted 5 years ago,https://startupgoa.org/job/transerve-technologies-pvt-ltd-panaji-full-time-backend-developer-2/
SENIOR MANAGER FRANCHISE OPERATIONS & EXPANSION,COCO LENI,Panjim,FULL-TIME,Posted 5 years ago,https://startupgoa.org/job/coco-leni-goa-full-time-senior-manager-franchise-operations-expansion/
CAM CAD CNC OPERATOR,COCO LENI,Saligao,FULL-TIME,Posted 5 years ago,https://startupgoa.org/job/coco-leni-pilerne-industrial-estate-full-time-cam-cad-cnc-operator/
QA TESTER,Helix Tech,Porvorim,FULL-TIME,Posted 5 years ago,https://startupgoa.org/job/helix-tech-full-time-qa-tester/
SEO,TradeWave,Other,FULL-TIME,Posted 5 years ago,https://startupgoa.org/job/tradewave-india-full-time-seo/
.NET DEVELOPER,Kodework,Porvorim,FULL-TIME,Posted 5 years ago,https://startupgoa.org/job/kodework-porvorim-full-time-net-developer/
SEO EXECUTIVE,BearStreet,Other,FULL-TIME,Posted 5 years ago,https://startupgoa.org/job/bearstreet-india-full-time-seo-executive/
SEO EXECUTIVE,Advancedentalclinic,Other,FULL-TIME,Posted 5 years ago,https://startupgoa.org/job/advancedentalclinic-india-full-time-seo-executive/
REACT.JS DEVELOPER,FabCoders,Panjim,FULL-TIME,Posted 5 years ago,https://startupgoa.org/job/fabcoders-full-time-react-js-developer/
NODE.JS DEVELOPER,FabCoders,Panjim,FULL-TIME,Posted 5 years ago,https://startupgoa.org/job/fabcoders-full-time-node-js-developer/
SENIOR SOFTWARE DEVELOPER,Apra Labs Pvt Ltd,Panjim,FULL-TIME,Posted 5 years ago,https://startupgoa.org/job/apra-labs-pvt-ltd-goa-full-time-senior-software-developer/
E-BILLING SPECIALIST( ANY GRADUATE ),Frontline Managed Services,Porvorim,FULL-TIME,Posted 5 years ago,https://startupgoa.org/job/frontline-managed-services-goa-full-time-e-billing-specialist-any-graduate/
BUSINESS DEVELOPMENT CONSULTANTS/ INTERNS (INSIDE SALES),SVIPJA Techno Consultant Pvt Ltd,Panjim,FULL-TIME,Posted 5 years ago,https://startupgoa.org/job/svipja-techno-consultant-pvt-ltd-remote-full-time-business-development-consultants-interns-inside-sales/
BUSINESS DEVELOPMENT EXECUTIVE (REMOTE),New Vision Printing Services P. Ltd.,Mapusa,FULL-TIME,Posted 5 years ago,https://startupgoa.org/job/new-vision-printing-services-p-ltd-full-time-business-development-executive-remote/
ORDER PROCESSING EXECUTIVE / TRAINEE,Cravium Gourmet Pvt. Ltd.(Coffeeza),Verna,FULL-TIME,Posted 5 years ago,https://startupgoa.org/job/cravium-gourmet-pvt-ltd-coffeeza-goa-full-time-order-processing-executive-trainee/
DIGITAL MARKETING EXECUTIVE,Cravium Gourmet Pvt. Ltd.(Coffeeza),Verna,FULL-TIME,Posted 5 years ago,https://startupgoa.org/job/cravium-gourmet-pvt-ltd-coffeeza-goa-full-time-digital-marketing-executive/
EBILLING SPECIALIST/CUSTOMER SERVICE – US SHIFTS,Zion HR Consultancy,Porvorim,FULL-TIME,Posted 5 years ago,https://startupgoa.org/job/zion-hr-consultancy-goa-full-time-ebilling-specialist-customer-service-us-shifts-2/
SOFTWARE SALES EXECUTIVE- S/W AND INTEGRATIONS,Spintly (By Mrinq Technologies LLP),Other,FULL-TIME,Posted 5 years ago,https://startupgoa.org/job/spintly-by-mrinq-technologies-llp-bangalore-full-time-software-sales-executive-s-w-and-integrations/
NODE.JS/JAVASCRIPT – BACKEND DEVELOPER,Octalogic Tech,Panjim,FULL-TIME,Posted 5 years ago,https://startupgoa.org/job/octalogic-tech-panjim-full-time-node-js-javascript-backend-developer-2/
2D ANIMATOR,VillageTalkies,Calangute,FULL-TIME,Posted 5 years ago,https://startupgoa.org/job/villagetalkies-bangaore-full-time-2d-animator/
TECHNICAL RECRUITER: IT RECRUITER: HUMAN RESOURCES (IT),Endure Technology Solutions Pvt. Ltd,Margao,FULL-TIME,Posted 5 years ago,https://startupgoa.org/job/endure-technology-solutions-pvt-ltd-goa-full-time-technical-recruiter-it-recruiter-human-resources-it/
FULL STACK WEB DEVELOPER,Octalogic Tech,Panjim,FULL-TIME,Posted 5 years ago,https://startupgoa.org/job/octalogic-tech-full-time-full-stack-web-developer-remote-interview-work-from-home/
DATA ANALYST WITH SQL,Sapnagroup Panjim,Panjim,FULL-TIME,Posted 5 years ago,https://startupgoa.org/job/sapnagroup-panjim-goa-full-time-data-analyst-with-sql/
PROJECT COORDINATOR,Bluestream.io,Panjim,FULL-TIME,Posted 5 years ago,https://startupgoa.org/job/bluestream-io-goa-full-time-project-coordinator/
IOS AND ANDROID DEVELOPER,Sapnagroup,Panjim,FULL-TIME,Posted 5 years ago,https://startupgoa.org/job/sapnagroup-panjim-full-time-ios-and-android-developer/
MEAN STACK DEVELOPER,Designway,Panjim,FULL-TIME,Posted 5 years ago,https://startupgoa.org/job/designway-full-time-mean-stack-developer-6/
C#.NET DEVELOPER,Designway,Panjim,FULL-TIME,Posted 5 years ago,https://startupgoa.org/job/designway-goa-full-time-c-net-developer-3/
SOFTWARE/IT PROJECT MANAGER,Designway,Panjim,FULL-TIME,Posted 5 years ago,https://startupgoa.org/job/designway-goa-full-time-software-it-project-manager-3/
IOS DEVELOPER,Designway,Panjim,FULL-TIME,Posted 5 years ago,https://startupgoa.org/job/designway-goa-full-time-ios-developer-3/
ANDROID DEVELOPER,Designway,Panjim,FULL-TIME,Posted 5 years ago,https://startupgoa.org/job/designway-t4-block-a-3rd-floor-jairam-complex-mala-full-time-android-developer-7/
ACCOUNTS EXECUTIVE,Bluestream.io,Panjim,FULL-TIME,Posted 5 years ago,https://startupgoa.org/job/bluestream-io-goa-full-time-accounts-executive/
UX/UI DESIGNER,Bluestream.io,Panjim,FULL-TIME,Posted 5 years ago,https://startupgoa.org/job/bluestream-io-panjim-full-time-ux-ui-designer/
JUNIOR HR ASSOCIATE,Creative Capsule Infotech,Verna,FULL-TIME,Posted 5 years ago,https://startupgoa.org/job/creative-capsule-infotech-full-time-junior-hr-associate/
ANIMATOR,VillageTalkies,Other,FULL-TIME,Posted 5 years ago,https://startupgoa.org/job/villagetalkies-bangalore-full-time-animator/
IOS DEVELOPERS,Axzora Pvt Ltd,Panjim,FULL-TIME,Posted 5 years ago,https://startupgoa.org/job/axzora-pvt-ltd-panaji-goa-full-time-ios-developers/
ANDROID DEVELOPER,Axzora Pvt Ltd,Panjim,FULL-TIME,Posted 5 years ago,https://startupgoa.org/job/axzora-pvt-ltd-panaji-goa-full-time-android-developer/
PHP DEVLOPER,Axzora Pvt Ltd,Panjim,FULL-TIME,Posted 5 years ago,https://startupgoa.org/job/axzora-pvt-ltd-panaji-goa-full-time-php-devloper/
VIDEO CREATOR & EDITOR INTERN,Ajency.in,Panjim,INTERNSHIP,Posted 5 years ago,https://startupgoa.org/job/ajency-in-panjim-goa-internship-video-creator-editor-intern/
PROJECT MANAGER – IT,Invicta eSolutions Pvt Ltd,Panjim,FULL-TIME,Posted 5 years ago,https://startupgoa.org/job/invicta-esolutions-pvt-ltd-patto-full-time-project-manager-it/
SALES EXECUTIVE,Jobs for Goan,Margao,FULL-TIME,Posted 5 years ago,https://startupgoa.org/job/jobs-for-goan-full-time-sales-executive/
MOBILE APP DEVELOPER,Jobs for Goan,Margao,FULL-TIME,Posted 5 years ago,https://startupgoa.org/job/jobs-for-goan-full-time-mobile-app-developer/
SOFTWARE PRODUCT OWNER (INTERNSHIP),Spintly (By Mrinq Technologies LLP),Other,INTERNSHIP,Posted 5 years ago,https://startupgoa.org/job/spintly-by-mrinq-technologies-llp-goa-bangalore-internship-software-product-owner-internship/
TELECALLER,WebFills,Margao,FULL-TIME,Posted 5 years ago,https://startupgoa.org/job/webfills-margao-goa-full-time-telecaller/
SALES EXECUTIVE,Spintly (By Mrinq Technologies LLP),Margao,FULL-TIME,Posted 5 years ago,https://startupgoa.org/job/spintly-by-mrinq-technologies-llp-c-o-mrinq-technologies-g1-vaz-building-fatorda-goa-403602-full-time-sales-executive/
MARKET RESEARCH AND SOCIAL LISTENING EXECUTIVE,Ideas Unlimited Digital,Panjim,FULL-TIME,Posted 5 years ago,https://startupgoa.org/job/ideas-unlimited-digital-goa-full-time-market-research-and-social-listening-executive/
WEB ASSOCIATE,Ajency.in,Panjim,FULL-TIME,Posted 5 years ago,https://startupgoa.org/job/ajency-in-panjim-goa-full-time-web-associate/
SENIOR MARKETING MANAGER,Spintly (By Mrinq Technologies LLP),Other,FULL-TIME,Posted 5 years ago,https://startupgoa.org/job/spintly-by-mrinq-technologies-llp-bangalore-full-time-senior-marketing-manager/
SOFTWARE QUALITY ASSURANCE ENGINEER / SOFTWARE TESTER,New Vision Printing Services P. Ltd.,Mapusa,FULL-TIME,Posted 5 years ago,https://startupgoa.org/job/new-vision-printing-services-p-ltd-remote-full-time-software-quality-assurance-engineer-software-tester/
AREA SALES EXECUTIVE (EDUCATION TECHNOLOGY),WebFills,Margao,FULL-TIME,Posted 5 years ago,https://startupgoa.org/job/webfills-margao-goa-full-time-area-sales-executive-education-technology/
ASSISTANT – NOC ENGINEER,Zion HR Consultancy,Porvorim,FULL-TIME,Posted 5 years ago,https://startupgoa.org/job/zion-hr-consultancy-goa-full-time-assistant-noc-engineer/
SERVICE DESK ANALYST,Zion HR Consultancy,Porvorim,FULL-TIME,Posted 5 years ago,https://startupgoa.org/job/zion-hr-consultancy-goa-full-time-service-desk-analyst-2/
DEV OPS/DATABASE ENGINEER,ZION HR CONSULTANCY,Porvorim,FULL-TIME,Posted 5 years ago,https://startupgoa.org/job/zion-hr-consultancy-goa-hyderabad-full-time-dev-ops-database-engineer/
JUNIOR SOFTWARE DEVELOPER,ZION HR CONSULTANCY,Porvorim,FULL-TIME,Posted 5 years ago,https://startupgoa.org/job/zion-hr-consultancy-goa-hyderabad-full-time-junior-software-developer/
SERVICENOW IT ADMINISTRATOR,ZION HR CONSULTANCY,Porvorim,FULL-TIME,Posted 5 years ago,https://startupgoa.org/job/zion-hr-consultancy-goa-hyderabad-full-time-servicenow-it-administrator/
TECHNICAL SUPPORT ASSOCIATE,WebFills,Margao,FULL-TIME,Posted 5 years ago,https://startupgoa.org/job/webfills-margao-goa-full-time-technical-support-associate/
DIGITAL MARKETING ASSOCIATE,WebFills,Margao,FULL-TIME,Posted 5 years ago,https://startupgoa.org/job/webfills-margao-goa-full-time-digital-marketing-associate/
PROJECT MANAGER,FabCoders,Panjim,FULL-TIME,Posted 5 years ago,https://startupgoa.org/job/fabcoders-full-time-project-manager/
ILLUSTRATION ARTIST,VillageTalkies,Other,FULL-TIME,Posted 5 years ago,https://startupgoa.org/job/villagetalkies-bangalore-full-time-illustration-artist/
SOFTWARE DEVELOPER (FRESHER),freethink,Panjim,FULL-TIME,Posted 5 years ago,https://startupgoa.org/job/freethink-panjim-full-time-software-developer-fresher-3/
DIGITAL MARKETING INTERN – WORK FROM HOME POSITION,Litebulb Entertainment,Panjim,FREELANCE,Posted 5 years ago,https://startupgoa.org/job/litebulb-entertainment-freelance-digital-marketing-intern-work-from-home-position/
CONTENT WRITER – PAID INTERNSHIP,CyclingZens,Porvorim,INTERNSHIP,Posted 5 years ago,https://startupgoa.org/job/cyclingzens-britona-penha-de-franca-porvorim-north-goa-internship-content-writer-paid-internship/
.NET DEVELOPER,Infipre IT Services (OPC) Pvt. Ltd.,Other,FULL-TIME,Posted 5 years ago,https://startupgoa.org/job/infipre-it-services-opc-pvt-ltd-sanquelim-full-time-net-developer/
SENIOR JAVA DEVELOPER,Infipre IT Services (OPC) Pvt. Ltd.,Other,FULL-TIME,Posted 5 years ago,https://startupgoa.org/job/infipre-it-services-opc-pvt-ltd-sanquelim-full-time-senior-java-developer/
UI DEVELOPER,Samasa Technologies,Panjim,FULL-TIME,Posted 5 years ago,https://startupgoa.org/job/samasa-technologies-verna-full-time-ui-developer-6/
ECOMMERCE EXECUTIVE (WORK FROM HOME),New Vision Printing Services P. Ltd.,Other,FULL-TIME,Posted 5 years ago,https://startupgoa.org/job/new-vision-printing-services-p-ltd-remote-full-time-ecommerce-executive-indonesia/
DIGITAL MARKETING EXECUTIVE,New Vision Printing Services P. Ltd.,Other,FULL-TIME,Posted 5 years ago,https://startupgoa.org/job/new-vision-printing-services-p-ltd-remote-full-time-marketing-communications-executive/
FREELANCE TECHNICAL CONTENT WRITER,New Vision Printing Services P. Ltd.,Other,FULL-TIME,Posted 5 years ago,https://startupgoa.org/job/new-vision-printing-services-p-ltd-remote-full-time-freelance-technical-content-writer/
JAVA DEVELOPER,Samasa Technologies,Panjim,FULL-TIME,Posted 5 years ago,https://startupgoa.org/job/samasa-technologies-panjim-full-time-java-developer-6/
ANGULAR DEVELOPER,Samasa Technologies,Panjim,FULL-TIME,Posted 5 years ago,https://startupgoa.org/job/samasa-technologies-full-time-angular-developer-3/
MAGENTO DEVELOPER,WhiteCloudSoftware,Panjim,FULL-TIME,Posted 5 years ago,https://startupgoa.org/job/whitecloudsoftware-full-time-magento-developer/
FREELANCE SEO EXECUTIVE (MARKETPLACES),New Vision Printing Services P. Ltd.,Mapusa,FULL-TIME,Posted 5 years ago,https://startupgoa.org/job/new-vision-printing-services-p-ltd-remote-freelance-freelance-seo-executive-marketplaces/
BACKEND TECHNIAL EXECUTIVE,Aditi Tracking Support Pvt Ltd,Panjim,FULL-TIME,Posted 5 years ago,https://startupgoa.org/job/aditi-tracking-support-pvt-ltd-panjim-goa-full-time-backend-technial-executive-2/
CONTENT WRITER INTERN,Brizzo Digital,Panjim,FULL-TIME,Posted 5 years ago,https://startupgoa.org/job/brizzo-digital-full-time-content-writer-intern/
SOCIAL MEDIA MANAGER,Jobs for Goan,Porvorim,FULL-TIME,Posted 5 years ago,https://startupgoa.org/job/jobs-for-goan-full-time-social-media-manager-2/
SALES EXECUTIVE – INSIDE SALES,Jobs for Goan,Other,FULL-TIME,Posted 5 years ago,https://startupgoa.org/job/jobs-for-goan-full-time-sales-executive-inside-sales/
PHOTOGRAPHER – FULL TIME EMPLOYEE,Jobs for Goan,Other,FULL-TIME,Posted 5 years ago,https://startupgoa.org/job/jobs-for-goan-full-time-photographer-full-time-employee/
LEGAL OFFICER,Jobs for Goan,Panjim,FULL-TIME,Posted 5 years ago,https://startupgoa.org/job/jobs-for-goan-full-time-legal-officer/
GRAPHIC DESIGNER & VIDEO EDITOR,Jobs for Goan,Porvorim,FULL-TIME,Posted 5 years ago,https://startupgoa.org/job/jobs-for-goan-full-time-graphic-designer-video-editor/
UI DESIGNER,Ajency.in,Panjim,FULL-TIME,Posted 5 years ago,https://startupgoa.org/job/ajency-in-panjim-goa-full-time-ui-designer/
PRODUCT MANAGER/BUSINESS ANALYST,Ajency.in,Panjim,FULL-TIME,Posted 5 years ago,https://startupgoa.org/job/ajency-in-panjim-goa-full-time-product-manager-business-analyst/
NODEJS DEVELOPER,Ajency.in,Panjim,FULL-TIME,Posted 5 years ago,https://startupgoa.org/job/ajency-in-panjim-goa-full-time-nodejs-developer/
PROJECT MANAGER,Creative Capsule Infotech,Verna,FULL-TIME,Posted 5 years ago,https://startupgoa.org/job/creative-capsule-infotech-full-time-project-manager/
ACCOUNTS EXECUTIVE,Talent Genie,Porvorim,FULL-TIME,Posted 5 years ago,https://startupgoa.org/job/talent-genie-porvorim-goa-full-time-accounts-executive/
BACKEND DEVELOPER -PHP/CAKEPHP,Talent Genie,Panjim,FULL-TIME,Posted 5 years ago,https://startupgoa.org/job/talent-genie-goa-remote-full-time-backend-developer-php-cakephp/
SALES AND OFFICE COORDINATOR,Spintly (By Mrinq Technologies LLP),Other,FULL-TIME,Posted 5 years ago,https://startupgoa.org/job/spintly-by-mrinq-technologies-llp-bangalore-full-time-sales-and-office-coordinator/
FIRMWARE ENGINEER,Spintly (By Mrinq Technologies LLP),Margao,FULL-TIME,Posted 5 years ago,https://startupgoa.org/job/spintly-by-mrinq-technologies-llp-c-o-mrinq-technologies-g1-vaz-building-fatorda-goa-403602-full-time-firmware-engineer/
SENIOR SOFTWARE ENGINEER,Intuio Software Labs Private Limited,Margao,FULL-TIME,Posted 5 years ago,https://startupgoa.org/job/intuio-software-labs-private-limited-margao-goa-full-time-senior-software-engineer/
ANDROID DEVELOPER,freethink,Panjim,FULL-TIME,Posted 5 years ago,https://startupgoa.org/job/freethink-panjim-goa-india-full-time-android-developer/
SALES EXECUTIVE FOR REAL ESTATE AGENCY,CITIHOMES Realty,Porvorim,FULL-TIME,Posted 5 years ago,https://startupgoa.org/job/citihomes-realty-porvorim-full-time-sales-executive-for-real-estate-agency/
MARKETING MANAGER FOR REAL ESTATE AGENCY,CITIHOMES Realty,Porvorim,FULL-TIME,Posted 5 years ago,https://startupgoa.org/job/citihomes-realty-porvorim-full-time-marketing-manager-for-real-estate-agency/
DATA ENTRY OPERATOR FOR REAL ESTATE AGENCY,CITIHOMES Realty,Porvorim,FULL-TIME,Posted 5 years ago,https://startupgoa.org/job/citihomes-realty-porvorim-full-time-data-entry-operator-for-real-estate-agency/
MARKETING EXECUTIVE – MY GOA 365,MY GOA 365,Calangute,FULL-TIME,Posted 5 years ago,https://startupgoa.org/job/my-goa-365-calangute-full-time-marketing-executive-my-goa-365/
OFFICE ASSISTANT FOR MY GOA 365,MY GOA 365,Calangute,FULL-TIME,Posted 5 years ago,https://startupgoa.org/job/my-goa-365-calangute-full-time-office-assistant-for-my-goa-365/
DIGITAL MARKETING PAID INTERNSHIP,CyclingZens,Porvorim,INTERNSHIP,Posted 5 years ago,https://startupgoa.org/job/cyclingzens-britona-penha-de-franca-porvorim-north-goa-internship-digital-marketing-paid-internship/
IOS DEVELOPER,SoftMonks (OPC) Private Limited,Mapusa,FULL-TIME,Posted 5 years ago,https://startupgoa.org/job/softmonks-opc-private-limited-full-time-ios-developer/
UI/UX DESIGNER,Designway,Panjim,FULL-TIME,Posted 5 years ago,https://startupgoa.org/job/designway-india-full-time-ui-ux-designer-2/
SEO CONTENT WRITER,Designway,Panjim,FULL-TIME,Posted 5 years ago,https://startupgoa.org/job/designway-goa-full-time-seo-content-writer-2/
C#.NET DEVELOPER,Designway,Panjim,FULL-TIME,Posted 5 years ago,https://startupgoa.org/job/designway-goa-full-time-c-net-developer/
FRONTEND ANGULAR DEVELOPER,Designway,Panjim,FULL-TIME,Posted 5 years ago,https://startupgoa.org/job/designway-india-full-time-frontend-angular-developer-4/
JR. PHP WEB DEVELOPER,New Vision Printing Services P. Ltd.,Mapusa,FULL-TIME,Posted 5 years ago,https://startupgoa.org/job/new-vision-printing-services-p-ltd-remote-full-time-web-front-end-developer/
SOCIAL MEDIA ADVERTISING SPECIALIST,Ideas Unlimited Digital,Panjim,FULL-TIME,Posted 5 years ago,https://startupgoa.org/job/ideas-unlimited-digital-goa-full-time-social-media-advertising-specialist/
WORDPRESS DEVELOPER,Ideas Unlimited Digital,Panjim,FULL-TIME,Posted 5 years ago,https://startupgoa.org/job/ideas-unlimited-digital-full-time-wordpress-developer/
SEO OR PPC SPECIALIST,Ideas Unlimited Digital,Panjim,FULL-TIME,Posted 5 years ago,https://startupgoa.org/job/ideas-unlimited-digital-goa-full-time-seo-or-ppc-specialist/
JUNIOR SOFTWARE DEVELOPER,2ordr International LLC,Mapusa,FULL-TIME,Posted 5 years ago,https://startupgoa.org/job/2ordr-international-llc-mapusa-full-time-junior-software-developer-2/
SALES EXECUTIVE,RV Solutions Pvt. Ltd.,Mapusa,FULL-TIME,Posted 5 years ago,https://startupgoa.org/job/rv-solutions-pvt-ltd-full-time-sales-executive/
TECHNICAL & SALES INTERNSHIP,RV Solutions Pvt. Ltd.,Mapusa,INTERNSHIP,Posted 5 years ago,https://startupgoa.org/job/rv-solutions-pvt-ltd-internship-technical-sales-internship/
IONIC MOBILE APP DEVELOPER,RV Solutions Pvt. Ltd.,Mapusa,FULL-TIME,Posted 5 years ago,https://startupgoa.org/job/rv-solutions-pvt-ltd-full-time-internship-part-time-ionic-mobile-app-developer/
HARDWARE PCB LAYOUT ENGINEER,Spintly (By Mrinq Technologies LLP),Margao,FULL-TIME,Posted 5 years ago,https://startupgoa.org/job/spintly-by-mrinq-technologies-llp-fatorda-goa-full-time-hardware-pcb-layout-engineer/
JAVA DEVELOPER,Samasa Technologies,Panjim,FULL-TIME,Posted 5 years ago,https://startupgoa.org/job/samasa-technologies-panjim-full-time-java-developer-5/
MARKET TREND ANALYST,New Vision Printing Services P. Ltd.,Mapusa,FREELANCE,Posted 5 years ago,https://startupgoa.org/job/new-vision-printing-services-p-ltd-remote-freelance-market-trend-analyst/
PHP AND WORDPRESS DEVELOPER,Coreiweb,Other,FULL-TIME,Posted 5 years ago,https://startupgoa.org/job/coreiweb-sancoale-goa-full-time-php-and-wordpress-developer/
TECH. BUSINESS DEVELOPMENT ASSOCIATE,WHN DIGITAL,Mapusa,FULL-TIME,Posted 5 years ago,https://startupgoa.org/job/whn-digital-goa-full-time-tech-business-development-associate/
SEO EXECUTIVE,Brizzo Digital,Panjim,FULL-TIME,Posted 5 years ago,https://startupgoa.org/job/brizzo-digital-full-time-seo-executive/
MOBILE APP DEVELOPER,Spintly (By Mrinq Technologies LLP),Margao,FULL-TIME,Posted 5 years ago,https://startupgoa.org/job/spintly-by-mrinq-technologies-llp-c-o-mrinq-technologies-g1-vaz-building-fatorda-goa-403602-full-time-mobile-app-developer/
RECRUITMENT SPECIALIST,Creative Capsule Infotech,Verna,FULL-TIME,Posted 5 years ago,https://startupgoa.org/job/creative-capsule-infotech-full-time-recruitment-specialist/
DEPLOYMENT & CUSTOMER SUPPORT EXECUTIVE,Spintly (By Mrinq Technologies LLP),Margao,FULL-TIME,Posted 5 years ago,https://startupgoa.org/job/spintly-by-mrinq-technologies-llp-c-o-mrinq-technologies-g1-vaz-building-fatorda-goa-403602-full-time-deployment-customer-support-executive/
SERVICE ENGINEER- ON FIELD,Aditi Tracking Support Pvt Ltd,Panjim,FULL-TIME,Posted 5 years ago,https://startupgoa.org/job/aditi-tracking-support-pvt-ltd-panjim-goa-full-time-service-engineer-on-field/
SOFTWARE DEVELOPER (BACKEND),Spintly (By Mrinq Technologies LLP),Margao,FULL-TIME,Posted 5 years ago,https://startupgoa.org/job/spintly-by-mrinq-technologies-llp-c-o-mrinq-technologies-g1-vaz-building-fatorda-goa-403602-internship-software-developer-backend-intern/
UI DEVELOPER,Xenerx HealthCare,Porvorim,INTERNSHIP,Posted 5 years ago,https://startupgoa.org/job/xenerx-healthcare-porvorim-goa-full-time-ui-developer/
SALES EXECUTIVE – FIELD SALES,Aditi Tracking Support Pvt Ltd,Panjim,FULL-TIME,Posted 5 years ago,https://startupgoa.org/job/aditi-tracking-support-pvt-ltd-panjim-goa-full-time-sales-executive-field-sales/
BUSINESS DEVELOPMENT/OPERATIONS EXECUTIVE,Adsperfection,Panjim,FULL-TIME,Posted 5 years ago,https://startupgoa.org/job/adsperfection-panaji-full-time-business-development-operations-executive-2/
SR. WRITER X 3 NOS,EDISOL,Porvorim,FULL-TIME,Posted 5 years ago,https://startupgoa.org/job/edisol-north-goa-full-time-sr-writer-x-3-nos/
JR. WRITER X 3 NOS,EDISOL,Porvorim,FULL-TIME,Posted 5 years ago,https://startupgoa.org/job/edisol-north-goa-full-time-jr-writer-x-3-nos/
SATTA MATKA | LIVE MATKA,Live Matka App,Margao,FULL-TIME,Posted 5 years ago,https://startupgoa.org/job/live-matka-app-full-time-satta-matka-live-matka/
SALES SUPPORT EXECUTIVE,Custom Elements,Margao,FULL-TIME,Posted 5 years ago,https://startupgoa.org/job/custom-elements-margao-full-time-sales-support-executive/
SME – NETWORK AND VOICE – US SHIFT,Zion HR Consultancy,Porvorim,FULL-TIME,Posted 5 years ago,https://startupgoa.org/job/zion-hr-consultancy-goa-full-time-sme-network-and-voice-us-shift-2/
FIELD SERVICE ENGINEER,Technology Inc,Porvorim,FULL-TIME,Posted 5 years ago,https://startupgoa.org/job/technology-inc-goa-full-time-field-service-engineer/
SME – NETWORK & VOICE,Frontline Managed Services,Porvorim,FULL-TIME,Posted 5 years ago,https://startupgoa.org/job/intelliteach-offshore-pvt-ltd-goa-full-time-sme-network-voice-2/
REACT DEVELOPER,Wafer Electronics,Panjim,FULL-TIME,Posted 5 years ago,https://startupgoa.org/job/wafer-electronics-goa-full-time-react-developer/
ARCHITECT,Mayaland Homes,Mapusa,FULL-TIME,Posted 5 years ago,https://startupgoa.org/job/mayaland-homes-full-time-architect/
ENGINEERING TRAINEE,Elait IT Technologies Pvt LTD,Panjim,FULL-TIME,Posted 5 years ago,https://startupgoa.org/job/elait-it-technologies-pvt-ltd-full-time-engineering-trainee/
NODE.JS DEVELOPER,Creative Capsule Infotech,Verna,FULL-TIME,Posted 5 years ago,https://startupgoa.org/job/creative-capsule-infotech-full-time-node-js-developer/
DIRECTOR OF IT SECURITY AND COMPLIANCE,ZION HR CONSULTANCY,Porvorim,FULL-TIME,Posted 5 years ago,https://startupgoa.org/job/zion-hr-consultancy-goa-hyderabad-full-time-director-of-it-security-and-compliance/
DESKTOP SUPPORT SPECIALIST,ZION HR CONSULTANCY,Porvorim,FULL-TIME,Posted 5 years ago,https://startupgoa.org/job/zion-hr-consultancy-goa-hyderabad-full-time-desktop-support-specialist/
IT COMPLIANCE ANALYST,ZION HR CONSULTANCY,Porvorim,FULL-TIME,Posted 5 years ago,https://startupgoa.org/job/zion-hr-consultancy-goa-hyderabad-full-time-it-compliance-analyst/
IT SECURITY ANALYST,ZION HR CONSULTANCY,Porvorim,FULL-TIME,Posted 5 years ago,https://startupgoa.org/job/zion-hr-consultancy-goa-hyderabad-full-time-it-governance-analyst/
IT PROJECT MANAGER,ZION HR CONSULTANCY,Porvorim,FULL-TIME,Posted 5 years ago,https://startupgoa.org/job/zion-hr-consultancy-goa-hyderabad-full-time-it-project-manager/
IT COMPLIANCE ANALYST,Frontline Managed Services,Other,FULL-TIME,Posted 5 years ago,https://startupgoa.org/job/intelliteach-offshore-pvt-ltd-goa-hyderabad-full-time-it-compliance-analyst/
IT SECURITY ANALYST,Frontline Managed Services,Other,FULL-TIME,Posted 5 years ago,https://startupgoa.org/job/intelliteach-offshore-pvt-ltd-goa-hyderabad-full-time-it-governance-analyst/
IT PROJECT MANAGER,Frontline Managed Services,Other,FULL-TIME,Posted 5 years ago,https://startupgoa.org/job/intelliteach-offshore-pvt-ltd-goa-hyderabad-full-time-it-project-manager/
DESKTOP SUPPORT SPECIALIST,Frontline Managed Services,Other,FULL-TIME,Posted 5 years ago,https://startupgoa.org/job/intelliteach-offshore-pvt-ltd-goa-hyderabad-full-time-desktop-support-specialist/
SYSTEM ENGINEER,Frontline Managed Services,Other,FULL-TIME,Posted 5 years ago,https://startupgoa.org/job/intelliteach-offshore-pvt-ltd-goa-hyderabad-full-time-system-admin/
DIRECTOR OF INFORMATION TECHNOLOGY GOVERNANCE,Frontline Managed Services,Other,FULL-TIME,Posted 5 years ago,https://startupgoa.org/job/intelliteach-offshore-pvt-ltd-porvorim-hyderabad-full-time-director-of-information-technology-governance/
SENIOR QA ENGINEER,Creative Capsule Infotech,Verna,FULL-TIME,Posted 5 years ago,https://startupgoa.org/job/creative-capsule-infotech-full-time-senior-qa-engineer/
SENIOR PHP DEVELOPERS,Sapnagroup,Panjim,FULL-TIME,Posted 5 years ago,https://startupgoa.org/job/sapnagroup-panjim-full-time-senior-php-developers/
IOS DEVELOPER,Litebulb Entertainment,Panjim,FREELANCE,Posted 5 years ago,https://startupgoa.org/job/litebulb-entertainment-freelance-ios-developer-2/
PHP WEB DEVELOPER,Expogroup,Porvorim,FULL-TIME,Posted 5 years ago,https://startupgoa.org/job/expogroup-full-time-senior-web-developer/
HR RECRUITER,Talent Genie,Panjim,FULL-TIME,Posted 5 years ago,https://startupgoa.org/job/talent-genie-full-time-hr-recruiter/
CREATIVE GRAPHIC DESIGNER,Mayaland Homes,Mapusa,FULL-TIME,Posted 5 years ago,https://startupgoa.org/job/mayaland-homes-parra-mapusa-goa-full-time-creative-graphic-designer/
REACT.JS DEVELOPER,Creative Capsule Infotech,Verna,FULL-TIME,Posted 5 years ago,https://startupgoa.org/job/creative-capsule-infotech-full-time-react-js-developer/
JR DATA ENGINEER,Creative Capsule Infotech,Verna,FULL-TIME,Posted 5 years ago,https://startupgoa.org/job/creative-capsule-infotech-full-time-jr-data-engineer/
BILLING EXECUTIVE,Frontline Managed Services,Porvorim,FULL-TIME,Posted 5 years ago,https://startupgoa.org/job/intelliteach-offshore-pvt-ltd-goa-full-time-billing-executive/
FRONTEND DEVELOPER,Wafer Electronics,Panjim,FULL-TIME,Posted 5 years ago,https://startupgoa.org/job/wafer-electronics-goa-full-time-frontend-developer-2/
BACKEND DEVELOPER,Wafer Electronics,Panjim,FULL-TIME,Posted 5 years ago,https://startupgoa.org/job/wafer-electronics-goa-full-time-backend-developer-4/
CONTENT WRITER / CONTENT CREATOR,Leigia Solutions,Panjim,FULL-TIME,Posted 5 years ago,https://startupgoa.org/job/leigia-solutions-full-time-content-writer-2/
GRAPHIC DESIGNER,Leigia Solutions,Panjim,FULL-TIME,Posted 5 years ago,https://startupgoa.org/job/leigia-solutions-panaji-full-time-graphic-designer/
CREATIVE DESIGNER,New Vision Printing Services P. Ltd.,Mapusa,FULL-TIME,Posted 5 years ago,https://startupgoa.org/job/new-vision-printing-services-p-ltd-tivim-goa-full-time-creative-designer/
UI DESIGNER,Talengenie,Panjim,FULL-TIME,Posted 5 years ago,https://startupgoa.org/job/talengenie-goa-full-time-ui-designer/
DIGITAL MARKETING EXECUTIVE (WORK FROM HOME),Brizzo Digital,Panjim,FULL-TIME,Posted 5 years ago,https://startupgoa.org/job/brizzo-digital-full-time-digital-marketing-executive-work-from-home/
SEO MARKETING EXECUTIVE,New Vision Printing Services P. Ltd.,Mapusa,FULL-TIME,Posted 5 years ago,https://startupgoa.org/job/new-vision-printing-services-p-ltd-tivim-goa-full-time-seo-marketing-executive/
PURCHASE & PRODUCT EXECUTIVE (PRINT FACTORY),New Vision Printing Services P. Ltd.,Mapusa,FULL-TIME,Posted 5 years ago,https://startupgoa.org/job/new-vision-printing-services-p-ltd-tivim-goa-full-time-product-research-sourching-executive/
BUSINESS DEVELOPMENT EXECUTIVE,New Vision Printing Services P. Ltd.,Mapusa,FULL-TIME,Posted 5 years ago,https://startupgoa.org/job/new-vision-printing-services-p-ltd-remote-full-time-business-development-executive/
VENDOR & MARKETING EXECUTIVE,Magicians of wellness (India) LLP,Anjuna,FULL-TIME,Posted 5 years ago,https://startupgoa.org/job/magicians-of-wellness-india-llp-anjuna-full-time-vendor-manager/
BILLING EXECUTIVE (FRESHERS – ANY GRADUATE),Zion HR Consultancy,Porvorim,FULL-TIME,Posted 5 years ago,https://startupgoa.org/job/zion-hr-consultancy-goa-full-time-billing-executive-freshers-any-graduate/
FULL STACK DEVELOPER,Ecommerce Start up company,Porvorim,FULL-TIME,Posted 5 years ago,https://startupgoa.org/job/ecommerce-start-up-company-full-time-full-stack-developer/
EBILLING SPECIALIST/CUSTOMER SERVICE – US SHIFTS,Zion HR Consultancy,Porvorim,FULL-TIME,Posted 5 years ago,https://startupgoa.org/job/zion-hr-consultancy-goa-full-time-ebilling-specialist-customer-service-us-shifts/
CREATIVE GRAPHIC DESIGNER,ESPRESSOTIVE,Verna,FULL-TIME,Posted 5 years ago,https://startupgoa.org/job/espressotive-verna-full-time-creative-graphic-designer/
UI / UX DESIGNER,POWERSOFT TECHNOLOGIES,Mapusa,FULL-TIME,Posted 5 years ago,https://startupgoa.org/job/powersoft-technologies-goa-full-time-ui-ux-designer/
SOCIAL MEDIA EXECUTIVE,Jobs for Goan,Porvorim,FULL-TIME,Posted 5 years ago,https://startupgoa.org/job/jobs-for-goan-full-time-social-media-executive/
REAL ESTATE – SALES MANAGER,Jobs for Goan,Other,FULL-TIME,Posted 5 years ago,https://startupgoa.org/job/jobs-for-goan-parra-goa-full-time-real-estate-sales-manager/
TRAINING ADMINISTRATOR,Jobs for Goan,Verna,FULL-TIME,Posted 5 years ago,https://startupgoa.org/job/jobs-for-goan-goa-full-time-training-administrator/
PHP DEVELOPER,Kamsoft Technologies,Vasco,FULL-TIME,Posted 5 years ago,https://startupgoa.org/job/kamsoft-technologies-vasco-da-gama-full-time-php-developer/
DATA COLLECTION (DOOR TO DOOR SURVEY),Aspirations HR,Margao,FULL-TIME,Posted 5 years ago,https://startupgoa.org/job/aspirations-hr-goa-full-time-data-collection-door-to-door-survey/
MOBILE DEVELOPER (FLUTTER),Empezar Software Labs,Panjim,FULL-TIME,Posted 5 years ago,https://startupgoa.org/job/empezar-software-labs-goa-full-time-mobile-developer-flutter/
UI/UX DESIGNER,Empezar Software Labs,Panjim,FULL-TIME,Posted 5 years ago,https://startupgoa.org/job/empezar-software-labs-goa-full-time-ui-ux-designer/
PHP DEVELOPER,Empezar Software Labs,Panjim,FULL-TIME,Posted 5 years ago,https://startupgoa.org/job/empezar-software-labs-goa-full-time-php-developer/
GRAPHIC DESIGNER / PHOTO EDITOR,Magnitude Ventures,Panjim,FREELANCE,Posted 5 years ago,https://startupgoa.org/job/magnitude-ventures-goa-part-time-graphic-designer-photo-editor/
SERVICE DESK ANALYST,Frontline Managed Services,Porvorim,FULL-TIME,Posted 5 years ago,https://startupgoa.org/job/intelliteach-offshore-pvt-ltd-goa-full-time-service-desk-analyst-2/
CLOUD ENGINEER,Creative Capsule Infotech,Verna,FULL-TIME,Posted 5 years ago,https://startupgoa.org/job/creative-capsule-infotech-full-time-cloud-engineer/
CONTENT WRITER (BLOG & WEBSITE CONTENT),Brizzo Digital,Panjim,FULL-TIME,Posted 5 years ago,https://startupgoa.org/job/brizzo-digital-full-time-content-writer-blog-website-content/
FRONT-END DEVELOPER/UI DEVELOPER,MIND SPORTS LEAGUE,Panjim,FULL-TIME,Posted 5 years ago,https://startupgoa.org/job/mind-sports-league-goa-full-time-front-end-developer-ui-developer/
.NET DEVELOPER,Creative Capsule Infotech,Verna,FULL-TIME,Posted 5 years ago,https://startupgoa.org/job/creative-capsule-infotech-full-time-net-developer/
BUSINESS SYSTEMS ANALYST,Creative Capsule Infotech,Verna,FULL-TIME,Posted 5 years ago,https://startupgoa.org/job/creative-capsule-infotech-full-time-business-systems-analyst/
FRONT-END DEVELOPER,Creative Capsule Infotech,Verna,FULL-TIME,Posted 5 years ago,https://startupgoa.org/job/creative-capsule-infotech-full-time-front-end-developer-2/
PROJECT ENGINEER,Frontline Managed Services,Porvorim,FULL-TIME,Posted 5 years ago,https://startupgoa.org/job/intelliteach-offshore-pvt-ltd-goa-full-time-project-engineer/
SME – OFFICE 365,Frontline Managed Services,Porvorim,FULL-TIME,Posted 5 years ago,https://startupgoa.org/job/intelliteach-offshore-pvt-ltd-goa-full-time-sme-office-365/
SOFTWARE TECH SUPPORT EXECUTIVE,Cybercad Technologies,Ponda,FULL-TIME,Posted 5 years ago,https://startupgoa.org/job/cybercad-technologies-ponda-full-time-software-tech-support-executive-2/
SOCIAL MEDIA MANAGER & CONTENT CREATOR,The Full Seven,Other,FULL-TIME,Posted 5 years ago,https://startupgoa.org/job/the-full-seven-full-time-social-media-manager-content-creator/
SENIOR PYTHON AWS CLOUD DEVELOPER,Kriya,Panjim,FULL-TIME,Posted 5 years ago,https://startupgoa.org/job/kriya-full-time-senior-python-aws-cloud-developer/
FRONTEND DEVELOPER,Ecommerce Start up company,Porvorim,FULL-TIME,Posted 5 years ago,https://startupgoa.org/job/ecommerce-start-up-company-porvorim-goa-full-time-frontend-developer/
PROJECT ENGINEER,Zion HR Consultancy,Porvorim,FULL-TIME,Posted 5 years ago,https://startupgoa.org/job/zion-hr-consultancy-goa-full-time-project-engineer/
PYTHON DEVELOPER,Jobs for Goan,Verna,FULL-TIME,Posted 5 years ago,https://startupgoa.org/job/jobs-for-goan-full-time-python-developer/
JAVA DEVELOPER,Jobs for Goan,Verna,FULL-TIME,Posted 5 years ago,https://startupgoa.org/job/jobs-for-goan-full-time-java-developer-2/
CORE JAVA (LINUX),Jobs for Goan,Verna,FULL-TIME,Posted 5 years ago,https://startupgoa.org/job/jobs-for-goan-full-time-core-java-linux/
E-BILLING SPECIALIST( ANY GRADUATE ),Frontline Managed Services,Porvorim,FULL-TIME,Posted 5 years ago,https://startupgoa.org/job/intelliteach-offshore-pvt-ltd-goa-full-time-e-billing-specialist-us-shift-2/
SME – OFFICE 365/DUO,Zion HR Consultancy,Porvorim,FULL-TIME,Posted 5 years ago,https://startupgoa.org/job/zion-hr-consultancy-goa-full-time-sme-office-365-duo/
IOS DEVELOPER,Litebulb Entertainment,Panjim,FREELANCE,Posted 5 years ago,https://startupgoa.org/job/litebulb-entertainment-freelance-ios-developer/
SYSTEM ARCHITECT,Creative Capsule Infotech,Verna,FULL-TIME,Posted 5 years ago,https://startupgoa.org/job/creative-capsule-infotech-full-time-system-architect/
JAVA DEVELOPER,Samasa Technologies,Panjim,FULL-TIME,Posted 5 years ago,https://startupgoa.org/job/samasa-technologies-panjim-full-time-java-developer-3/
QA TESTER,Spintly (By Mrinq Technologies LLP),Margao,FULL-TIME,Posted 5 years ago,https://startupgoa.org/job/spintly-by-mrinq-technologies-llp-goa-full-time-qa-tester/
FULL STACK DEVELOPER,Bluestream.io,Panjim,FULL-TIME,Posted 5 years ago,https://startupgoa.org/job/bluestream-io-panjim-full-time-full-stack-developer/
QA ANALYST,Webware.io,Panjim,FULL-TIME,Posted 5 years ago,https://startupgoa.org/job/webware-io-panjim-goa-full-time-qa-analyst-5/
UI (USER INTERFACE) DEVELOPER,Webware.io,Panjim,FULL-TIME,Posted 5 years ago,https://startupgoa.org/job/webware-io-goa-full-time-ui-user-interface-developer-7/
INSIDE SALES EXECUTIVE,Ecommerce Start up company,Porvorim,FULL-TIME,Posted 5 years ago,https://startupgoa.org/job/ecommerce-start-up-company-porvorim-goa-full-time-inside-sales-executive/
MOBILE DEVELOPER,Aureus Ventures,Other,FULL-TIME,Posted 5 years ago,https://startupgoa.org/job/aureus-ventures-freelance-full-time-mobile-developer/
SENIOR NODE.JS/JAVASCRIPT – BACKEND DEVELOPER,TenTwenty,Porvorim,FULL-TIME,Posted 5 years ago,https://startupgoa.org/job/tentwenty-goa-full-time-senior-node-js-javascript-backend-developer-5/
SENIOR TEAM LEADER & FULL-STACK DEVELOPER,TenTwenty,Mapusa,FULL-TIME,Posted 5 years ago,https://startupgoa.org/job/tentwenty-goa-full-time-senior-team-leader-full-stack-developer/
SENIOR UI/FRONTEND DEVELOPER,TenTwenty,Porvorim,FULL-TIME,Posted 5 years ago,https://startupgoa.org/job/tentwenty-goa-full-time-senior-ui-frontend-developer-5/
.NET DEVELOPER,TenTwenty,Porvorim,FULL-TIME,Posted 5 years ago,https://startupgoa.org/job/tentwenty-goa-full-time-net-developer-3/
SENIOR ANDROID DEVELOPER,TenTwenty,Mapusa,FULL-TIME,Posted 5 years ago,https://startupgoa.org/job/tentwenty-goa-full-time-senior-android-developer/
IOS DEVELOPER,TenTwenty,Porvorim,FULL-TIME,Posted 5 years ago,https://startupgoa.org/job/tentwenty-goa-full-time-senior-ios-developer-2/
GRAPHIC DESIGNER/ DIGITAL ARTIST,Hexcoderz,Panjim,FULL-TIME,Posted 5 years ago,https://startupgoa.org/job/hexcoderz-caranzalem-full-time-graphic-designer-digital-artist/
GRAPH DB POSITION OR NEO4J,Jobs for Goan,Verna,FULL-TIME,Posted 5 years ago,https://startupgoa.org/job/jobs-for-goan-full-time-graph-db-position-or-neo4j/
JAVA + KAFKA + APACHE SPARK,Jobs for Goan,Verna,FULL-TIME,Posted 5 years ago,https://startupgoa.org/job/jobs-for-goan-full-time-java-kafka-apache-spark/
JAVA DEVELOPER,Jobs for Goan,Verna,FULL-TIME,Posted 5 years ago,https://startupgoa.org/job/jobs-for-goan-full-time-java-developer/
MICROSOFT AZURE (AZURE DATABRICKS + SPARK),Jobs for Goan,Verna,FULL-TIME,Posted 5 years ago,https://startupgoa.org/job/jobs-for-goan-full-time-microsoft-azure-azure-databricks-spark/
PROJECT MANAGEMENT,Jobs for Goan,Verna,FULL-TIME,Posted 5 years ago,https://startupgoa.org/job/jobs-for-goan-full-time-project-management/
UI DEVELOPER LEAD (ANGULAR 8+),Jobs for Goan,Verna,FULL-TIME,Posted 5 years ago,https://startupgoa.org/job/jobs-for-goan-full-time-ui-developer-lead-angular-8/
AWS DATA ENGINEER,Jobs for Goan,Verna,FULL-TIME,Posted 5 years ago,https://startupgoa.org/job/jobs-for-goan-full-time-aws-data-engineer/
BIG DATA,Jobs for Goan,Verna,FULL-TIME,Posted 5 years ago,https://startupgoa.org/job/jobs-for-goan-full-time-big-data/
BIG DATA DEVELOPER LEAD,Jobs for Goan,Verna,FULL-TIME,Posted 5 years ago,https://startupgoa.org/job/jobs-for-goan-full-time-big-data-developer-lead/
DATA INTEGRATION (JAVA + SPARK),Jobs for Goan,Verna,FULL-TIME,Posted 5 years ago,https://startupgoa.org/job/jobs-for-goan-full-time-data-integration-java-spark/
DATA LAKE – BIG DATA,Jobs for Goan,Verna,FULL-TIME,Posted 5 years ago,https://startupgoa.org/job/jobs-for-goan-full-time-data-lake-big-data/
DEVOPS ENGINEER,Jobs for Goan,Verna,FULL-TIME,Posted 5 years ago,https://startupgoa.org/job/jobs-for-goan-full-time-devops-engineer/
UI TECHNICAL LEAD (ANGULAR 4 & ABOVE),Jobs for Goan,Verna,FULL-TIME,Posted 5 years ago,https://startupgoa.org/job/jobs-for-goan-full-time-ui-technical-lead-angular-4-above/
DATA ENGINEER,Jobs for Goan,Verna,FULL-TIME,Posted 5 years ago,https://startupgoa.org/job/jobs-for-goan-full-time-data-engineer/
DATA SCIENCE,Jobs for Goan,Verna,FULL-TIME,Posted 5 years ago,https://startupgoa.org/job/jobs-for-goan-full-time-data-science/
BIG DATA AWS,Jobs for Goan,Verna,FULL-TIME,Posted 5 years ago,https://startupgoa.org/job/jobs-for-goan-full-time-big-data-aws/
SOFTWARE DEVELOPER,Jobs for Goan,Panjim,FULL-TIME,Posted 5 years ago,https://startupgoa.org/job/jobs-for-goan-full-time-software-developer/
FRONT-END WEB DEVELOPER,Jobs for Goan,Saligao,FULL-TIME,Posted 5 years ago,https://startupgoa.org/job/jobs-for-goan-saligao-goa-full-time-front-end-web-developer/
CREATIVE GRAPHIC DESIGNER,Goal 9D,Other,FULL-TIME,Posted 5 years ago,https://startupgoa.org/job/goal-9d-goa-full-time-creative-graphic-designer/
TELECALLER / SALES EXECUTIVE JOB IN GOA (TOURISM INDUSTRY),Goa Water Sports,Calangute,FULL-TIME,Posted 5 years ago,https://startupgoa.org/job/goa-water-sports-goa-full-time-internship-telecaller-sales-executive-job-in-goa-tourism-industry/
HYBRID APP DEVELOPER,Enigma Tech,Panjim,FULL-TIME,Posted 5 years ago,https://startupgoa.org/job/enigma-tech-goa-panjim-full-time-hybrid-app-developer/
MERN STACK DEVELOPER,Enigma Tech,Panjim,FULL-TIME,Posted 5 years ago,https://startupgoa.org/job/enigma-tech-goa-panjim-full-time-mern-stack-developer/
FRONTEND DEVELOPER,Enigma Tech,Panjim,FULL-TIME,Posted 5 years ago,https://startupgoa.org/job/enigma-tech-goa-panjim-full-time-frontend-developer/
FRONTEND REACT DEVELOPER,Enigma Tech,Panjim,FULL-TIME,Posted 5 years ago,https://startupgoa.org/job/enigma-tech-goa-panjim-full-time-frontend-react-developer/
ANGULAR DEVELOPER,Sync Tech Inc,Other,FREELANCE,Posted 5 years ago,https://startupgoa.org/job/sync-tech-inc-canada-freelance-angular-developer/
SENIOR SOFTWARE DEVELOPER (.NET MVC),2ordr International LLC,Mapusa,FULL-TIME,Posted 5 years ago,https://startupgoa.org/job/2ordr-international-llc-mapusa-full-time-senior-software-developer-net-mvc/
DIGITAL MARKETING AND CONTENT WRITER,ViVaVenture,Panjim,FULL-TIME,Posted 5 years ago,https://startupgoa.org/job/vivaventure-us-and-india-full-time-digital-marketing-and-content-writer/
FLUTTER DEVELOPER,Helix Tech,Porvorim,FULL-TIME,Posted 5 years ago,https://startupgoa.org/job/helix-tech-full-time-flutter-developer/
PHP DEVELOPER,Helix Tech,Porvorim,FULL-TIME,Posted 5 years ago,https://startupgoa.org/job/helix-tech-full-time-php-developer-3/
REACT NATIVE DEVELOPERS,Helix Tech,Porvorim,FULL-TIME,Posted 5 years ago,https://startupgoa.org/job/helix-tech-goa-full-time-react-native-developers-4/
MARKETING EXECUTIVES,Best Services,Panjim,FULL-TIME,Posted 5 years ago,https://startupgoa.org/job/best-services-north-south-goa-full-time-marketing-executives/
FIELD TECHNICIANS,Best Services,Panjim,FULL-TIME,Posted 5 years ago,https://startupgoa.org/job/best-services-full-time-field-technicians/
DIGITAL MARKETING SPECIALIST,Custom Elements,Margao,FULL-TIME,Posted 5 years ago,https://startupgoa.org/job/custom-elements-fatorda-full-time-digital-marketing-specialist/
IT HELP DESK SUPPORT ANALYST – EVENING SHIFT,Zion HR Consultancy,Porvorim,FULL-TIME,Posted 5 years ago,https://startupgoa.org/job/zion-hr-consultancy-goa-full-time-it-help-desk-support-analyst-evening-shift/
WEB DEVELOPER,Growth Gravy,Panjim,FULL-TIME,Posted 5 years ago,https://startupgoa.org/job/growth-gravy-401-nizmar-center-atmaram-borkar-road-panjim-goa-india-403001-full-time-web-developer/
SENIOR WEB DEVELOPER,DigitalDrop,Vasco,FULL-TIME,Posted 5 years ago,https://startupgoa.org/job/digitaldrop-full-time-senior-web-developer/
GRAPHICS DESIGNERS,DigitalDrop,Vasco,FULL-TIME,Posted 5 years ago,https://startupgoa.org/job/digitaldrop-full-time-graphics-designers/
REACT FRONTEND DEVELOPER (WORK FROM HOME)(REMOTE INTERVIEW),Octalogic Tech,Panjim,FULL-TIME,Posted 5 years ago,https://startupgoa.org/job/octalogic-tech-remote-full-time-react-frontend-developer-work-from-homeremote-interview/
REACT.JS DEVELOPER,Kodework,Porvorim,FULL-TIME,Posted 5 years ago,https://startupgoa.org/job/kodework-goa-full-time-react-js-developer/
DIGITAL MARKETING INTERN,Spintly (By Mrinq Technologies LLP),Margao,INTERNSHIP,Posted 5 years ago,https://startupgoa.org/job/spintly-by-mrinq-technologies-llp-internship-digital-marketing-intern/
PHP DEVELOPER,Ajency.in,Panjim,FULL-TIME,Posted 5 years ago,https://startupgoa.org/job/ajency-in-panaji-full-time-php-developer/
FRONTEND DEVELOPER – REACT/JAVASCRIPT,Ajency.in,Panjim,FULL-TIME,Posted 5 years ago,https://startupgoa.org/job/ajency-in-panaji-full-time-reactjs-nodejs-developer-goa-based-candidates-only/
BUSINESS DEVELOPMENT EXECUTIVE,Nuste Inc,Margao,FULL-TIME,Posted 5 years ago,https://startupgoa.org/job/nuste-inc-margao-goa-full-time-business-development-executive/
SALES TRAINEE,NEXTIN DIGITAL LLP,Panjim,INTERNSHIP,Posted 5 years ago,https://startupgoa.org/job/nextin-digital-llp-all-goa-internship-sales-trainee/
HR ASSOCIATE,Growth Gravy,Panjim,FULL-TIME,Posted 5 years ago,https://startupgoa.org/job/growth-gravy-401-nizmar-center-atmaram-borkar-road-panjim-goa-india-403001-full-time-hr-associate/
IOS DEVELOPER,Mobobeat,Mapusa,FULL-TIME,Posted 5 years ago,https://startupgoa.org/job/mobobeat-full-time-ios-developer/
ANDROID DEVELOPER,Mobobeat,Mapusa,FULL-TIME,Posted 5 years ago,https://startupgoa.org/job/mobobeat-goa-full-time-android-developer/
BUSINESS DEVELOPMENT EXECUTIVE,New Vision Printing Services P. Ltd.(Photojaanic),Mapusa,FULL-TIME,Posted 5 years ago,https://startupgoa.org/job/new-vision-printing-services-p-ltd-photojaanic-tivim-goa-full-time-business-development-executive/
WANTED COMPUTER FACULTY,Agate Techno Systems Pvt Ltd,Panjim,FREELANCE,Posted 5 years ago,https://startupgoa.org/job/agate-techno-systems-pvt-ltd-panaji-goa-freelance-full-time-part-time-wanted-computer-faculty/
ADMINISTRATIVE ASSISTANT,Intelliteach Offshore Pvt Ltd,Porvorim,FULL-TIME,Posted 5 years ago,https://startupgoa.org/job/intelliteach-offshore-pvt-ltd-goa-full-time-administrative-assistant/
TECHNICAL TEAM LEAD,freethink,Panjim,FULL-TIME,Posted 5 years ago,https://startupgoa.org/job/freethink-full-time-technical-team-lead/
CONTENT ASSISTANT,Reach Millions Pvt Ltd,Panjim,FULL-TIME,Posted 5 years ago,https://startupgoa.org/job/reach-millions-pvt-ltd-goa-full-time-content-assistant/
SOFTWARE QA TESTER,Transerve,Panjim,FULL-TIME,Posted 5 years ago,https://startupgoa.org/job/transerve-panaji-full-time-software-qa-tester/
SALES EXECUTIVE,Bhavana Traders,Mapusa,FULL-TIME,Posted 5 years ago,https://startupgoa.org/job/bhavana-traders-shed-no-d2-12-tivim-indutrial-estate-karaswada-mapusa-goa-full-time-sales-executive/
APP CODER,Matreka,Other,FREELANCE,Posted 5 years ago,https://startupgoa.org/job/matreka-freelance-app-coder/
SENIOR/JUNIOR WEB DEVELOPER,Ajency.in,Panjim,FULL-TIME,Posted 5 years ago,https://startupgoa.org/job/ajency-in-panaji-full-time-senior-junior-web-developer/
JAVASCRIPT DEVELOPER NEEDED,Shunya.ek,Mapusa,FULL-TIME,Posted 5 years ago,https://startupgoa.org/job/shunya-ek-goa-full-time-javascript-developer-needed/
DIGITAL MARKETING INTERN,Litebulb Entertainment,Panjim,INTERNSHIP,Posted 5 years ago,https://startupgoa.org/job/litebulb-entertainment-work-from-homw-internship-digital-marketing-intern/
TECHNICAL PROJECT MANAGER,Numadic,Panjim,FULL-TIME,Posted 5 years ago,https://startupgoa.org/job/numadic-full-time-technical-project-manager/
FULLSTACK DEVELOPER,Numadic,Panjim,FULL-TIME,Posted 5 years ago,https://startupgoa.org/job/numadic-full-time-fullstack-developer/
FULL STACK DEVELOPER,Neowise Business Solutions,Porvorim,FULL-TIME,Posted 5 years ago,https://startupgoa.org/job/neowise-business-solutions-goa-full-time-full-stack-developer/
DIGITAL TECH INTERN,WHN DIGITAL,Mapusa,FULL-TIME,Posted 5 years ago,https://startupgoa.org/job/whn-digital-ucassaim-full-time-internship-digital-tech-intern/
CLIENT RELATIONS ASSOCIATE,WHN DIGITAL,Mapusa,FULL-TIME,Posted 5 years ago,https://startupgoa.org/job/whn-digital-mapusa-goa-full-time-client-relations-associate/
FULL STACK PHP DEVELOPER,Empezar Software Labs,Panjim,FULL-TIME,Posted 5 years ago,https://startupgoa.org/job/empezar-software-labs-full-time-full-stack-php-developer/
FULL STACK .NET DEVELOPER,Empezar Software Labs,Panjim,FULL-TIME,Posted 5 years ago,https://startupgoa.org/job/empezar-software-labs-full-time-full-stack-net-developer/
GRAPHIC DESGINER,Jobs for Goan,Verna,FULL-TIME,Posted 5 years ago,https://startupgoa.org/job/jobs-for-goan-verna-full-time-graphic-desginer/
SITE ENGG,Artkrt Services,Panjim,FULL-TIME,Posted 5 years ago,https://startupgoa.org/job/artkrt-services-goa-full-time-site-engg/
MERN STACK DEVELOPER,Helix Tech,Porvorim,FULL-TIME,Posted 5 years ago,https://startupgoa.org/job/helix-tech-full-time-mern-stack-developer/
CUSTOMER SUCCESS ASSOCIATE (NIGHT SHIFT) 45K-50K/MONTH,StoreBuilder,Panjim,FULL-TIME,Posted 5 years ago,https://startupgoa.org/job/storebuilder-full-time-customer-success-associate-night-shift/
GRAPHIC DESIGNER,Purple Crest Advertising,Panjim,FULL-TIME,Posted 5 years ago,https://startupgoa.org/job/purple-crest-advertising-panjim-goa-full-time-graphic-designer/
ACCOUNTS RECEIVABLE SPECIALIST,Frontline Managed Services,Porvorim,FULL-TIME,Posted 5 years ago,https://startupgoa.org/job/intelliteach-offshore-pvt-ltd-goa-full-time-accounts-receivable-specialist/
BILLING SPECIALIST,Frontline Managed Services,Porvorim,FULL-TIME,Posted 5 years ago,https://startupgoa.org/job/intelliteach-offshore-pvt-ltd-goa-full-time-billing-specialist/
JR JAVA DEVELOPER,Samasa Technologies,Panjim,FULL-TIME,Posted 5 years ago,https://startupgoa.org/job/samasa-technologies-panjim-full-time-jr-java-developer/
IMMEDIATE REQ FOR SERVER ADMINISTRATOR,Kodework,Porvorim,FULL-TIME,Posted 5 years ago,https://startupgoa.org/job/kodework-goa-full-time-immediate-req-for-server-administrator/
ACCOUNTS RECEIVABLE – US SHIFTS,Zion HR Consultancy,Porvorim,FULL-TIME,Posted 5 years ago,https://startupgoa.org/job/zion-hr-consultancy-goa-full-time-accounts-receivable-us-shifts/
BILLING SPECIALIST -US SHIFTS,Zion HR Consultancy,Porvorim,FULL-TIME,Posted 5 years ago,https://startupgoa.org/job/zion-hr-consultancy-goa-full-time-billing-specialist-us-shifts/
JAVA DEVELOPER,Flo Labs,Saligao,FULL-TIME,Posted 5 years ago,https://startupgoa.org/job/flo-labs-goa-full-time-java-developer-2/
ANDROID DEVELOPER,Flo Labs,Saligao,FULL-TIME,Posted 5 years ago,https://startupgoa.org/job/flo-labs-goa-full-time-android-developer-2/
IOS DEVELOPER,Flo Labs,Saligao,FULL-TIME,Posted 5 years ago,https://startupgoa.org/job/flo-labs-goa-full-time-ios-developer-2/
JAVASCRIPT ENGINEER,Flo Labs,Saligao,FULL-TIME,Posted 5 years ago,https://startupgoa.org/job/flo-labs-goa-full-time-javascript-engineer-2/
SITE RELIABILTY ENGINEER,Flo Labs,Saligao,FULL-TIME,Posted 5 years ago,https://startupgoa.org/job/flo-labs-goa-full-time-site-reliabilty-engineer/
QA ENGINEER,Flo Labs,Saligao,FULL-TIME,Posted 5 years ago,https://startupgoa.org/job/flo-labs-goa-full-time-qa-engineer-2/
UI/UX DESIGNER,Jobs for Goan,Saligao,FULL-TIME,Posted 5 years ago,https://startupgoa.org/job/jobs-for-goan-saligao-full-time-ui-ux-designer/
DIGITAL MARKETING EXECUTIVE,Jobs for Goan,Saligao,FULL-TIME,Posted 5 years ago,https://startupgoa.org/job/jobs-for-goan-saligao-full-time-digital-marketing-executive/
CONTENT WRITER,Jobs for Goan,Saligao,FULL-TIME,Posted 5 years ago,https://startupgoa.org/job/jobs-for-goan-saligao-full-time-content-writer/
NETWORK ENGINEER,Frontline Managed Services,Porvorim,FULL-TIME,Posted 5 years ago,https://startupgoa.org/job/intelliteach-offshore-pvt-ltd-goa-full-time-network-engineer/
L-2 WINTEL,Frontline Managed Services,Porvorim,FULL-TIME,Posted 5 years ago,https://startupgoa.org/job/intelliteach-offshore-pvt-ltd-goa-full-time-system-administrator/
DIGITAL MARKETING INTERN,Undisclosed,Panjim,INTERNSHIP,Posted 5 years ago,https://startupgoa.org/job/undisclosed-goa-internship-digital-marketing-intern/
JUNIOR GRAPHIC DESIGNER,Deviantstrokes,Margao,FULL-TIME,Posted 5 years ago,https://startupgoa.org/job/deviantstrokes-margao-goa-full-time-junior-graphic-designer/
L-2 WINTEL ADMINISTRATOR,Zion HR Consultancy,Porvorim,FULL-TIME,Posted 5 years ago,https://startupgoa.org/job/zion-hr-consultancy-goa-full-time-system-administrator/
NETWORK ENGINEER,Zion HR Consultancy,Porvorim,FULL-TIME,Posted 5 years ago,https://startupgoa.org/job/zion-hr-consultancy-goa-full-time-network-engineer/
SENIOR UI/FRONTEND DEVELOPER,TenTwenty,Porvorim,FULL-TIME,Posted 5 years ago,https://startupgoa.org/job/tentwenty-goa-full-time-senior-ui-frontend-developer-4/
UI UX DESIGNER,TenTwenty,Porvorim,FULL-TIME,Posted 5 years ago,https://startupgoa.org/job/tentwenty-goa-full-time-ui-ux-designer-2/
H/W PCB LAYOUT DESIGN,Spintly (By Mrinq Technologies LLP),Vasco,FULL-TIME,Posted 5 years ago,https://startupgoa.org/job/spintly-by-mrinq-technologies-llp-full-time-h-w-pcb-layout-design-2/
GRAPHIC DESIGNER,Designway,Panjim,FULL-TIME,Posted 5 years ago,https://startupgoa.org/job/designway-goa-full-time-graphic-designer-2/
HUMAN RESOURCE PROFESSIONAL,Unexplored Goa,Porvorim,FULL-TIME,Posted 5 years ago,https://startupgoa.org/job/unexplored-goa-porvorim-full-time-human-resource-professional-3/
DIGITAL MARKETING ASSOCIATE,Cybertrom,Mapusa,FULL-TIME,Posted 5 years ago,https://startupgoa.org/job/cybertrom-full-time-digital-marketing-associate/
BACKEND DEVELOPER,Cybertrom,Mapusa,FULL-TIME,Posted 5 years ago,https://startupgoa.org/job/cybertrom-full-time-backend-developer/
SENIOR CONVERSATIONAL AI ENGINEER,Avaamo technologies pvt ltd,Other,FULL-TIME,Posted 5 years ago,https://startupgoa.org/job/avaamo-technologies-pvt-ltd-bengaluru-full-time-senior-conversational-ai-engineer/
SENIOR ANDROID DEVELOPER,Unexplored Goa,Panjim,FULL-TIME,Posted 5 years ago,https://startupgoa.org/job/unexplored-goa-panaji-full-time-senior-android-developer/
CORPORATE & RETAIL AREA SALES EXECUTIVE,Photojaanic,Mapusa,FULL-TIME,Posted 5 years ago,https://startupgoa.org/job/photojaanic-tivim-goa-full-time-corporate-retail-area-sales-executive/
SOFTWARE DEVELOPER,Powersoft Technologies Pte. Ltd.,Mapusa,FULL-TIME,Posted 5 years ago,https://startupgoa.org/job/powersoft-technologies-pte-ltd-goa-full-time-software-developer-2/
SQL DATABASE ADMINISTRATOR,Frontline Managed Services,Porvorim,FULL-TIME,Posted 5 years ago,https://startupgoa.org/job/intelliteach-offshore-pvt-ltd-goa-full-time-sql-database-administrator/
NOC ENGINEER,Frontline Managed Services,Porvorim,FULL-TIME,Posted 5 years ago,https://startupgoa.org/job/intelliteach-offshore-pvt-ltd-goa-full-time-noc-engineer-3/
DIGITAL MARKETING INTERN,DigitalDrop,Vasco,FULL-TIME,Posted 5 years ago,https://startupgoa.org/job/digitaldrop-goa-india-full-time-digital-marketing-intern/
SOCIAL MEDIA EXECUTIVE,DigitalDrop,Vasco,FULL-TIME,Posted 5 years ago,https://startupgoa.org/job/digitaldrop-goa-india-full-time-social-media-executive/
SENIOR WEB DEVELOPER,DigitalDrop,Vasco,FULL-TIME,Posted 5 years ago,https://startupgoa.org/job/digitaldrop-goa-india-full-time-senior-web-developer/
GRAPHIC DESIGNER,DigitalDrop,Vasco,FULL-TIME,Posted 5 years ago,https://startupgoa.org/job/digitaldrop-goa-india-full-time-graphic-designer/
FULL STACK WEB DEVELOPER,Kodework,Porvorim,FULL-TIME,Posted 5 years ago,https://startupgoa.org/job/kodework-goa-full-time-full-stack-web-developer/
HARDWARE/NETWORK ENGINEER,Aviation Crew,Panjim,FULL-TIME,Posted 5 years ago,https://startupgoa.org/job/aviation-crew-goa-airport-full-time-hardware-network-engineer/
MECHANICAL ENGINEER | AIRLINES,Aviation Crew,Panjim,FULL-TIME,Posted 5 years ago,https://startupgoa.org/job/aviation-crew-goa-airport-full-time-mechanical-engineer-airlines/
SENIOR SOFTWARE DEVELOPER,freethink,Panjim,FULL-TIME,Posted 5 years ago,https://startupgoa.org/job/freethink-panjim-full-time-senior-software-developer/
SOCIAL MEDIA MANAGER,Growth Gravy,Panjim,FULL-TIME,Posted 5 years ago,https://startupgoa.org/job/growth-gravy-401-nizmar-center-atmaram-borkar-road-panjim-goa-india-403001-full-time-social-media-manager-2/
ECOMMERCE ASSISTANT (FREELANCE),Photojaanic,Mapusa,PART-TIME,Posted 5 years ago,https://startupgoa.org/job/photojaanic-part-time-ecommerce-assistant/
BUSINESS DEVELOPMENT EXECUTIVE,Photojaanic,Mapusa,FULL-TIME,Posted 5 years ago,https://startupgoa.org/job/photojaanic-tivim-goa-full-time-business-development-executive/
REACT NATIVE DEVELOPERS,Helix Tech,Porvorim,FULL-TIME,Posted 5 years ago,https://startupgoa.org/job/helix-tech-goa-full-time-react-native-developers-3/
SALES AND MARKETING,EME Automation,Ponda,FULL-TIME,Posted 5 years ago,https://startupgoa.org/job/eme-automation-kundaim-industrial-estate-full-time-sales-and-marketing/
WEB DEVELOPER – 1+ EXPERIENCE,DigitalDrop,Vasco,FULL-TIME,Posted 5 years ago,https://startupgoa.org/job/digitaldrop-goa-india-full-time-web-developer-1-experience/
SENIOR SOFTWARE DEVELOPER (.NET MVC),2ordr International LLC,Mapusa,FULL-TIME,Posted 5 years ago,https://startupgoa.org/job/2ordr-international-llc-mapusa-full-time-senior-software-developer/
JR. OPERATIONS EXECUTIVE,Bluestream.io,Anjuna,FULL-TIME,Posted 5 years ago,https://startupgoa.org/job/bluestream-io-vagator-goa-full-time-jr-operations-executive/
JAVASCRIPT DEVELOPER,Cloud Analytica,Margao,FULL-TIME,Posted 5 years ago,https://startupgoa.org/job/cloud-analytica-sapana-plaza-margao-full-time-javascript-developer/
PYTHON DEVELOPER,Cloud Analytica,Margao,FULL-TIME,Posted 5 years ago,https://startupgoa.org/job/cloud-analytica-sapana-plaza-margao-full-time-python-developer/
SME – NETWORK AND VOICE – US SHIFT,Zion HR Consultancy,Porvorim,FULL-TIME,Posted 5 years ago,https://startupgoa.org/job/zion-hr-consultancy-goa-full-time-sme-network-and-voice-us-shift/
ANDROID DEVELOPER,Photojaanic,Mapusa,FULL-TIME,Posted 5 years ago,https://startupgoa.org/job/photojaanic-tivim-goa-full-time-android-developer/
BACKEND DEVELOPER,Photojaanic,Mapusa,FULL-TIME,Posted 5 years ago,https://startupgoa.org/job/photojaanic-tivim-goa-full-time-backend-developer/
SERVICE DESK ANALYST,Zion HR Consultancy,Porvorim,FULL-TIME,Posted 5 years ago,https://startupgoa.org/job/zion-hr-consultancy-goa-full-time-service-desk-analyst/
EBILLING SPECIALIST – NIGHT SHIFT,Zion HR Consultancy,Porvorim,FULL-TIME,Posted 5 years ago,https://startupgoa.org/job/zion-hr-consultancy-goa-full-time-ebilling-specialist-night-shift-2/
SERVICE DESK ANALYST,Frontline Managed Services,Porvorim,FULL-TIME,Posted 5 years ago,https://startupgoa.org/job/intelliteach-offshore-pvt-ltd-goa-full-time-service-desk-analyst/
WEB DEVELOPER,Kodework,Porvorim,FULL-TIME,Posted 5 years ago,https://startupgoa.org/job/kodework-goa-full-time-web-developer/
SOFTWARE DEVELOPER (FRESHER),freethink,Panjim,FULL-TIME,Posted 5 years ago,https://startupgoa.org/job/freethink-panjim-full-time-software-developer-fresher-2/
WEB DEVELOPER,SoftMonks (OPC) Private Limited,Mapusa,INTERNSHIP,Posted 5 years ago,https://startupgoa.org/job/softmonks-opc-private-limited-mapusa-internship-web-developer/
SOFTWARE DEVELOPER,SoftMonks (OPC) Private Limited,Mapusa,FULL-TIME,Posted 5 years ago,https://startupgoa.org/job/softmonks-opc-private-limited-mapusa-full-time-php-developer/
SUPPORT EXECUTIVE ROLE FOR FRESHERS,Vacation Labs,Other,FULL-TIME,Posted 5 years ago,https://startupgoa.org/job/vacation-labs-goa-full-time-support-executive-role-for-freshers-3/
WORDPRESS DEVELOPER,Coreiweb,Vasco,FREELANCE,Posted 5 years ago,https://startupgoa.org/job/coreiweb-goa-freelance-full-time-part-time-wordpress-developer/
CONFLICT ANALYST,Frontline Managed Services,Porvorim,FULL-TIME,Posted 5 years ago,https://startupgoa.org/job/intelliteach-offshore-pvt-ltd-goa-full-time-conflict-analyst/
OPERATIONS INTERN,Spintly (By Mrinq Technologies LLP),Ponda,INTERNSHIP,Posted 5 years ago,https://startupgoa.org/job/spintly-by-mrinq-technologies-llp-goa-internship-operations-intern/
BACKEND DEVELOPER,Bluestream.io,Panjim,FULL-TIME,Posted 5 years ago,https://startupgoa.org/job/bluestream-io-india-full-time-backend-developer/
MOBILE DEVELOPER,Bluestream.io,Panjim,FULL-TIME,Posted 5 years ago,https://startupgoa.org/job/bluestream-io-india-full-time-mobile-developer/
DESKTOP SUPPORT EXECUTIVE,Source It Out KPO Services Pvt Ltd,Panjim,FULL-TIME,Posted 5 years ago,https://startupgoa.org/job/source-it-out-kpo-services-pvt-ltd-goa-full-time-desktop-support-executive/
"TRAINEE, CUSTOMER SUPPORT & ORDER PROCESSING",Cravium Gourmet Pvt. Ltd.,Verna,FULL-TIME,Posted 5 years ago,https://startupgoa.org/job/cravium-gourmet-pvt-ltd-goa-full-time-trainee-customer-support-order-processing/
.NET DEVELOPER (C# & WPF),Reliable Software,Margao,FULL-TIME,Posted 5 years ago,https://startupgoa.org/job/reliable-software-margao-full-time-net-developer-c-wpf/
DESKTOP SUPPORT SPECIALIST,Zion HR Consultancy,Porvorim,FULL-TIME,Posted 5 years ago,https://startupgoa.org/job/zion-hr-consultancy-goa-full-time-desktop-support-specialist/
BUSINESS ANALYST – REPORTING,Zion HR Consultancy,Porvorim,FULL-TIME,Posted 5 years ago,https://startupgoa.org/job/zion-hr-consultancy-goa-full-time-business-analyst-reporting/
FRONT END DEVELOPER,Transerve Technologies Pvt. Ltd.,Panjim,FULL-TIME,Posted 5 years ago,https://startupgoa.org/job/transerve-technologies-pvt-ltd-panaji-full-time-front-end-developer/
SENIOR BACKEND ENGINEER,Transerve Technologies Pvt. Ltd.,Panjim,FULL-TIME,Posted 5 years ago,https://startupgoa.org/job/transerve-technologies-pvt-ltd-panaji-full-time-senior-backend-engineer/
DESKTOP SUPPORT SPECIALIST,Frontline Managed Services,Porvorim,FULL-TIME,Posted 5 years ago,https://startupgoa.org/job/intelliteach-offshore-pvt-ltd-goa-full-time-desktop-support-specialist/
BUSINESS ANALYST – REPORTING,Frontline Managed Services,Porvorim,FULL-TIME,Posted 5 years ago,https://startupgoa.org/job/intelliteach-offshore-pvt-ltd-goa-full-time-business-analyst-reporting/
SENIOR SOFTWARE ENGINEER (PYTHON),Jobs for Goan,Verna,FULL-TIME,Posted 5 years ago,https://startupgoa.org/job/jobs-for-goan-verna-full-time-senior-software-engineer-python/
LEAD GENERATION EXECUTIVE – SOUTH GOA,Jobs for Goan,Margao,FULL-TIME,Posted 5 years ago,https://startupgoa.org/job/jobs-for-goan-full-time-lead-generation-executive-south-goa/
UI/UX DESIGNER FREELANCER,Photojaanic,Mapusa,FREELANCE,Posted 5 years ago,https://startupgoa.org/job/photojaanic-tivim-goa-freelance-ui-ux-designer-freelancer/
BUSINESS ANALYST,Source It Out KPO Services Pvt Ltd,Panjim,FULL-TIME,Posted 5 years ago,https://startupgoa.org/job/source-it-out-kpo-services-pvt-ltd-full-time-business-analyst/
ISMS CONSULTANT,Source It Out KPO Services Pvt Ltd,Panjim,FULL-TIME,Posted 5 years ago,https://startupgoa.org/job/source-it-out-kpo-services-pvt-ltd-goa-full-time-isms-consultant/
TECHNICAL ASSISTANT,Simplit Software Solutions Pvt Ltd,Ponda,FULL-TIME,Posted 5 years ago,https://startupgoa.org/job/simplit-software-solutions-pvt-ltd-ponda-full-time-technical-assistant/
TEAM LEAD,Samasa Technologies,Panjim,FULL-TIME,Posted 5 years ago,https://startupgoa.org/job/samasa-technologies-full-time-team-lead/
ANGULAR DEVELOPER,Samasa Technologies,Panjim,FULL-TIME,Posted 5 years ago,https://startupgoa.org/job/samasa-technologies-full-time-angular-developer-2/
VACANCY FOR EXPERIENCED SALES EXECUTIVE FOR REAL ESTATE AGENCY,CITIHOMES Realty,Porvorim,FULL-TIME,Posted 5 years ago,https://startupgoa.org/job/citihomes-realty-goa-full-time-vacancy-for-experienced-sales-executive-for-real-estate-agency/
IOS- MOBILE APP DEVELOPER,Source It Out KPO Services Pvt Ltd,Panjim,FULL-TIME,Posted 5 years ago,https://startupgoa.org/job/source-it-out-kpo-services-pvt-ltd-goa-full-time-mobile-app-developer/
SALES EXECUTIVE,Hypercube Technologies,Panjim,FULL-TIME,Posted 5 years ago,https://startupgoa.org/job/hypercube-technologies-full-time-sales-executive/
LOOKING FOR ONLINE LEAD GENERATION EXECUTIVE,Kodework,Porvorim,FULL-TIME,Posted 5 years ago,https://startupgoa.org/job/kodework-goa-full-time-looking-for-online-lead-generation-executive/
FREELANCE GRAPHIC DESIGNER,Photojaanic,Mapusa,PART-TIME,Posted 6 years ago,https://startupgoa.org/job/photojaanic-tivim-goa-part-time-freelance-graphic-designer/
SALES MANAGER,Hypercube Technologies,Panjim,FULL-TIME,Posted 6 years ago,https://startupgoa.org/job/hypercube-technologies-full-time-sales-manager/
.NET DEVELOPER,Source It Out KPO Services Pvt Ltd,Panjim,FULL-TIME,Posted 6 years ago,https://startupgoa.org/job/source-it-out-kpo-services-pvt-ltd-full-time-net-developer-2/
ACCOUNTS EXECUTIVE,Cravium Gourmet Pvt. Ltd.,Verna,FULL-TIME,Posted 6 years ago,https://startupgoa.org/job/cravium-gourmet-pvt-ltd-goa-full-time-accounts-executive-2/
BLOCKCHAIN DEVELOPER,Source It Out KPO Services Pvt Ltd,Panjim,FULL-TIME,Posted 6 years ago,https://startupgoa.org/job/source-it-out-kpo-services-pvt-ltd-goa-full-time-blockchain-developer/
REACT FRONTEND DEVELOPER,Source It Out KPO Services Pvt Ltd,Panjim,FULL-TIME,Posted 6 years ago,https://startupgoa.org/job/source-it-out-kpo-services-pvt-ltd-goa-full-time-react-frontend-developer/
REQ: BUSINESS DEVELOPMENT MANAGER,Kodework,Porvorim,FULL-TIME,Posted 6 years ago,https://startupgoa.org/job/kodework-goa-full-time-req-business-development-manager/
E-BILLING SPECIALIST( US SHIFT ),Frontline Managed Services,Porvorim,FULL-TIME,Posted 6 years ago,https://startupgoa.org/job/intelliteach-offshore-pvt-ltd-goa-full-time-e-billing-specialist-us-shift/
NOC ENGINEER,Frontline Managed Services,Porvorim,FULL-TIME,Posted 6 years ago,https://startupgoa.org/job/intelliteach-offshore-pvt-ltd-goa-full-time-noc-engineer-2/
"COMMUNITY MANAGER AT VCN COWORKING SPACE, BANER",VCN Coworking Space,Other,FULL-TIME,Posted 6 years ago,https://startupgoa.org/job/vcn-coworking-space-pune-full-time-community-manager-at-vcn-coworking-space-baner/
JR. MOBILE DEVELOPER,Bluestream.io,Panjim,FULL-TIME,Posted 6 years ago,https://startupgoa.org/job/bluestream-io-goa-full-time-jr-mobile-developer/
TEAM LEAD (SOFTWARE ENGINEERING),Letcetra Agritech Pvt. Ltd.,Margao,FULL-TIME,Posted 6 years ago,https://startupgoa.org/job/letcetra-agritech-pvt-ltd-goa-full-time-team-lead-software-engineering/
WORDPRESS DEVELOPER,Virtualwebs Servers Pvt.Ltd.,Margao,FULL-TIME,Posted 6 years ago,https://startupgoa.org/job/virtualwebs-servers-pvt-ltd-margao-goa-full-time-wordpress-developer-2/
AUDIO-VISUAL CONTENT CREATOR,Jobs for Goan,Porvorim,FULL-TIME,Posted 6 years ago,https://startupgoa.org/job/jobs-for-goan-full-time-audio-visual-content-creator/
SALES EXECUTIVE (OUTDOOR),Jobs for Goan,Porvorim,FULL-TIME,Posted 6 years ago,https://startupgoa.org/job/jobs-for-goan-full-time-sales-executive-outdoor/
SALES EXECUTIVE (OUTDOOR) – SOFTWARE AND IT SALES,Jobs for Goan,Panjim,FULL-TIME,Posted 6 years ago,https://startupgoa.org/job/jobs-for-goan-panjim-full-time-sales-executive-outdoor-software-and-it-sales/
CAMERAMAN/VIDEOGRAPHER,Sampoorna Yoga,Panjim,FULL-TIME,Posted 6 years ago,https://startupgoa.org/job/sampoorna-yoga-dona-paula-goa-full-time-cameraman-videographer/
CONTENT STRATEGIST / CREATOR,Sampoorna Yoga,Panjim,FULL-TIME,Posted 6 years ago,https://startupgoa.org/job/sampoorna-yoga-dona-paula-goa-full-time-content-strategist-creator/
GRAPHIC DESIGNER,Social Hive,Panjim,FULL-TIME,Posted 6 years ago,https://startupgoa.org/job/social-hive-goa-full-time-graphic-designer/
QA MANUAL TESTER,Empezar Software Labs,Panjim,FULL-TIME,Posted 6 years ago,https://startupgoa.org/job/empezar-software-labs-full-time-qa-manual-tester/
SOFTWARE DEVELOPER,Powersoft Technologies Pte. Ltd.,Mapusa,FULL-TIME,Posted 6 years ago,https://startupgoa.org/job/powersoft-technologies-pte-ltd-goa-full-time-software-developer/
IT EXECUTIVE/ASST. NOC ENGINEER,Zion HR Consultancy,Porvorim,FULL-TIME,Posted 6 years ago,https://startupgoa.org/job/zion-hr-consultancy-goa-full-time-it-executive-asst-noc-engineer/
SALES & MARKETING INTERN,LaFabrica Craft PVT,Panjim,FULL-TIME,Posted 6 years ago,https://startupgoa.org/job/lafabrica-craft-pvt-full-time-sales-marketing-intern/
MOBILE APP DEVELOPER,Jobs for Goan,Panjim,FULL-TIME,Posted 6 years ago,https://startupgoa.org/job/jobs-for-goan-panjim-full-time-mobile-app-developer/
SME – NETWORK & VOICE,Frontline Managed Services,Porvorim,FULL-TIME,Posted 6 years ago,https://startupgoa.org/job/intelliteach-offshore-pvt-ltd-goa-full-time-sme-network-voice/
REQ. SALES EXECUTIVE POSITION,Kodework,Porvorim,FULL-TIME,Posted 6 years ago,https://startupgoa.org/job/kodework-goa-full-time-req-sales-executive-position/
SR. PHP DEVELOPER,WhiteCloudSoftware,Panjim,FULL-TIME,Posted 6 years ago,https://startupgoa.org/job/whitecloudsoftware-panaji-goa-full-time-sr-php-developer/
JR. SYSTEM ADMINISTRATOR,Photojaanic,Mapusa,FULL-TIME,Posted 6 years ago,https://startupgoa.org/job/photojaanic-tivim-goa-full-time-jr-system-administrator/
JUNIOR SOFTWARE DEVELOPER,Warnell Technologies Pvt. Ltd.,Panjim,FULL-TIME,Posted 6 years ago,https://startupgoa.org/job/warnell-technologies-pvt-ltd-remote-full-time-junior-software-developer/
SENIOR SOFTWARE DEVELOPER ( .NET/MVC),2ordr International LLC,Mapusa,FULL-TIME,Posted 6 years ago,https://startupgoa.org/job/2ordr-international-llc-mapusa-full-time-junior-software-developer/
SENIOR SOFTWARE DEVELOPER,Helix Tech,Porvorim,FULL-TIME,Posted 6 years ago,https://startupgoa.org/job/helix-tech-full-time-senior-software-developer/
SALES OFFICER – CASA SALES,Hirva HR Solutions,Panjim,FULL-TIME,Posted 6 years ago,https://startupgoa.org/job/hirva-hr-solutions-goa-full-time-sales-officer-casa-sales/
REQ. IMMEDIATE REACT.JS DEVELOPER -CONTRACT WFH,Kodework,Porvorim,FULL-TIME,Posted 6 years ago,https://startupgoa.org/job/kodework-goa-full-time-req-immediate-react-js-developer-contract-wfh/
GRAPHIC DESIGNER,BLive,Panjim,FULL-TIME,Posted 6 years ago,https://startupgoa.org/job/blive-miramar-full-time-graphic-designer/
WORDPRESS DEVELOPER,Coderix Solutions LLP,Ponda,FULL-TIME,Posted 6 years ago,https://startupgoa.org/job/coderix-solutions-llp-ponda-goa-full-time-wordpress-developer/
REQ. IMMEDIATE .NET DEVELOPER -CONTRACT WFH,Kodework,Porvorim,FULL-TIME,Posted 6 years ago,https://startupgoa.org/job/kodework-goa-full-time-req-immediate-net-developer-contract-wfh/
COGNITIVE DEVELOPER,Source It Out KPO Services Pvt Ltd,Panjim,FULL-TIME,Posted 6 years ago,https://startupgoa.org/job/source-it-out-kpo-services-pvt-ltd-goa-full-time-cognitive-developer/
SOCIAL MEDIA MANAGER JULY 2020,TeaTrunk.com,Porvorim,FULL-TIME,Posted 6 years ago,https://startupgoa.org/job/teatrunk-com-chogm-road-full-time-social-media-manager-july-2020/
ANDROID AND WEB DEVELOPER,RAIKAR SOLUTIONS,Vasco,FREELANCE,Posted 6 years ago,https://startupgoa.org/job/raikar-solutions-freelance-android-and-web-developer/
CLIENT ACCOUNT MANAGER,Frontline Managed Services,Porvorim,FULL-TIME,Posted 6 years ago,https://startupgoa.org/job/intelliteach-offshore-pvt-ltd-goa-full-time-client-account-manager/
FULL-STACK DEVELOPER,Bidtronix Pvt. Ltd.,Margao,PART-TIME,Posted 6 years ago,https://startupgoa.org/job/bidtronix-pvt-ltd-part-time-full-stack-developer/
SEO AND CONTENT WRITER,DigitalDrop,Vasco,FULL-TIME,Posted 6 years ago,https://startupgoa.org/job/digitaldrop-vasco-goa-full-time-web-designer-with-knowledge-of-seo/
JUNIOR WEB DEVELOPER,Ajency.in,Panjim,FULL-TIME,Posted 6 years ago,https://startupgoa.org/job/ajency-in-panaji-full-time-junior-web-developer/
WEB DEVELOPER,Ajency.in,Panjim,FULL-TIME,Posted 6 years ago,https://startupgoa.org/job/ajency-in-panaji-full-time-web-developer/
SOFTWARE TESTER / QA ASSOCIATE,Ajency.in,Panjim,FULL-TIME,Posted 6 years ago,https://startupgoa.org/job/ajency-in-panaji-full-time-software-tester-qa-associate/
BLOG WRITER,Webware.io,Panjim,FULL-TIME,Posted 6 years ago,https://startupgoa.org/job/webware-io-goa-full-time-blog-writer-2/
SENIOR SOFTWARE DEVELOPER,PlanQube Technologies,Verna,FULL-TIME,Posted 6 years ago,https://startupgoa.org/job/planqube-technologies-kesarwale-full-time-senior-software-development-engineer/
FEATURE CAMERAMAN,Lucid Trails,Panjim,FULL-TIME,Posted 6 years ago,https://startupgoa.org/job/lucid-trails-panjim-full-time-feature-cameraman/
STUDIO ASSISTANT,Lucid Trails,Panjim,FULL-TIME,Posted 6 years ago,https://startupgoa.org/job/lucid-trails-panjim-full-time-studio-assistant/
TELECALLER EXECUTIVE CUM OFFICE ASSISTANT,Lucid Trails,Panjim,FULL-TIME,Posted 6 years ago,https://startupgoa.org/job/lucid-trails-panjim-full-time-telecaller-executive-cum-office-assistant/
PRODUCER CUM CONTENT WRITER,Lucid Trails,Panjim,FULL-TIME,Posted 6 years ago,https://startupgoa.org/job/lucid-trails-panjim-full-time-content-writer/
SR. FULL STACK DEVELOPER,Lucid Trails,Panjim,FULL-TIME,Posted 6 years ago,https://startupgoa.org/job/lucid-trails-panjim-full-time-sr-full-stack-developer/
L3- WINTEL ADMINISTRATOR,Zion HR Consultancy,Porvorim,FULL-TIME,Posted 6 years ago,https://startupgoa.org/job/zion-hr-consultancy-goa-full-time-l3-wintel-administrator/
FREELANCER – WEB DESIGNER REQUIRED FOR A PROJECT,VEGA ECOMMERCE PTY LTD,Margao,FREELANCE,Posted 6 years ago,https://startupgoa.org/job/vega-ecommerce-pty-ltd-freelance-full-time-internship-part-time-freelancer-web-designer-required-for-a-project/
FLUTTER DEVELOPER,PrestonRodz,Mapusa,FULL-TIME,Posted 6 years ago,https://startupgoa.org/job/prestonrodz-mapusa-full-time-flutter-developer/
DIGITAL MARKETING SPECIALIST AND COORDINATOR,The Collaboration Store,Other,FREELANCE,Posted 6 years ago,https://startupgoa.org/job/the-collaboration-store-india-freelance-full-time-digital-marketing-specialist-and-coordinator/
ANGULAR UI DEVELOPER,Plus Innovations technologies,Porvorim,FREELANCE,Posted 6 years ago,https://startupgoa.org/job/plus-innovations-technologies-freelance-full-time-cto/
REACT FRONTEND DEVELOPER (WORK FROM HOME)(REMOTE INTERVIEW),Octalogic Tech,Panjim,FULL-TIME,Posted 6 years ago,https://startupgoa.org/job/octalogic-tech-full-time-react-frontend-developer-work-from-homeremote-interview/
FULL STACK WEB DEVELOPER (WORK FROM HOME) (REMOTE INTERVIEW),Octalogic Tech,Panjim,FULL-TIME,Posted 6 years ago,https://startupgoa.org/job/octalogic-tech-full-time-full-stack-web-developer-work-from-home-remote-interview/
FULL STACK C# SOFTWARE ENGINEER,Infuse consulting India Pvt. Ltd.,Panjim,FULL-TIME,Posted 6 years ago,https://startupgoa.org/job/infuse-consulting-india-pvt-ltd-full-time-full-stack-c-software-engineer/
REACT NATIVE DEVELOPER,PrestonRodz,Mapusa,FULL-TIME,Posted 6 years ago,https://startupgoa.org/job/prestonrodz-full-time-react-native-developer/
MOBILE SOFTWARE DEVELOPER/CODER,Unicorn,Porvorim,INTERNSHIP,Posted 6 years ago,https://startupgoa.org/job/unicorn-goa-internship-mobile-software-developer-coder/
L3 – WINTEL ADMINISTRATOR,Frontline Managed Services,Porvorim,FULL-TIME,Posted 6 years ago,https://startupgoa.org/job/intelliteach-offshore-pvt-ltd-goa-full-time-l3-wintel-administrator/
EXECUTIVE SECRETARY,HIC,Panjim,FULL-TIME,Posted 6 years ago,https://startupgoa.org/job/hic-goa-full-time-executive-secretary/
HUMAN RESOURCE PROFESSIONAL,Unexplored Goa,Porvorim,FULL-TIME,Posted 6 years ago,https://startupgoa.org/job/unexplored-goa-porvorim-full-time-human-resource-professional-4/
INTERNSHIP FOR EMBEDDED SOFTWARE (FIRMWARE) TESTING,Spintly (By Mrinq Technologies LLP),Margao,INTERNSHIP,Posted 6 years ago,https://startupgoa.org/job/spintly-by-mrinq-technologies-llp-goa-internship-internship-for-embedded-software-firmware-testing-unpaid/
REGULATORY AND COMPLIANCE OFFICER,Source It Out KPO Services Pvt Ltd,Panjim,FULL-TIME,Posted 6 years ago,https://startupgoa.org/job/source-it-out-kpo-services-pvt-ltd-goa-india-full-time-regulatory-and-compliance-officer/
WEB DEVELOPER,Simplit Software Solutions Pvt Ltd,Other,FULL-TIME,Posted 6 years ago,https://startupgoa.org/job/simplit-software-solutions-pvt-ltd-goa-full-time-web-developer/
REMOTE FULL STACK DEVELOPER,AR Solutions,Panjim,FREELANCE,Posted 6 years ago,https://startupgoa.org/job/ar-solutions-freelance-full-time-remote-full-stack-developer/
"FULL STACK DEVELOPER. 12-18 L.P.A (JAVA,SPRING/GROOVY,GRAILS)",StoreBuilder,Panjim,FULL-TIME,Posted 6 years ago,https://startupgoa.org/job/storebuilder-panjim-goa-full-time-senior-full-stack-developer-remote/
FULL STACK WEB DEVELOPER,Octalogic Tech,Panjim,FULL-TIME,Posted 6 years ago,https://startupgoa.org/job/octalogic-tech-full-time-full-stack-web-developer-3/
CUSTOMER SUPPORT EXECUTIVE,CT Global AV Solutions Pvt Ltd,Panjim,FULL-TIME,Posted 6 years ago,https://startupgoa.org/job/ct-global-av-solutions-pvt-ltd-miramar-full-time-customer-support-executive/
FREELANCE WORDPRESS WEBSITE MANAGER/MONITOR,Ade Ventures,Mapusa,FREELANCE,Posted 6 years ago,https://startupgoa.org/job/ade-ventures-freelance-part-time-freelance-wordpress-website-manager-monitor/
SENIOR NODE.JS/JAVASCRIPT – BACKEND DEVELOPER,TenTwenty,Porvorim,FULL-TIME,Posted 6 years ago,https://startupgoa.org/job/tentwenty-goa-full-time-senior-node-js-javascript-backend-developer-4/
SENIOR IOS DEVELOPER,TenTwenty,Porvorim,FULL-TIME,Posted 6 years ago,https://startupgoa.org/job/tentwenty-goa-full-time-senior-ios-developer/
ANDROID DEVELOPER,Unexplored Goa,Panjim,FULL-TIME,Posted 6 years ago,https://startupgoa.org/job/unexplored-goa-panaji-full-time-android-developer-4/
FULL STACK WEB DEVELOPER,Unexplored Goa,Panjim,FULL-TIME,Posted 6 years ago,https://startupgoa.org/job/unexplored-goa-panaji-full-time-full-stack-web-developer-4/
SOFTWARE DEVELOPER – TEAM LEADER,Jobs for Goan,Margao,FULL-TIME,Posted 6 years ago,https://startupgoa.org/job/jobs-for-goan-full-time-software-developer-team-leader/
INTERNSHIP – BUSINESS INTELLIGENCE & ANALYTICS,Nabler,Panjim,INTERNSHIP,Posted 6 years ago,https://startupgoa.org/job/nabler-goa-internship-internship-business-intelligence-analytics/
SENIOR SOFTWARE DEVELOPER,2ordr International LLC,Mapusa,FULL-TIME,Posted 6 years ago,https://startupgoa.org/job/2ordr-international-llc-mapusa-goa-full-time-senior-software-developer/
ARCHITECTURAL ASSISTANT,Source It Out KPO Services Pvt Ltd,Panjim,FULL-TIME,Posted 6 years ago,https://startupgoa.org/job/source-it-out-kpo-services-pvt-ltd-goa-full-time-architectural-assistant/
ADMIN & HR ASSISTANT,Source It Out KPO Services Pvt Ltd,Panjim,FULL-TIME,Posted 6 years ago,https://startupgoa.org/job/source-it-out-kpo-services-pvt-ltd-goa-full-time-admin-hr-assistant/
MOBILE APPLICATION DEVELOPER,Source It Out KPO Services Pvt Ltd,Panjim,FULL-TIME,Posted 6 years ago,https://startupgoa.org/job/source-it-out-kpo-services-pvt-ltd-goa-full-time-mobile-application-developer/
NEED FREELANCER FOR 3 MONTH – OPEN SOURCE CMS AND PHP DEVELOPER,VEGA ECOMMERCE PTY LTD,Margao,FREELANCE,Posted 6 years ago,https://startupgoa.org/job/vega-ecommerce-pty-ltd-margoa-full-time-part-time-open-source-cms-and-php-developer/
HR INTERN -UNPAID,Spintly (By Mrinq Technologies LLP),Margao,INTERNSHIP,Posted 6 years ago,https://startupgoa.org/job/spintly-by-mrinq-technologies-llp-goa-internship-hr-intern-unpaid/
ACCOUNTS & ADMIN MANAGER,TeaTrunk.com,Porvorim,FULL-TIME,Posted 6 years ago,https://startupgoa.org/job/teatrunk-com-porvorim-goa-full-time-accounts-admin-manager-2/
TRAINER – BILLING SERVICES,Frontline Managed Services,Porvorim,FULL-TIME,Posted 6 years ago,https://startupgoa.org/job/intelliteach-offshore-pvt-ltd-goa-full-time-trainer-billing-services/
SOFTWARE LEAD,Spintly (By Mrinq Technologies LLP),Margao,FULL-TIME,Posted 6 years ago,https://startupgoa.org/job/spintly-by-mrinq-technologies-llp-goa-full-time-software-lead/
FIREBASE DEVELOPER,Bidtronix Pvt. Ltd.,Margao,PART-TIME,Posted 6 years ago,https://startupgoa.org/job/bidtronix-pvt-ltd-part-time-firebase-developer/
BUSINESS DEVELOPMENT ASSOCIATE (SALES),Bodhami Private Limited,Margao,FULL-TIME,Posted 6 years ago,https://startupgoa.org/job/bodhami-private-limited-margao-goa-work-from-home-can-be-enabled-full-time-business-development-associate-sales/
SOFTWARE ARCHITECT,Spintly (By Mrinq Technologies LLP),Margao,FULL-TIME,Posted 6 years ago,https://startupgoa.org/job/spintly-by-mrinq-technologies-llp-goa-full-time-software-architect/
FRESHER – SOFTWARE ENGINEER,Spintly (By Mrinq Technologies LLP),Margao,FULL-TIME,Posted 6 years ago,https://startupgoa.org/job/spintly-by-mrinq-technologies-llp-goa-full-time-fresher-software-engineer/
UNITY 3D DEVELOPER,Designway,Panjim,FULL-TIME,Posted 6 years ago,https://startupgoa.org/job/designway-goa-full-time-unity-3d-developer/
FREELANCE WORDPRESS WEBSITE DEVELOPER,The Off-Centre,Panjim,FREELANCE,Posted 6 years ago,https://startupgoa.org/job/the-off-centre-mostly-remote-freelance-part-time-freelance-wordpress-website-developer/
PHP DEVELOPER,Parikrama-Tech,Panjim,FULL-TIME,Posted 6 years ago,https://startupgoa.org/job/parikrama-tech-patto-full-time-php-developer/
BUSINESS DEVELOPMENT EXECUTIVE,Magpie Books,Pilerne,FULL-TIME,Posted 6 years ago,https://startupgoa.org/job/magpie-books-india-full-time-business-development-manager/
FULLSTACK DEVELOPER,Trendzers,Other,FULL-TIME,Posted 6 years ago,https://startupgoa.org/job/trendzers-goa-full-time-fullstack-developer/
MOBILE DEVELOPER,Bluestream.io,Panjim,FULL-TIME,Posted 6 years ago,https://startupgoa.org/job/bluestream-io-full-time-mobile-developer/
ACCOUNTS PAYABLE MANAGER,Frontline Managed Services,Porvorim,FULL-TIME,Posted 6 years ago,https://startupgoa.org/job/intelliteach-offshore-pvt-ltd-goa-full-time-accounts-payable-manager/
NOC ENGINEER,Frontline Managed Services,Porvorim,FULL-TIME,Posted 6 years ago,https://startupgoa.org/job/intelliteach-offshore-pvt-ltd-goa-full-time-noc-engineer/
JAVA DEVELOPER,Source It Out KPO Services Pvt Ltd,Panjim,FULL-TIME,Posted 6 years ago,https://startupgoa.org/job/source-it-out-kpo-services-pvt-ltd-full-time-java-developer/
IONIC APP DEVELOPER,Helix Tech,Porvorim,FULL-TIME,Posted 6 years ago,https://startupgoa.org/job/helix-tech-full-time-ionic-app-developer/
WEB DEVELOPER,Concept Cocktail,Panjim,FULL-TIME,Posted 6 years ago,https://startupgoa.org/job/concept-cocktail-goa-full-time-web-developer/
COPY WRITER,Concept Cocktail,Panjim,FULL-TIME,Posted 6 years ago,https://startupgoa.org/job/concept-cocktail-goa-full-time-copy-writer/
FULL STACK WEB DEVELOPER,Octalogic Tech,Panjim,FULL-TIME,Posted 6 years ago,https://startupgoa.org/job/octalogic-tech-full-time-full-stack-web-developer-2/
BACKEND DEVELOPER,Bidtronix Pvt. Ltd.,Margao,PART-TIME,Posted 6 years ago,https://startupgoa.org/job/bidtronix-pvt-ltd-part-time-back-end-developer/
SEO ANALYST,Designway,Panjim,FULL-TIME,Posted 6 years ago,https://startupgoa.org/job/designway-goa-full-time-seo-analyst/
REACT NATIVE DEVELOPERS,Helix Tech,Porvorim,FULL-TIME,Posted 6 years ago,https://startupgoa.org/job/helix-tech-goa-full-time-react-native-developers-2/
ANDROID DEVELOPER,Helix Tech,Porvorim,FULL-TIME,Posted 6 years ago,https://startupgoa.org/job/helix-tech-full-time-android-developer-3/
ANDROID APP DEVELOPER,Litebulb.in,Panjim,FREELANCE,Posted 6 years ago,https://startupgoa.org/job/litebulb-in-freelance-android-app-developer/
MOBILE APPLICATION DEVELOPER,Bluestream.io,Panjim,FULL-TIME,Posted 6 years ago,https://startupgoa.org/job/bluestream-io-full-time-mobile-application-developer/
PHP DEVELOPER,Helix Tech,Porvorim,FULL-TIME,Posted 6 years ago,https://startupgoa.org/job/helix-tech-full-time-php-developer-2/
FULL STACK WEB DEVELOPER (REMOTE INTERVIEW | WFH DURING LOCKDOWN),Octalogic Tech,Panjim,FULL-TIME,Posted 6 years ago,https://startupgoa.org/job/octalogic-tech-full-time-full-stack-web-developer/
BUSINESS DEVELOPMENT ANALYST,Creative Capsule Infotech,Verna,FULL-TIME,Posted 6 years ago,https://startupgoa.org/job/creative-capsule-infotech-goa-full-time-business-development-analyst/
ACCOUNTANT,Unexplored Goa,Panjim,FULL-TIME,Posted 6 years ago,https://startupgoa.org/job/unexplored-goa-panaji-full-time-accountant/
JAVA DEVELOPER,Product based,Panjim,FULL-TIME,Posted 6 years ago,https://startupgoa.org/job/product-based-goa-full-time-java-developer/
HUMAN RESOURCE PROFESSIONAL,Unexplored Goa,Porvorim,FULL-TIME,Posted 6 years ago,https://startupgoa.org/job/unexplored-goa-porvorim-full-time-human-resource-professional-2/
CONTENT WRITING,VillageTalkies,Anjuna,FULL-TIME,Posted 6 years ago,https://startupgoa.org/job/villagetalkies-full-time-content-writing/
DIGITAL MARKETER,Source It Out KPO Services Pvt Ltd,Panjim,FULL-TIME,Posted 6 years ago,https://startupgoa.org/job/source-it-out-kpo-services-pvt-ltd-panjim-goa-full-time-digital-marketer/
E-BILLING SPECIALIST( US SHIFT ),Frontline Managed Services,Porvorim,FULL-TIME,Posted 6 years ago,https://startupgoa.org/job/intelliteach-offshore-pvt-ltd-goa-full-time-e-billing-executive-night-shifts-2/
VIRTUAL ASSISTANT TO WORK WITH MY TEAM,VEGA ECOMMERCE PTY LTD,Margao,FREELANCE,Posted 6 years ago,https://startupgoa.org/job/vega-ecommerce-pty-ltd-margao-preferred-freelance-full-time-part-time-virtual-assistant-to-work-with-my-team/
MS KUBERNETES,Source It Out KPO Services Pvt Ltd,Panjim,FULL-TIME,Posted 6 years ago,https://startupgoa.org/job/source-it-out-kpo-services-pvt-ltd-full-time-ms-kubernetes/
MS AZURE,Source It Out KPO Services Pvt Ltd,Panjim,FULL-TIME,Posted 6 years ago,https://startupgoa.org/job/source-it-out-kpo-services-pvt-ltd-full-time-ms-azure/
ISMS CONSULTANT,Source It Out KPO Services Pvt Ltd,Panjim,FULL-TIME,Posted 6 years ago,https://startupgoa.org/job/source-it-out-kpo-services-pvt-ltd-full-time-isms-consultant/
SOFTWARE TESTER,Source It Out KPO Services Pvt Ltd,Panjim,FULL-TIME,Posted 6 years ago,https://startupgoa.org/job/source-it-out-kpo-services-pvt-ltd-full-time-software-tester/
APP DEVELOPER,Source It Out KPO Services Pvt Ltd,Panjim,FULL-TIME,Posted 6 years ago,https://startupgoa.org/job/source-it-out-kpo-services-pvt-ltd-full-time-app-developer/
WEB DESIGNER,Source It Out KPO Services Pvt Ltd,Panjim,FULL-TIME,Posted 6 years ago,https://startupgoa.org/job/source-it-out-kpo-services-pvt-ltd-full-time-web-designer/
.NET DEVELOPER,Source It Out KPO Services Pvt Ltd,Panjim,FULL-TIME,Posted 6 years ago,https://startupgoa.org/job/source-it-out-kpo-services-pvt-ltd-full-time-net-developer/
JUNIOR .NET DEVELOPER,Source It Out KPO Services Pvt Ltd,Panjim,FULL-TIME,Posted 6 years ago,https://startupgoa.org/job/source-it-out-kpo-services-pvt-ltd-full-time-junior-net-developer/
WEB DEVELOPER,Source It Out KPO Services Pvt Ltd,Panjim,FULL-TIME,Posted 6 years ago,https://startupgoa.org/job/source-it-out-kpo-services-pvt-ltd-panjim-goa-full-time-senior-net-developer/
SSRS REPORTING DEVELOPER,Zion HR Consultants,Porvorim,FULL-TIME,Posted 6 years ago,https://startupgoa.org/job/zion-hr-consultants-goa-full-time-ssrs-reporting-developer/
SENIOR WEB DEVELOPER – PYTHON,Wealthchunk Investments Pvt Ltd,Panjim,FULL-TIME,Posted 6 years ago,https://startupgoa.org/job/wealthchunk-investments-pvt-ltd-panaji-goa-full-time-senior-web-developer-python/
SOFTWARE DEVELOPER-FRONT END (ANGULAR 6+) – 2 POSTS,Empezar Software Labs,Panjim,FULL-TIME,Posted 6 years ago,https://startupgoa.org/job/empezar-group-patto-full-time-software-developer-front-end-angular-6/
"C#, DOTNET DEVELOPER WITH ENTITY FRAMEWORK",Empezar Group,Panjim,FULL-TIME,Posted 6 years ago,https://startupgoa.org/job/empezar-group-patto-full-time-dotnet-developer/
UI DEVELOPER,Empezar Group,Panjim,FULL-TIME,Posted 6 years ago,https://startupgoa.org/job/empezar-group-patto-panaji-full-time-ui-developer/
TECH INTERNS,Sabka Mandi,Panjim,INTERNSHIP,Posted 6 years ago,https://startupgoa.org/job/sabka-mandi-panjim-internship-tech-interns/
SENIOR NETWORK ENGINEER – SHIFTS,Zion HR Consultants,Porvorim,FULL-TIME,Posted 6 years ago,https://startupgoa.org/job/zion-hr-consultants-goa-full-time-senior-network-engineer-shifts/
INBOUND SALES SPECIALIST / LEAD MANAGER,Vacation Labs,Porvorim,FULL-TIME,Posted 6 years ago,https://startupgoa.org/job/vacation-labs-goa-full-time-inbound-sales-specialist-lead-manager/
HR EXECUTIVE (FLEXI SHIFT 11AM-8PM),Zion HR Consultants,Porvorim,FULL-TIME,Posted 6 years ago,https://startupgoa.org/job/zion-hr-consultants-goa-full-time-hr-executive-flexi-shift-11am-8pm/
SOCIAL MEDIA EXECUTIVE,Fuel Design Co,Panjim,FULL-TIME,Posted 6 years ago,https://startupgoa.org/job/fuel-design-co-full-time-social-media-executive/
GRAPHIC DESIGNER,Fuel Design Co,Panjim,FULL-TIME,Posted 6 years ago,https://startupgoa.org/job/fuel-design-co-full-time-graphic-designer-2/
BUSINESS DEVELOPMENT OFFICERS,Champions Yacht Club,Panjim,FULL-TIME,Posted 6 years ago,https://startupgoa.org/job/champions-yacht-club-goa-full-time-business-development-officers/
DIGITAL MARKETING,Photojaanic,Other,FULL-TIME,Posted 6 years ago,https://startupgoa.org/job/photojaanic-remote-full-time-digital-marketing/
SYSTEM ADMINISTRATOR,Bluestream.io,Panjim,FULL-TIME,Posted 6 years ago,https://startupgoa.org/job/bluestream-io-goa-full-time-system-administrator/
RECRUITING ASSOCIATE,Frontline Managed Services,Panjim,FULL-TIME,Posted 6 years ago,https://startupgoa.org/job/intelliteach-offshore-pvt-ltd-porvorim-goa-full-time-recruiting-associate/
CIVIL ARCHITECT,Mystic Architects,Margao,FULL-TIME,Posted 6 years ago,https://startupgoa.org/job/mystic-architects-goa-full-time-civil-architect/
UI / UX DEVELOPER,Remote Software Solutions Pvt. Ltd.,Porvorim,FULL-TIME,Posted 6 years ago,https://startupgoa.org/job/remote-software-solutions-pvt-ltd-porvorim-full-time-ui-ux-developer/
OPERATIONS EXECUTIVE,Letcetra Agritech Pvt. Ltd.,Margao,FULL-TIME,Posted 6 years ago,https://startupgoa.org/job/letcetra-agritech-pvt-ltd-goa-full-time-operations-executive/
SENIOR SOFTWARE DEVELOPER,Remote Software Solutions Pvt. Ltd.,Porvorim,FULL-TIME,Posted 6 years ago,https://startupgoa.org/job/remote-software-solutions-pvt-ltd-porvorim-full-time-senior-software-developer/
FULL-STACK DEVELOPER,Unexplored Goa,Panjim,FULL-TIME,Posted 6 years ago,https://startupgoa.org/job/unexplored-goa-panaji-full-time-full-stack-developer-2/
LARAVEL PHP LEAD,SuperInnovators.com Pvt Ltd,Panjim,FULL-TIME,Posted 6 years ago,https://startupgoa.org/job/superinnovators-com-pvt-ltd-goa-full-time-laravel-php-lead-3/
E-BILLING EXECUTIVE (NIGHT SHIFTS),Frontline Managed Services,Porvorim,FULL-TIME,Posted 6 years ago,https://startupgoa.org/job/intelliteach-offshore-pvt-ltd-goa-full-time-e-billing-executive-night-shifts/
SOFTWARE TESTER,Ajency.in,Panjim,FULL-TIME,Posted 6 years ago,https://startupgoa.org/job/ajency-in-panaji-full-time-software-tester-2/
BUSINESS DEVELOPMENT EXECUTIVE,Appxigo Media,Anjuna,FULL-TIME,Posted 6 years ago,https://startupgoa.org/job/appxigo-media-goa-full-time-business-development-executive-2/
HR-ADMIN EXECUTIVE  (MALE CANDIDATE),Jobs for Goan,Porvorim,FULL-TIME,Posted 6 years ago,https://startupgoa.org/job/jobs-for-goan-porvorim-full-time-hr-admin-executive-male-candidate/
FULL STACK DEVELOPER,Intuio Software Labs Private Limited,Margao,FULL-TIME,Posted 6 years ago,https://startupgoa.org/job/intuio-software-labs-private-limited-aquem-full-time-full-stack-developer/
OPERATIONS EXECUTIVE,Bluestream.io,Panjim,FULL-TIME,Posted 6 years ago,https://startupgoa.org/job/bluestream-io-goa-full-time-operations-executive/
SR. JAVA DEVELOPER (FULL STACK),StoreBuilder,Panjim,FULL-TIME,Posted 6 years ago,https://startupgoa.org/job/storebuilder-panjim-goa-full-time-sr-java-grails-developer-full-stack/
SOCIAL MEDIA EXECUTIVE,Dreamsketchers,Panjim,FULL-TIME,Posted 6 years ago,https://startupgoa.org/job/dreamsketchers-panjim-goa-full-time-social-media-executive/
SUPPORT EXECUTIVE ROLE FOR FRESHERS,Vacation Labs,Porvorim,FULL-TIME,Posted 6 years ago,https://startupgoa.org/job/vacation-labs-goa-full-time-support-executive-role-for-freshers-2/
FIELD ENGINEER,IDTS Ventures,Mapusa,FULL-TIME,Posted 6 years ago,https://startupgoa.org/job/idts-ventures-mapusa-goa-full-time-field-engineer/
SOCIAL MEDIA EXECUTIVE,Unexplored Goa,Panjim,FULL-TIME,Posted 6 years ago,https://startupgoa.org/job/unexplored-goa-full-time-social-media-executive-2/
HUMAN RESOURCE PROFESSIONAL,Unexplored Goa,Porvorim,FULL-TIME,Posted 6 years ago,https://startupgoa.org/job/unexplored-goa-porvorim-full-time-human-resource-professional/
PHP DEVELOPER,Helix Tech,Porvorim,FULL-TIME,Posted 6 years ago,https://startupgoa.org/job/helix-tech-full-time-php-developer-4/
PROFIT CENTER HEAD (LOCATION HEAD),Jobs for Goan,Panjim,FULL-TIME,Posted 6 years ago,https://startupgoa.org/job/jobs-for-goan-full-time-profit-center-head-location-head/
PARTNER SALES MANAGER,Jobs for Goan,Panjim,FULL-TIME,Posted 6 years ago,https://startupgoa.org/job/jobs-for-goan-full-time-partner-sales-manager/
BUSINESS DEVELOPMENT EXECUTIVE (SOCIAL MEDIA COMPANY),Jobs for Goan,Other,FULL-TIME,Posted 6 years ago,https://startupgoa.org/job/jobs-for-goan-candolim-full-time-business-development-executive-social-media-company/
DIGITAL MARKETING EXECUTIVE,Cravium Foods LLP.,Verna,FULL-TIME,Posted 6 years ago,https://startupgoa.org/job/cravium-foods-llp-verna-goa-full-time-digital-marketing-executive/
GRAPHIC DESIGNER,Cravium Foods LLP.,Verna,FULL-TIME,Posted 6 years ago,https://startupgoa.org/job/cravium-foods-llp-verna-goa-full-time-graphic-designer/
SALES EXECUTIVE FOR SPINTLY SMART SOLUTIONS- GOA,Spintly Smart Solutions (By Mrinq Technologies LLP),Margao,FULL-TIME,Posted 6 years ago,https://startupgoa.org/job/spintly-smart-solutions-by-mrinq-technologies-llp-goa-full-time-sales-executive-for-smart-access-control-and-attendance-management-solutions-goa/
GRAPHIC DESIGNER,Samrdh Design Studio & Branding,Panjim,FULL-TIME,Posted 6 years ago,https://startupgoa.org/job/samrdh-design-studio-branding-mg-road-panjim-full-time-graphic-designer/
ESTATE MANAGER,Utopian Villas,Other,FULL-TIME,Posted 6 years ago,https://startupgoa.org/job/utopian-villas-north-goa-full-time-estate-manager/
SOCIAL MEDIA MARKETING EXECUTIVE,Jobs for Goan,Panjim,FULL-TIME,Posted 6 years ago,https://startupgoa.org/job/jobs-for-goan-bambolim-full-time-social-media-marketing-executive/
MARKETING EXECUTIVE,Lemiride Travels,Panjim,FULL-TIME,Posted 6 years ago,https://startupgoa.org/job/lemiride-travels-panjim-full-time-marketing-executive/
SALES EXECUTIVE,Lemiride Travels,Panjim,FULL-TIME,Posted 6 years ago,https://startupgoa.org/job/lemiride-travels-panjim-full-time-sales-executive/
MARKET RESEARCH / SOCIAL LISTENING EXECUTIVE,Ideas Unlimited Digital,Panjim,FULL-TIME,Posted 6 years ago,https://startupgoa.org/job/ideas-unlimited-digital-goa-full-time-market-research-social-listening-executive/
JUNIOR UX / UI DESIGNER,Bluestream.io,Panjim,FULL-TIME,Posted 6 years ago,https://startupgoa.org/job/bluestream-io-goa-full-time-junior-ux-ui-designer/
EXPERIENCED TELLECALLER,DigitalDrop,Vasco,FULL-TIME,Posted 6 years ago,https://startupgoa.org/job/digitaldrop-vasco-full-time-experienced-tellecaller/
NODE.JS/JAVASCRIPT – BACKEND DEVELOPER,Octalogic Tech,Panjim,FULL-TIME,Posted 6 years ago,https://startupgoa.org/job/octalogic-tech-panjim-full-time-node-js-javascript-backend-developer/
GRAPHIC DESIGNER,Sirji.Pro,Mapusa,FULL-TIME,Posted 6 years ago,https://startupgoa.org/job/sirji-pro-full-time-graphic-designer/
DIGITAL MARKETING EXECUTIVE,Sirji.Pro,Mapusa,FULL-TIME,Posted 6 years ago,https://startupgoa.org/job/sirji-pro-mapusa-full-time-digital-marketing-executive/
COPY WRITER – ENGLISH,Sirji.Pro,Mapusa,FULL-TIME,Posted 6 years ago,https://startupgoa.org/job/sirji-pro-mapusa-full-time-copy-writer-english/
FRONT-END DEVELOPER – WORDPRESS,Sirji.Pro,Mapusa,FULL-TIME,Posted 6 years ago,https://startupgoa.org/job/sirji-pro-mapusa-full-time-front-end-developer-wordpress/
AFFILIATE ACCOUNT MANAGER,Appxigo Media,Anjuna,FULL-TIME,Posted 6 years ago,https://startupgoa.org/job/appxigo-media-goa-full-time-affiliate-account-manager/
QUALITY ANALYST (QA),ioDroplet,Porvorim,FULL-TIME,Posted 6 years ago,https://startupgoa.org/job/iodroplet-porvorim-full-time-quality-analyst-qa/
MAGENTO 2 DEVELOPER,ioDroplet,Porvorim,FULL-TIME,Posted 6 years ago,https://startupgoa.org/job/iodroplet-porvorim-full-time-magento-2-developer/
CONTENT WRITER,Legal Salaah,Palolem,INTERNSHIP,Posted 6 years ago,https://startupgoa.org/job/legal-salaah-india-internship-content-writer/
GRAPHIC DESIGNER AND VISUALISER,Veara Creatives,Panjim,FULL-TIME,Posted 6 years ago,https://startupgoa.org/job/veara-creatives-panjim-full-time-graphic-designer-and-visualiser/
NODE.JS/JAVASCRIPT – BACKEND DEVELOPER,Octalogic Tech,Panjim,FULL-TIME,Posted 6 years ago,https://startupgoa.org/job/octalogic-tech-panjim-full-time-node-js-developer-2/
CALL CENTRE EXECUTIVE,Aujla Business Software Pvt.Ltd,Panjim,FULL-TIME,Posted 6 years ago,https://startupgoa.org/job/aujla-business-software-pvt-ltd-full-time-call-centre-executive/
TEAM LEAD – CALL CENTRE,Aujla Business Software Pvt.Ltd,Panjim,FULL-TIME,Posted 6 years ago,https://startupgoa.org/job/aujla-business-software-pvt-ltd-full-time-team-lead-call-centre/
PHP DEVELOPER,Aujla Business Software Pvt.Ltd,Panjim,FULL-TIME,Posted 6 years ago,https://startupgoa.org/job/aujla-business-software-pvt-ltd-full-time-php-developer-2/
TEAM LEAD-FRONT END DEVELOPMENT,Creative Capsule Infotech,Verna,FULL-TIME,Posted 6 years ago,https://startupgoa.org/job/creative-capsule-infotech-goa-full-time-team-lead-front-end-development/
JUNIOR BACK – END DEVELOPER,Bluestream.io,Panjim,FULL-TIME,Posted 6 years ago,https://startupgoa.org/job/bluestream-io-goa-full-time-junior-back-end-developer/
JUNIOR WEB DEVELOPER,svastek,Margao,FULL-TIME,Posted 6 years ago,https://startupgoa.org/job/svastek-margao-full-time-junior-web-developer-4/
NODE.JS DEVELOPER,Octalogic Tech,Panjim,FULL-TIME,Posted 6 years ago,https://startupgoa.org/job/octalogic-tech-panjim-full-time-node-js-developer/
FMCG SALES EXECUTIVE IN GOA,Sabka Mandi,Mapusa,FULL-TIME,Posted 6 years ago,https://startupgoa.org/job/sabka-mandi-panjim-full-time-fmcg-sales-executive-in-goa/
"SALES EXECUTIVE FOR HOTEL TECHNOLOGY – CHANNEL MANAGER, PROPERTY MANAGEMENT SYSTEM (PMS), ETC.",SuperInnovators.com Pvt Ltd,Panjim,FULL-TIME,Posted 6 years ago,https://startupgoa.org/job/superinnovators-com-pvt-ltd-goa-full-time-sales-executive-for-hotel-technology-channel-manager-property-management-system-pms-etc-2/
ACCOUNTANT/HR,TenTwenty,Porvorim,FULL-TIME,Posted 6 years ago,https://startupgoa.org/job/tentwenty-goa-full-time-accountant-hr-2/
SENIOR NODE.JS/JAVASCRIPT – BACKEND DEVELOPER,TenTwenty,Porvorim,FULL-TIME,Posted 6 years ago,https://startupgoa.org/job/tentwenty-goa-full-time-senior-node-js-javascript-backend-developer-3/
SENIOR UI/FRONTEND DEVELOPER,TenTwenty,Porvorim,FULL-TIME,Posted 6 years ago,https://startupgoa.org/job/tentwenty-goa-full-time-senior-ui-frontend-developer-3/
MOTION GRAPHICS AND EDITING ARTIST,VALOUR CREATIONS,Panjim,FULL-TIME,Posted 6 years ago,https://startupgoa.org/job/valour-creations-panaji-full-time-motion-graphics-and-editing-artist/
DIGITAL MARKETING INTERN,The Collaboration Store,Other,FREELANCE,Posted 6 years ago,https://startupgoa.org/job/the-collaboration-store-goa-freelance-part-time-digital-marketing-intern/
JAVA DEVELOPER,Samasa Technologies,Panjim,FULL-TIME,Posted 6 years ago,https://startupgoa.org/job/samasa-technologies-panjim-full-time-java-developer-4/
TEAM LEAD,Samasa Technologies,Panjim,FULL-TIME,Posted 6 years ago,https://startupgoa.org/job/samasa-technologies-full-time-team-lead-3/
FRONT END DEVELOPER,Samasa Technologies,Panjim,FULL-TIME,Posted 6 years ago,https://startupgoa.org/job/samasa-technologies-full-time-front-end-developer-4/
ANDROID DEVELOPER,Helix Tech,Porvorim,FULL-TIME,Posted 6 years ago,https://startupgoa.org/job/helix-tech-full-time-android-developer-2/
HTML/CSS EXPERT,Ideas Unlimited Digital,Panjim,FULL-TIME,Posted 6 years ago,https://startupgoa.org/job/ideas-unlimited-digital-full-time-html-css-expert/
IOS AND ANDROID APP DEVELOPER,Ideas Unlimited Digital,Panjim,FULL-TIME,Posted 6 years ago,https://startupgoa.org/job/ideas-unlimited-digital-full-time-ios-and-android-app-developer/
JUNIOR PHP DEVELOPER,Ideas Unlimited Digital,Panjim,FULL-TIME,Posted 6 years ago,https://startupgoa.org/job/ideas-unlimited-digital-full-time-junior-php-developer/
"SALES EXECUTIVE FOR HOTEL TECHNOLOGY – CHANNEL MANAGER, PROPERTY MANAGEMENT SYSTEM (PMS), ETC.",SuperInnovators.com Pvt Ltd,Panjim,FULL-TIME,Posted 6 years ago,https://startupgoa.org/job/superinnovators-com-pvt-ltd-goa-full-time-sales-executive-for-hotel-technology-channel-manager-property-management-system-pms-etc/
MARKETING EXECUTIVE – MY GOA 365,MY GOA 365,Panjim,FULL-TIME,Posted 6 years ago,https://startupgoa.org/job/my-goa-365-panjim-full-time-marketing-executive-my-goa-365-2/
SOFTWARE ENGINEER,BidtroniX private ltd.,Margao,FULL-TIME,Posted 6 years ago,https://startupgoa.org/job/bidtronix-private-ltd-margao-full-time-software-engineer/
DIGITAL MARKETING PART TIME JOB/INTERNSHIP AT CALANGUTE IN GOA WATER SPORTS,Goa Water Sports,Calangute,INTERNSHIP,Posted 6 years ago,https://startupgoa.org/job/goa-water-sports-calangute-internship-digital-marketing-part-time-job-internship-at-calangute-in-goa-water-sports/
SALES EXECUTIVE,Appxigo Media,Anjuna,FULL-TIME,Posted 6 years ago,https://startupgoa.org/job/appxigo-media-vagator-goa-full-time-sales-executive/
SR. OPERATIONS MANAGER,TeaTrunk.com,Porvorim,FULL-TIME,Posted 6 years ago,https://startupgoa.org/job/teatrunk-com-off-chogm-road-full-time-sr-operations-manager/
CUSTOMER RELATIONSHIP EXECUTIVE,TeaTrunk.com,Porvorim,FULL-TIME,Posted 6 years ago,https://startupgoa.org/job/teatrunk-com-off-chogm-road-full-time-customer-relationship-executive/
IOS DEVELOPER,Helix Tech,Porvorim,FULL-TIME,Posted 6 years ago,https://startupgoa.org/job/helix-tech-goa-full-time-ios-developer-3/
REACT NATIVE DEVELOPERS,Helix Tech,Porvorim,FULL-TIME,Posted 6 years ago,https://startupgoa.org/job/helix-tech-goa-full-time-react-native-developers/
"DY. MANAGER/ MANAGER, MARKETING & BRANDING",Cravium Foods LLP,Verna,FULL-TIME,Posted 6 years ago,https://startupgoa.org/job/cravium-foods-llp-goa-full-time-dy-manager-manager-marketing-branding/
LEAD UI/UX DEVELOPER + DESIGNER,SuperInnovators.com Pvt Ltd,Panjim,FULL-TIME,Posted 6 years ago,https://startupgoa.org/job/superinnovators-com-pvt-ltd-goa-full-time-lead-ui-ux-developer-designer-2/
ACCOUNTANT/HR,TenTwenty,Mapusa,FULL-TIME,Posted 6 years ago,https://startupgoa.org/job/tentwenty-goa-full-time-accountant-hr/
.NET DEVELOPER,Designway,Panjim,FULL-TIME,Posted 6 years ago,https://startupgoa.org/job/designway-india-full-time-net-developer-3/
FULL STACK DEVELOPER,Designway,Panjim,FULL-TIME,Posted 6 years ago,https://startupgoa.org/job/designway-panjim-full-time-full-stack-developer-2/
ACCOUNT MANAGER,MindShift Interactive Private Limited,Other,FULL-TIME,Posted 6 years ago,https://startupgoa.org/job/mindshift-interactive-private-limited-pune-full-time-account-manager/
SOCIAL MEDIA EXECUTIVE (1-4 YEARS),MindShift Interactive Private Limited,Other,FULL-TIME,Posted 6 years ago,https://startupgoa.org/job/mindshift-interactive-private-limited-pune-full-time-social-media-executive-1-4-years/
LEAD UI/UX DEVELOPER + DESIGNER,SuperInnovators.com Pvt Ltd,Panjim,FULL-TIME,Posted 6 years ago,https://startupgoa.org/job/superinnovators-com-pvt-ltd-goa-full-time-lead-ui-ux-developer-designer/
LARAVEL PHP LEAD,SuperInnovators.com Pvt Ltd,Panjim,FULL-TIME,Posted 6 years ago,https://startupgoa.org/job/superinnovators-com-pvt-ltd-goa-full-time-laravel-php-lead-2/
LARAVEL PHP LEAD,SuperInnovators.com Pvt Ltd,Panjim,FULL-TIME,Posted 6 years ago,https://startupgoa.org/job/superinnovators-com-pvt-ltd-goa-full-time-laravel-php-lead/
CIVIL ARCHITECT,Mystic Architects,Margao,FULL-TIME,Posted 6 years ago,https://startupgoa.org/job/mystic-architects-margao-goa-full-time-civil-architect/
CALL CENTER EXECUTIVES,Hello Information Services Pvt Ltd,Other,FULL-TIME,Posted 6 years ago,https://startupgoa.org/job/hello-information-services-pvt-ltd-goa-full-time-call-center-executives/
CAMPAIGN MANAGER,Fuel Design Co,Panjim,PART-TIME,Posted 6 years ago,https://startupgoa.org/job/fuel-design-co-part-time-campaign-manager/
GRAPHIC DESIGN INTERN,Fuel Design Co,Panjim,INTERNSHIP,Posted 6 years ago,https://startupgoa.org/job/fuel-design-co-goa-internship-graphic-design-intern-2/
GRAPHIC DESIGNER,Fuel Design Co,Panjim,FULL-TIME,Posted 6 years ago,https://startupgoa.org/job/fuel-design-co-goa-full-time-graphic-designer-2/
AFFILIATE MANAGER,Appxigo Media,Anjuna,FULL-TIME,Posted 6 years ago,https://startupgoa.org/job/appxigo-media-vagator-goa-full-time-affiliate-manager/
NODE.JS DEVELOPER,Octalogic Tech,Panjim,FULL-TIME,Posted 6 years ago,https://startupgoa.org/job/octalogic-tech-panjim-goa-full-time-node-js-developer-2/
ACCOUNTANT,Bluestream.io,Panjim,FULL-TIME,Posted 6 years ago,https://startupgoa.org/job/bluestream-io-full-time-account-assistant/
CONTENT WRITER,MindShift Interactive Private Limited,Porvorim,FULL-TIME,Posted 6 years ago,https://startupgoa.org/job/mindshift-interactive-private-limited-goa-full-time-content-writer/
ANDROID DEVELOPERS AND IOS DEVELOPERS,FabCoders,Panjim,FULL-TIME,Posted 6 years ago,https://startupgoa.org/job/fabcoders-full-time-android-developers-and-ios-developers/
SENIOR NODE.JS/JAVASCRIPT – BACKEND DEVELOPER,TenTwenty,Mapusa,FULL-TIME,Posted 6 years ago,https://startupgoa.org/job/tentwenty-goa-full-time-senior-node-js-javascript-backend-developer-2/
SENIOR UI/FRONTEND DEVELOPER,TenTwenty,Mapusa,FULL-TIME,Posted 6 years ago,https://startupgoa.org/job/tentwenty-goa-full-time-senior-ui-frontend-developer-2/
IT SUPPORT AND NETWORKING EXECUTIVE,FabCoders,Panjim,FULL-TIME,Posted 6 years ago,https://startupgoa.org/job/fabcoders-full-time-it-support-and-networking-executive/
SENIOR DOT NET DEVELOPER,Remote Software Solutions Pvt. Ltd.,Porvorim,FULL-TIME,Posted 6 years ago,https://startupgoa.org/job/remote-software-solutions-pvt-ltd-full-time-senior-dot-net-developer/
GRAPHIC DESIGNER,Brizzo Digital,Panjim,FULL-TIME,Posted 6 years ago,https://startupgoa.org/job/brizzo-digital-panaji-goa-full-time-graphic-designer/
MOTION GRAPHICS,VillageTalkies,Anjuna,FULL-TIME,Posted 6 years ago,https://startupgoa.org/job/villagetalkies-no-201-2nd-b-cross-2nd-a-main-road-kasturi-nagar-bangalore-karnataka-560043-full-time-motion-graphics/
GRAPHIC DESIGNER,MindShift Interactive Private Limited,Porvorim,FULL-TIME,Posted 6 years ago,https://startupgoa.org/job/mindshift-interactive-private-limited-goa-full-time-hr/
SENIOR NETWORK ENGINEER,Frontline Managed Services,Porvorim,FULL-TIME,Posted 6 years ago,https://startupgoa.org/job/intelliteach-offshore-pvt-ltd-goa-full-time-senior-network-engineer/
ITIL CHANGE MANAGER,Frontline Managed Services,Porvorim,FULL-TIME,Posted 6 years ago,https://startupgoa.org/job/intelliteach-offshore-pvt-ltd-goa-full-time-itil-change-manager/
SME – NETWORK AND VOICE,Frontline Managed Services,Porvorim,FULL-TIME,Posted 6 years ago,https://startupgoa.org/job/intelliteach-offshore-pvt-ltd-goa-full-time-sme-network-and-voice/
STORAGE ADMINISTRATOR,Frontline Managed Services,Porvorim,FULL-TIME,Posted 6 years ago,https://startupgoa.org/job/intelliteach-offshore-pvt-ltd-goa-full-time-storage-administrator/
TEAM LEAD – PRODUCT DEVELOPMENT,Xenerx,Porvorim,FULL-TIME,Posted 6 years ago,https://startupgoa.org/job/xenerx-full-time-team-lead-product-development/
FULL STACK JAVA DEVELOPER,Xenerx,Porvorim,FULL-TIME,Posted 6 years ago,https://startupgoa.org/job/xenerx-full-time-full-stack-java-developer/
LEAD – DIGITAL MARKETING,INFINITI Modules Pvt Limited,Pilerne,FULL-TIME,Posted 6 years ago,https://startupgoa.org/job/infiniti-modules-pvt-limited-pilerne-industrial-estate-goa-full-time-lead-digital-marketing/
SOCIAL MEDIA GURU,WHN DIGITAL,Mapusa,FULL-TIME,Posted 6 years ago,https://startupgoa.org/job/whn-digital-ucassaim-full-time-social-media-guru/
SR. UI/UX DESIGNER,Designway,Panjim,FULL-TIME,Posted 6 years ago,https://startupgoa.org/job/designway-india-full-time-sr-ui-ux-designer/
FRONTEND DEVELOPER,Ideas Unlimited Digital,Panjim,FULL-TIME,Posted 6 years ago,https://startupgoa.org/job/ideas-unlimited-digital-full-time-frontend-developer/
ACCOUNTING,Ebizsolution,Vasco,INTERNSHIP,Posted 6 years ago,https://startupgoa.org/job/ebizsolution-india-internship-accounting/
FRONT END DEVELOPER,Samasa Technologies,Panjim,FULL-TIME,Posted 6 years ago,https://startupgoa.org/job/samasa-technologies-full-time-front-end-developer-2/
JAVA DEVELOPER,Samasa Technologies,Panjim,FULL-TIME,Posted 6 years ago,https://startupgoa.org/job/samasa-technologies-panjim-full-time-java-developer-2/
TEAM LEAD,Samasa Technologies,Panjim,FULL-TIME,Posted 6 years ago,https://startupgoa.org/job/samasa-technologies-full-time-team-lead-2/
IOS DEVELOPER,Helix Tech,Porvorim,FULL-TIME,Posted 6 years ago,https://startupgoa.org/job/helix-tech-goa-full-time-ios-developer-2/
ANDROID DEVELOPER,Coderun LLP,Margao,FULL-TIME,Posted 6 years ago,https://startupgoa.org/job/coderun-llp-south-goa-full-time-android-developer/
SERVICE ENGINEER,Visiontek,Margao,FULL-TIME,Posted 6 years ago,https://startupgoa.org/job/visiontek-south-goa-full-time-service-engineer/
DIGITAL MARKETING EXECUTIVE,Cravium Foods LLP,Verna,FULL-TIME,Posted 6 years ago,https://startupgoa.org/job/cravium-foods-llp-goa-full-time-digital-marketing-executive/
PHP DEVELOPER,Litebulb.in,Panjim,FREELANCE,Posted 6 years ago,https://startupgoa.org/job/litebulb-in-freelance-php-developer-2/
SENIOR UI/FRONTEND DEVELOPER,TenTwenty,Mapusa,FULL-TIME,Posted 6 years ago,https://startupgoa.org/job/tentwenty-goa-full-time-senior-ui-frontend-developer/
SENIOR NODE.JS/JAVASCRIPT – BACKEND DEVELOPER,TenTwenty,Mapusa,FULL-TIME,Posted 6 years ago,https://startupgoa.org/job/tentwenty-goa-full-time-senior-node-js-javascript-backend-developer/
PERSONAL ASSISTANT,Planet Earthlings,Other,FULL-TIME,Posted 6 years ago,https://startupgoa.org/job/planet-earthlings-siolim-goa-full-time-part-time-personal-assistant/
UI/UX DEVELOPER & DESIGNER,Jobs for Goan,Panjim,FULL-TIME,Posted 6 years ago,https://startupgoa.org/job/jobs-for-goan-full-time-ui-ux-developer-designer/
SOCIAL MEDIA MANAGER,Jobs for Goan,Porvorim,FULL-TIME,Posted 6 years ago,https://startupgoa.org/job/jobs-for-goan-full-time-social-media-manager/
PHP DEVELOPER,Goa Web Tech,Margao,FULL-TIME,Posted 6 years ago,https://startupgoa.org/job/goa-web-tech-margao-full-time-php-develper/
ADOPS EXECUTIVE,Appxigo Media,Anjuna,FULL-TIME,Posted 6 years ago,https://startupgoa.org/job/appxigo-media-vagator-goa-full-time-adops-executive/
GRAPHIC DESIGNING INTERN,Digit Cure,Panjim,INTERNSHIP,Posted 6 years ago,https://startupgoa.org/job/digit-cure-internship-graphic-designing-intern/
FULL-STACK DEVELOPER,Unexplored Goa,Panjim,FULL-TIME,Posted 6 years ago,https://startupgoa.org/job/unexplored-goa-panaji-full-time-full-stack-developer/
WEB- GRAPHIC DESIGNER,Webware.io,Panjim,FULL-TIME,Posted 6 years ago,https://startupgoa.org/job/webware-io-goa-full-time-web-graphic-designer-4/
FRONT END DEVELOPER,Samasa Technologies,Panjim,FULL-TIME,Posted 6 years ago,https://startupgoa.org/job/samasa-technologies-full-time-front-end-developer/
JAVA DEVELOPER,Samasa Technologies,Panjim,FULL-TIME,Posted 6 years ago,https://startupgoa.org/job/samasa-technologies-panjim-full-time-java-developer/
PHP DEVELOPER WITH MIN 1 YEAR RELEVANT EXPERIENCE ( 2 POSTS ),WebFills,Margao,FULL-TIME,Posted 6 years ago,https://startupgoa.org/job/webfills-margao-and-ponda-full-time-php-developer-with-min-1-year-relevant-experience-2-posts/
DIGITAL MARKETING EXECUTIVE,Jobs for Goan,Porvorim,FULL-TIME,Posted 6 years ago,https://startupgoa.org/job/jobs-for-goan-porvorim-full-time-digital-marketing-executive/
FULL STACK JAVA PROGRAMMER,Jobs for Goan,Panjim,FULL-TIME,Posted 6 years ago,https://startupgoa.org/job/jobs-for-goan-panjim-full-time-full-stack-java-programmer/
DIGITAL TECH INTERN,Weddingsdegoa,Mapusa,FULL-TIME,Posted 6 years ago,https://startupgoa.org/job/whn-digital-ucassaim-internship-social-media-intern/
BUSINESS DEVELOPMENT MANAGER,Hypercube Technologies,Panjim,FULL-TIME,Posted 6 years ago,https://startupgoa.org/job/hypercube-technologies-full-time-business-development-manager-2/
SOCIAL MEDIA MANAGER,Hypercube Technologies,Panjim,FULL-TIME,Posted 6 years ago,https://startupgoa.org/job/hypercube-technologies-full-time-social-media-manager/
BUSINESS DEVELOPMENT MANAGER,Appxigo Media,Anjuna,FULL-TIME,Posted 6 years ago,https://startupgoa.org/job/appxigo-media-vagator-goa-full-time-business-development-manager/
BUSINESS DEVELOPMENT EXECUTIVE,Jobs for Goan,Panjim,FULL-TIME,Posted 6 years ago,https://startupgoa.org/job/jobs-for-goan-panjim-full-time-business-development-executive/
EXECUTIVE ASSISTANT,Jobs for Goan,Panjim,FULL-TIME,Posted 6 years ago,https://startupgoa.org/job/jobs-for-goan-panjim-full-time-executive-assistant/
ACCOUNT MANAGER (CLIENT SERVICING- DIGITAL MARKETING),Jobs for Goan,Porvorim,FULL-TIME,Posted 6 years ago,https://startupgoa.org/job/jobs-for-goan-porvorim-full-time-account-manager-client-servicing-digital-marketing/
SOCIAL MEDIA EXECUTIVE,Jobs for Goan,Porvorim,FULL-TIME,Posted 6 years ago,https://startupgoa.org/job/jobs-for-goan-porvorim-full-time-social-media-executive-2/
GRAPHIC DESIGNER,Jobs for Goan,Porvorim,FULL-TIME,Posted 6 years ago,https://startupgoa.org/job/jobs-for-goan-porvorim-full-time-graphic-designer/
ADMIN – HR ASSISTANCE,Ideas Unlimited Digital,Panjim,FULL-TIME,Posted 6 years ago,https://startupgoa.org/job/ideas-unlimited-digital-full-time-admin-hr-assistance/
DIGITAL MARKETING MANAGER,Ideas Unlimited Digital,Panjim,FULL-TIME,Posted 6 years ago,https://startupgoa.org/job/ideas-unlimited-digital-goa-full-time-digital-marketing-manager/
FREELANCER GRAPHIC DESIGNER,GM365,Panjim,FREELANCE,Posted 6 years ago,https://startupgoa.org/job/gm365-panjim-freelance-freelancer-graphic-designer/
PHP MAGENTO DEVELOPER,This Is Crowd,Mapusa,FULL-TIME,Posted 6 years ago,https://startupgoa.org/job/this-is-crowd-mapusa-full-time-php-magento-developer/
BUSINESS DEVELOPMENT EXECUTIVE,iTours,Other,FULL-TIME,Posted 6 years ago,https://startupgoa.org/job/itours-pune-full-time-business-development-executive/
DIGITAL MARKETING MANAGER,Matcha Tea Company,Other,INTERNSHIP,Posted 6 years ago,https://startupgoa.org/job/matcha-tea-company-internship-digital-marketing-manager/
GRAPHIC DESIGNER,Mind Sports League Pvt Ltd,Panjim,INTERNSHIP,Posted 6 years ago,https://startupgoa.org/job/mind-sports-league-pvt-ltd-goa-internship-graphic-designer/
FRONTEND DEVELOPER,Designway,Panjim,FULL-TIME,Posted 6 years ago,https://startupgoa.org/job/designway-india-full-time-frontend-developer-5/
SALES REPRESENTATIVE,Designway,Panjim,FULL-TIME,Posted 6 years ago,https://startupgoa.org/job/designway-t4-block-a-3rd-floor-jairam-complex-mala-full-time-sales-representative-2/
DIGITAL MARKETING MANAGER,Photojaanic,Mapusa,FULL-TIME,Posted 6 years ago,https://startupgoa.org/job/photojaanic-goa-full-time-digital-marketing-manager/
ASSISTANT PRODUCTION MANAGER,Photojaanic,Mapusa,FULL-TIME,Posted 6 years ago,https://startupgoa.org/job/photojaanic-goa-full-time-assistant-production-manager/
PHP DEVELOPER,FabCoders,Panjim,FULL-TIME,Posted 6 years ago,https://startupgoa.org/job/fabcoders-full-time-php-developer-2/
FULL STACK WEB DEVELOPER,Unexplored Goa,Panjim,FULL-TIME,Posted 6 years ago,https://startupgoa.org/job/unexplored-goa-panaji-full-time-full-stack-web-developer-3/
JAVA DEVELOPER,Samasa Technologies,Panjim,FULL-TIME,Posted 6 years ago,https://startupgoa.org/job/samasa-technologies-full-time-java-developer/
FULL STACK WEB DEVELOPER,Intuio Software Labs Private Limited,Margao,FULL-TIME,Posted 6 years ago,https://startupgoa.org/job/intuio-software-labs-private-limited-full-time-full-stack-web-developer/
WEBSITE DESIGNER & DEVELOPER,Leigia Solutions,Panjim,FULL-TIME,Posted 6 years ago,https://startupgoa.org/job/leigia-solutions-full-time-website-designer-developer/
WEB SALES / TELESALES / INSIDE SALES EXECUTIVES,Leigia Solutions,Panjim,FULL-TIME,Posted 6 years ago,https://startupgoa.org/job/leigia-solutions-full-time-web-sales-telesales-inside-sales-executives-2/
VACANCIES,Daniel,Calangute,FULL-TIME,Posted 6 years ago,https://startupgoa.org/job/daniel-full-time-vacancies/
MARKETING SPECIALIST,Self,Panjim,FREELANCE,Posted 6 years ago,https://startupgoa.org/job/self-porvorim-freelance-marketing-specialist/
JUNIOR FRONT-END DEVELOPER,Bluestream.io,Panjim,FULL-TIME,Posted 6 years ago,https://startupgoa.org/job/bluestream-io-goa-full-time-junior-full-stack-developer/
JUNIOR UX / UI DESIGNER,Bluestream.io,Panjim,FULL-TIME,Posted 6 years ago,https://startupgoa.org/job/bluestream-io-goa-full-time-ux-ui-designer/
CAPTAIN INTERN,OYO,Other,INTERNSHIP,Posted 6 years ago,https://startupgoa.org/job/oyo-goa-internship-captain-intern/
PHP DEVELOPERS,Sapnagroup,Panjim,FULL-TIME,Posted 6 years ago,https://startupgoa.org/job/sapnagroup-panjim-full-time-php-developers/
CAMPAIGN EXECUTIVE – FRESHERS,Mobobeat,Mapusa,FULL-TIME,Posted 6 years ago,https://startupgoa.org/job/mobobeat-goa-full-time-campaign-executive-freshers/
ACCOUNT MANAGER – BUSINESS DEVELOPMENT – MAPUSA,Mobobeat,Mapusa,FULL-TIME,Posted 6 years ago,https://startupgoa.org/job/mobobeat-full-time-account-manager-business-development-mapusa/
WEB CONTENT WRITER,BookAnywhere India,Mapusa,FULL-TIME,Posted 6 years ago,https://startupgoa.org/job/bookanywhere-india-goa-full-time-web-content-writer/
SEARCH ENGINE OPTIMIZATION SPECIALIST,BookAnywhere India,Mapusa,FULL-TIME,Posted 6 years ago,https://startupgoa.org/job/bookanywhere-india-goa-full-time-search-engine-optimization-specialist/
ANDROID DEVELOPER,Genora Infotech Private Limited,Margao,FULL-TIME,Posted 6 years ago,https://startupgoa.org/job/genora-infotech-private-limited-margaon-full-time-android-developer/
IOS DEVELOPER,Genora Infotech Private Limited,Margao,FULL-TIME,Posted 6 years ago,https://startupgoa.org/job/genora-infotech-private-limited-margaon-full-time-ios-developer/
TELE CALLER | SALES AND BUSINESS DEVELOPMENT ASSOCIATE,BookAnywhere India,Mapusa,FULL-TIME,Posted 6 years ago,https://startupgoa.org/job/bookanywhere-india-goa-full-time-tele-caller-sales-and-business-development-associate-2/
TELE CALLER | SALES AND BUSINESS DEVELOPMENT ASSOCIATE,BookAnywhere India,Mapusa,FULL-TIME,Posted 6 years ago,https://startupgoa.org/job/bookanywhere-india-goa-full-time-tele-caller-sales-and-business-development-associate/
SOFTWARE TECH SUPPORT EXECUTIVE,Cybercad Technologies,Ponda,FULL-TIME,Posted 6 years ago,https://startupgoa.org/job/cybercad-technologies-ponda-full-time-software-tech-support-executive/
GRAPHIC DESIGNER,Genora Infotech Pvt Ltd,Margao,FULL-TIME,Posted 6 years ago,https://startupgoa.org/job/genora-infotech-pvt-ltd-goa-full-time-graphic-designer-2/
IOS DEVELOPER,Genora Infotech Pvt Ltd,Margao,FULL-TIME,Posted 6 years ago,https://startupgoa.org/job/genora-infotech-pvt-ltd-goa-full-time-ios-developer/
SOFTWARE TESTER,Genora Infotech Pvt Ltd,Margao,FULL-TIME,Posted 6 years ago,https://startupgoa.org/job/genora-infotech-pvt-ltd-goa-full-time-software-tester/
UI (USER INTERFACE) DEVELOPER,Webware.io,Panjim,FULL-TIME,Posted 6 years ago,https://startupgoa.org/job/webware-io-goa-full-time-ui-user-interface-developer-6/
WEB- GRAPHIC DESIGNER,Webware.io,Panjim,FULL-TIME,Posted 6 years ago,https://startupgoa.org/job/webware-io-goa-full-time-web-graphic-designer-2/
SOCIAL MEDIA EXECUTIVE,Brizzo Digital,Panjim,FULL-TIME,Posted 6 years ago,https://startupgoa.org/job/brizzo-digital-panaji-goa-full-time-social-media-executive/
QA SOFTWARE TESTING,Webware.io,Panjim,FULL-TIME,Posted 6 years ago,https://startupgoa.org/job/webware-io-goa-full-time-qa-software-testing/
QA ANALYST,Webware.io,Panjim,FULL-TIME,Posted 6 years ago,https://startupgoa.org/job/webware-io-panjim-goa-full-time-qa-analyst-4/
UI DEVELOPER,Samasa Technologies,Panjim,FULL-TIME,Posted 6 years ago,https://startupgoa.org/job/samasa-technologies-verna-full-time-ui-developer-5/
GRAPHIC DESIGNER,ArtBox Global,Mapusa,FULL-TIME,Posted 6 years ago,https://startupgoa.org/job/artbox-global-full-time-graphic-designer/
JAVA DEVELOPER,Samasa Technologies,Panjim,INTERNSHIP,Posted 6 years ago,https://startupgoa.org/job/samasa-technologies-internship-java-developer-2/
PHP DEVELOPER – CODEIGNITER,Samasa Technologies,Panjim,FULL-TIME,Posted 6 years ago,https://startupgoa.org/job/samasa-technologies-full-time-php-developer-codeigniter/
FULL STACK DEVELOPER,Shunya.ek,Morjim,FULL-TIME,Posted 6 years ago,https://startupgoa.org/job/shunya-ek-goa-full-time-full-stack-developer/
FRONT END DEVELOPER,Shunya.ek,Morjim,FULL-TIME,Posted 6 years ago,https://startupgoa.org/job/shunya-ek-goa-full-time-front-end-developer/
ANDROID DEVELOPER,Internship Station,Margao,FULL-TIME,Posted 6 years ago,https://startupgoa.org/job/internship-station-goa-full-time-android-developer/
FULL STACK DEVELOPER,Internship Station,Margao,INTERNSHIP,Posted 6 years ago,https://startupgoa.org/job/internship-station-goa-internship-full-stack-developer/
SALES & MARKETING INTERNS,Go technologies,Porvorim,INTERNSHIP,Posted 6 years ago,https://startupgoa.org/job/go-technologies-porvorim-goa-internship-sales-marketing-interns/
EXPERIENCES TOUR GUIDE ( BICYCLING / TREKS / CAMPS),CyclingZens,Calangute,FULL-TIME,Posted 6 years ago,https://startupgoa.org/job/cyclingzens-north-goa-arpora-full-time-experiences-tour-guide-bicycling-treks-camps/
ANDROID DEVELOPER,Helix Tech,Porvorim,FULL-TIME,Posted 6 years ago,https://startupgoa.org/job/helix-tech-full-time-android-developer/
DIGITAL MARKETING EXECUTIVE,RV Solutions,Porvorim,FULL-TIME,Posted 6 years ago,https://startupgoa.org/job/rv-solutions-porvorim-full-time-digital-marketing-executive/
INSIDE SALES EXECUTIVE,RV Solutions,Mapusa,FULL-TIME,Posted 6 years ago,https://startupgoa.org/job/rv-solutions-full-time-inside-sales-executive/
"WORDPRESS/PHP WEB DEVELOPER (HTML5, CSS, JS + BACKEND)",Brizzo Digital,Panjim,FULL-TIME,Posted 6 years ago,https://startupgoa.org/job/brizzo-digital-panaji-full-time-experienced-full-stack-web-developer-for-digital-marketing-agency/
COURIER DELIVERY BOY,BLITS Group of Companies,Vasco,FULL-TIME,Posted 6 years ago,https://startupgoa.org/job/blits-group-of-companies-full-time-courier-delivery-boy/
ASSISTANT ACCOUNTANT,BLITS Group of Companies,Vasco,FULL-TIME,Posted 6 years ago,https://startupgoa.org/job/blits-group-of-companies-vasco-da-gama-goa-full-time-assistant-accountant/
OPERATIONS SUPERVISOR,Brunch bites,Vasco,FULL-TIME,Posted 6 years ago,https://startupgoa.org/job/brunch-bites-vasco-full-time-operations-supervisor/
ANDROID/ IOS DEVELOPER,FabCoders,Panjim,FULL-TIME,Posted 6 years ago,https://startupgoa.org/job/fabcoders-panjim-full-time-android-ios-developer-2/
SOCIAL MEDIA EXECUTIVE,Unexplored Goa,Panjim,FULL-TIME,Posted 6 years ago,https://startupgoa.org/job/unexplored-goa-full-time-social-media-executive/
SOCIAL MEDIA MARKETING MANAGER,Mystic Architects,Margao,FULL-TIME,Posted 6 years ago,https://startupgoa.org/job/mystic-architects-full-time-social-media-marketing-manager/
SOCIAL MEDIA MARKETING INTERN,Mystic Architects,Margao,INTERNSHIP,Posted 6 years ago,https://startupgoa.org/job/mystic-architects-margao-goa-internship-social-media-marketing-intern/
FULL STACK WEB DEVELOPER,Unexplored Goa,Panjim,FULL-TIME,Posted 6 years ago,https://startupgoa.org/job/unexplored-goa-full-time-full-stack-web-developer-2/
SERVER ADMINISTRATOR,CodeMax IT Solutions Pvt. Ltd,Margao,FULL-TIME,Posted 6 years ago,https://startupgoa.org/job/codemax-it-solutions-pvt-ltd-goa-full-time-server-administrator/
PROJECT COORDINATOR,Photojaanic,Mapusa,FULL-TIME,Posted 6 years ago,https://startupgoa.org/job/photojaanic-goa-full-time-project-manager/
OFFICE EXECUTIVE,Goicar Self Drive car Rental,Mapusa,FULL-TIME,Posted 6 years ago,https://startupgoa.org/job/goicar-self-drive-car-rental-mapusa-full-time-office-executive/
SENIOR FRONT-END DEVELOPER,Creative Capsule Infotech (I) Pvt. Ltd.,Verna,FULL-TIME,Posted 6 years ago,https://startupgoa.org/job/creative-capsule-infotech-i-pvt-ltd-full-time-senior-front-end-developer/
BLOG WRITER,Webware.io,Panjim,FULL-TIME,Posted 6 years ago,https://startupgoa.org/job/webware-io-goa-full-time-blog-writer-4/
MOBILE DEVELOPER,Litebulb.in,Panjim,FREELANCE,Posted 6 years ago,https://startupgoa.org/job/litebulb-in-panjim-freelance-mobile-developer/
SUPPORT EXECUTIVE ROLE FOR FRESHERS,Vacation Labs,Porvorim,FULL-TIME,Posted 6 years ago,https://startupgoa.org/job/vacation-labs-goa-full-time-support-executive-role-for-freshers/
JUNIOR DEVELOPER,FabCoders,Panjim,FULL-TIME,Posted 6 years ago,https://startupgoa.org/job/fabcoders-panjim-full-time-junior-developer/
SENIOR DEVELOPER,FabCoders,Panjim,FULL-TIME,Posted 6 years ago,https://startupgoa.org/job/fabcoders-panjim-full-time-senior-developer/
EXECUTIVE – FINANCE,91springboard,Panjim,FULL-TIME,Posted 6 years ago,https://startupgoa.org/job/91springboard-panaji-goa-full-time-executive-finance/
SALES,Concept Cocktail,Panjim,INTERNSHIP,Posted 6 years ago,https://startupgoa.org/job/concept-cocktail-internship-sales/
IT SUPPORT/ NETWORK ENGINEER,FabCoders,Panjim,FULL-TIME,Posted 6 years ago,https://startupgoa.org/job/fabcoders-panjim-full-time-it-support-network-engineer/
TELE SALES / WEB SALES EXECUTIVE,Leigia Solutions,Panjim,FULL-TIME,Posted 6 years ago,https://startupgoa.org/job/leigia-solutions-full-time-tele-sales-web-sales-executive/
FIELD EXECUTIVE,COCO LENI,Pilerne,FULL-TIME,Posted 6 years ago,https://startupgoa.org/job/coco-leni-pilarne-goa-full-time-field-executive/
PAID INTERNSHIP -FRONTEND DEVELOPER ANGULAR,Mrinq Technologies LLP,Margao,INTERNSHIP,Posted 6 years ago,https://startupgoa.org/job/mrinq-technologies-llp-goa-internship-paid-internship-frontend-developer-angular/
PHP DEVELOPER,Litebulb.in,Panjim,FREELANCE,Posted 6 years ago,https://startupgoa.org/job/litebulb-in-freelance-internship-part-time-php-developer/
GRAPHIC DESIGNER / DTP OPERATOR,Alpha Creative,Panjim,FULL-TIME,Posted 7 years ago,https://startupgoa.org/job/alpha-creative-goa-full-time-dtp-operator/
FULL STACK DEVELOPER,RealLearning Technologies Private Limited,Panjim,FULL-TIME,Posted 7 years ago,https://startupgoa.org/job/reallearning-technologies-private-limited-panjim-full-time-full-stack-developer/
PHP LARAVEL DEVELOPER,CodeMax IT Solutions Pvt. Ltd,Margao,FULL-TIME,Posted 7 years ago,https://startupgoa.org/job/codemax-it-solutions-pvt-ltd-goa-full-time-php-laravel-developer/
FULL STACK DEVELOPER,CodeMax IT Solutions Pvt. Ltd,Margao,FULL-TIME,Posted 7 years ago,https://startupgoa.org/job/codemax-it-solutions-pvt-ltd-goa-full-time-full-stack-developer/
DIGITAL MARKETING EXECUTIVE,Photojaanic,Mapusa,FULL-TIME,Posted 7 years ago,https://startupgoa.org/job/photojaanic-goa-full-time-digital-marketing-executive/
CUSTOMER SERVICE LEAD,Photojaanic,Mapusa,FULL-TIME,Posted 7 years ago,https://startupgoa.org/job/photojaanic-goa-full-time-customer-service-executive-2/
BUSINESS DEVELOPMENT EXECUTIVE,Appxigo Media,Anjuna,FULL-TIME,Posted 7 years ago,https://startupgoa.org/job/appxigo-media-goa-full-time-business-development-executive/
ADOPS EXECUTIVE,Appxigo Media,Anjuna,FULL-TIME,Posted 7 years ago,https://startupgoa.org/job/appxigo-media-goa-full-time-adops-executive/
VIRTUAL ASSISTANT,Pro Model Service,Margao,FULL-TIME,Posted 7 years ago,https://startupgoa.org/job/pro-model-service-nuvem-goa-full-time-virtual-assistant/
DIGITAL MARKETING EXECUTIVE,Acron Developers Pvt. Ltd.,Other,FULL-TIME,Posted 7 years ago,https://startupgoa.org/job/acron-developers-pvt-ltd-goa-full-time-digital-marketing-executive-3/
SENIOR JAVA DEVELOPER,Samasa Technologies,Panjim,FULL-TIME,Posted 7 years ago,https://startupgoa.org/job/samasa-technologies-full-time-senior-java-developer/
MOBILE DEVELOPER,Samasa Technologies,Panjim,INTERNSHIP,Posted 7 years ago,https://startupgoa.org/job/samasa-technologies-internship-mobile-developer/
JAVA DEVELOPER,Samasa Technologies,Panjim,INTERNSHIP,Posted 7 years ago,https://startupgoa.org/job/samasa-technologies-internship-java-developer/
JR. SOFTWARE DEVELOPER,Arya Web Studio,Porvorim,FULL-TIME,Posted 7 years ago,https://startupgoa.org/job/arya-web-studio-porvorim-full-time-jr-software-developer/
COMMUNITY MANAGER,91springboard,Panjim,FULL-TIME,Posted 7 years ago,https://startupgoa.org/job/91springboard-full-time-community-manager/
VISUALIZER/SR. VISUALIZER/ART DIRECTOR,Jobs for Goan,Other,FULL-TIME,Posted 7 years ago,https://startupgoa.org/job/jobs-for-goan-dona-paula-full-time-visualizer-sr-visualizer-art-director/
EXECUTIVE ASSISTANT,Pro Model Service,Margao,FULL-TIME,Posted 7 years ago,https://startupgoa.org/job/pro-model-service-full-time-executive-assistant/
UI (USER INTERFACE) DEVELOPER,Webware.io,Panjim,FULL-TIME,Posted 7 years ago,https://startupgoa.org/job/webware-io-goa-full-time-ui-user-interface-developer-5/
QA ANALYST,Webware.io,Panjim,FULL-TIME,Posted 7 years ago,https://startupgoa.org/job/webware-io-panjim-goa-full-time-qa-analyst-3/
SENIOR SOFTWARE DEVELOPER,2ordr International LLC,Mapusa,FULL-TIME,Posted 7 years ago,https://startupgoa.org/job/2ordr-international-llc-goa-full-time-senior-software-developer/
WEB- GRAPHIC DESIGNER,Webware.io,Panjim,FULL-TIME,Posted 7 years ago,https://startupgoa.org/job/webware-io-goa-full-time-web-graphic-designer-3/
SENIOR SALES EXECUTIVE,CodeBurg,Mapusa,FULL-TIME,Posted 7 years ago,https://startupgoa.org/job/codeburg-goa-full-time-senior-sales-executive/
SALES & MARKETING EXECUTIVE,CodeBurg,Mapusa,FULL-TIME,Posted 7 years ago,https://startupgoa.org/job/codeburg-goa-full-time-sales-marketing-executive-2/
ADMIN ASSISTANT,freethink LLP,Panjim,FULL-TIME,Posted 7 years ago,https://startupgoa.org/job/freethink-llp-full-time-admin-assistant/
GRAPHIC/WEB DESIGNER,Acron Developers Pvt. Ltd.,Other,FULL-TIME,Posted 7 years ago,https://startupgoa.org/job/acron-developers-pvt-ltd-candolim-goa-full-time-graphic-web-designer/
TEAM LEAD – LEAD GENERATION,Webware.io,Panjim,FULL-TIME,Posted 7 years ago,https://startupgoa.org/job/webware-io-goa-full-time-team-lead-lead-generation/
WEB TECH ASSOCIATE,WHN DIGITAL,Mapusa,FULL-TIME,Posted 7 years ago,https://startupgoa.org/job/whn-digital-ucassaim-full-time-web-tech-associate/
CLIENT RELATIONSHIP ASSOCIATE,WHN DIGITAL,Mapusa,FULL-TIME,Posted 7 years ago,https://startupgoa.org/job/whn-digital-ucassaim-goa-full-time-client-relationship-associate/
SOCIAL MEDIA INTERN & CONTENT WRITER,WHN DIGITAL,Mapusa,INTERNSHIP,Posted 7 years ago,https://startupgoa.org/job/whn-digital-goa-full-time-social-media-content-writer/
FULL STACK ENGINEER,Appxigo Media,Anjuna,FULL-TIME,Posted 7 years ago,https://startupgoa.org/job/appxigo-media-full-time-fullstack-engineer/
DIGITAL MARKETING / SEO,MediaisYou,Porvorim,FULL-TIME,Posted 7 years ago,https://startupgoa.org/job/mediaisyou-goa-full-time-digital-marketing-seo/
SENIOR TEAM LEADER & FULL-STACK DEVELOPER,TenTwenty,Mapusa,FULL-TIME,Posted 7 years ago,https://startupgoa.org/job/tentwenty-goa-full-time-senior-full-stack-team-leader-backend-developer/
SENIOR UI/FRONTEND DEVELOPER,TenTwenty,Mapusa,FULL-TIME,Posted 7 years ago,https://startupgoa.org/job/tentwenty-full-time-senior-ui-frontend-developer/
TECH INTERN,Shunya.ek Techologies,Morjim,FULL-TIME,Posted 7 years ago,https://startupgoa.org/job/shunya-ek-techologies-goa-full-time-tech-intern/
FRONT END DEVELOPER,Shunya.ek Techologies,Morjim,FULL-TIME,Posted 7 years ago,https://startupgoa.org/job/shunya-ek-techologies-goa-full-time-front-end-developer/
FULL STACK DEVELOPER,Shunya.ek Techologies,Morjim,FULL-TIME,Posted 7 years ago,https://startupgoa.org/job/shunya-ek-techologies-goa-full-time-full-stack-developer/
IT SUPPORT EXECUTIVE,FabCoders,Panjim,FULL-TIME,Posted 7 years ago,https://startupgoa.org/job/fabcoders-panjim-full-time-it-support-executive/
IOS DEVELOPER,FabCoders,Panjim,FULL-TIME,Posted 7 years ago,https://startupgoa.org/job/fabcoders-panjim-full-time-ios-developer-2/
WORDPRESS DEVELOPER,FabCoders,Panjim,FULL-TIME,Posted 7 years ago,https://startupgoa.org/job/fabcoders-panjim-full-time-wordpress-developer-2/
ANDROID DEVELOPER,FabCoders,Panjim,FULL-TIME,Posted 7 years ago,https://startupgoa.org/job/fabcoders-panjim-full-time-android-developer/
PROJECT MANAGER,FabCoders,Panjim,FULL-TIME,Posted 7 years ago,https://startupgoa.org/job/fabcoders-panjim-full-time-project-manager/
PHP DEVELOPER,FabCoders,Panjim,FULL-TIME,Posted 7 years ago,https://startupgoa.org/job/fabcoders-panjim-full-time-php-developer-2/
JAVA DEVELOPER,FabCoders,Panjim,FULL-TIME,Posted 7 years ago,https://startupgoa.org/job/fabcoders-panjim-full-time-java-developer/
C# DEVELOPER,FabCoders,Panjim,FULL-TIME,Posted 7 years ago,https://startupgoa.org/job/fabcoders-panjim-full-time-c-developer-2/
DIGITAL MARKETING EXECUTIVE,Leigia Solutions,Panjim,FULL-TIME,Posted 7 years ago,https://startupgoa.org/job/leigia-solutions-full-time-digital-marketing-executive/
HR EXECUTIVE,El Shaddai Charitable Trust,Anjuna,FULL-TIME,Posted 7 years ago,https://startupgoa.org/job/el-shaddai-charitable-trust-assagao-full-time-hr-executive-3/
TECHNICAL MARKETING ENGINEER,tej - Software Intelligence Solutions,Panjim,FULL-TIME,Posted 7 years ago,https://startupgoa.org/job/tej-software-intelligence-solutions-st-inez-full-time-technical-marketing-engineer/
GRAPHIC DESIGNER,Fuel Design Co,Panjim,FULL-TIME,Posted 7 years ago,https://startupgoa.org/job/fuel-design-co-goa-full-time-graphic-designer/
SENIOR ANDROID DEVELOPER,TenTwenty,Mapusa,FULL-TIME,Posted 7 years ago,https://startupgoa.org/job/tentwenty-full-time-android-developer-2/
SENIOR IOS DEVELOPER,TenTwenty,Mapusa,FULL-TIME,Posted 7 years ago,https://startupgoa.org/job/tentwenty-full-time-ios-developer-2/
ACCOUNTANT,Content Round the Clock,Porvorim,FULL-TIME,Posted 7 years ago,https://startupgoa.org/job/content-round-the-clock-porvorim-full-time-accountant/
BUSINESS DEVELOPMENT OFFICERS,Yacht Life Goa,Panjim,FULL-TIME,Posted 7 years ago,https://startupgoa.org/job/yacht-life-goa-goa-full-time-business-development-officers/
ACCOUNTS OFFICER,Photojaanic,Mapusa,FULL-TIME,Posted 7 years ago,https://startupgoa.org/job/photojaanic-goa-full-time-accounts-officer/
UI DEVELOPER,Samasa Technologies,Verna,FULL-TIME,Posted 7 years ago,https://startupgoa.org/job/samasa-technologies-verna-full-time-ui-developer-4/
SENIOR JAVA DEVELOPER,Samasa Technologies,Verna,FULL-TIME,Posted 7 years ago,https://startupgoa.org/job/samasa-technologies-verna-full-time-senior-java-developer-3/
JAVA DEVLOPER,Samasa Technologies,Verna,FULL-TIME,Posted 7 years ago,https://startupgoa.org/job/samasa-technologies-vernagoa-full-time-java-devloper-3/
NODE.JS DEVELOPER,Octalogic Tech,Panjim,FULL-TIME,Posted 7 years ago,https://startupgoa.org/job/octalogic-tech-panjim-goa-full-time-node-js-developer/
SEO SPECIALIST,Photojaanic,Mapusa,FULL-TIME,Posted 7 years ago,https://startupgoa.org/job/photojaanic-goa-full-time-seo-specialist-2/
UI/UX DESIGNER,Photojaanic,Mapusa,FREELANCE,Posted 7 years ago,https://startupgoa.org/job/photojaanic-goa-freelance-full-time-ui-ux-designer-2/
CONTENT WRITER,Photojaanic,Mapusa,FULL-TIME,Posted 7 years ago,https://startupgoa.org/job/photojaanic-goa-full-time-content-writer/
DIGITAL MARKETING/SERVICE ANALYST (FRENCH),Webware.io,Panjim,FULL-TIME,Posted 7 years ago,https://startupgoa.org/job/webware-io-ribandar-goa-full-time-digital-marketing-service-analyst-french/
SOCIAL MEDIA MANAGER JULY 2019,TeaTrunk.com,Porvorim,FULL-TIME,Posted 7 years ago,https://startupgoa.org/job/teatrunk-com-chogm-road-full-time-social-media-manager-july-2019/
IOS DEVELOPER,FabCoders,Panjim,FULL-TIME,Posted 7 years ago,https://startupgoa.org/job/fabcoders-panjim-full-time-ios-developer/
PHP DEVELOPER WITH 3 YEARS EXPERIENCE,Imagefile,Panjim,FULL-TIME,Posted 7 years ago,https://startupgoa.org/job/imagefile-panjim-full-time-php-developer-with-3-years-experience/
URGENT REQUIREMENT – CONTENT WRITERS,Content Round the Clock,Porvorim,FULL-TIME,Posted 7 years ago,https://startupgoa.org/job/content-round-the-clock-porvorim-full-time-urgent-requirement-content-writers/
REACT DEVELOPER,FabCoders,Panjim,FULL-TIME,Posted 7 years ago,https://startupgoa.org/job/fabcoders-panjim-full-time-react-developer/
INTERNSHIP FOR DIGITAL MARKETING,Digital Drop,Vasco,FULL-TIME,Posted 7 years ago,https://startupgoa.org/job/digital-drop-vasco-full-time-internship-internship-for-digital-marketing/
TRAINEE DEVELOPER/ PROGRAMMERS / ENGINEERS ( APPRENTICESHIP PROGRAM),Tangentia,Porvorim,FULL-TIME,Posted 7 years ago,https://startupgoa.org/job/tangentia-porvorim-north-goa-full-time-trainee-developer-programmers-engineers-apprenticeship-program/
SENIOR JAVA DEVELOPER,Numadic,Panjim,FULL-TIME,Posted 7 years ago,https://startupgoa.org/job/numadic-full-time-senior-java-developer/
WEB SALES / TELESALES / INSIDE SALES EXECUTIVES,Leigia Solutions,Panjim,FULL-TIME,Posted 7 years ago,https://startupgoa.org/job/leigia-solutions-full-time-web-sales-telesales-inside-sales-executives/
SOFTWARE ENGINEERS,GradeSet Ltd,Margao,FULL-TIME,Posted 7 years ago,https://startupgoa.org/job/gradeset-ltd-goa-full-time-ceo/
CALL SUPPORT EXECUTIVES FOR INTERNET COMPANY,JETWAY NETWORKS PRIVATE LIMITED,Porvorim,FULL-TIME,Posted 7 years ago,https://startupgoa.org/job/jetway-networks-private-limited-full-time-call-support-executives-for-internet-company/
REQUIRED SALES EXECUTIVES FOR INTERNET COMPANY IN PORVORIM,JETWAY NETWORKS PRIVATE LIMITED,Porvorim,FULL-TIME,Posted 7 years ago,https://startupgoa.org/job/jetway-networks-private-limited-full-time-required-sales-executives-for-internet-company-in-porvorim/
SOFTWARE DEVELOPER (FRESHER),freethink,Panjim,FULL-TIME,Posted 7 years ago,https://startupgoa.org/job/freethink-panjim-full-time-software-developer-fresher/
"NODEJS ,REACTJS",CodeBurg,Mapusa,FULL-TIME,Posted 7 years ago,https://startupgoa.org/job/codeburg-goa-full-time-nodejs-reactjs/
QA ANALYST,Webware.io,Panjim,FULL-TIME,Posted 7 years ago,https://startupgoa.org/job/webware-io-panjim-goa-full-time-qa-analyst-2/
ANDROID DEVELOPER,CodeBurg,Mapusa,FULL-TIME,Posted 7 years ago,https://startupgoa.org/job/codeburg-goa-full-time-android-developer/
ANGULAR & IONIC DEVELOPER,CodeBurg,Mapusa,FULL-TIME,Posted 7 years ago,https://startupgoa.org/job/codeburg-goa-full-time-angular-ionic-developer/
MAILCHIMP MARKETING ANALYSTS,VEGA ECOMMERCE PTY LTD,Margao,FREELANCE,Posted 7 years ago,https://startupgoa.org/job/vega-ecommerce-pty-ltd-margoa-goa-freelance-full-time-internship-part-time-mailchimp-marketing-analysts/
UI/UX DESIGNER,svastek,Margao,FULL-TIME,Posted 7 years ago,https://startupgoa.org/job/svastek-margao-full-time-ui-ux-designer/
BUSINESS DEVELOPMENT INTERNS,Go technologies,Porvorim,PART-TIME,Posted 7 years ago,https://startupgoa.org/job/go-technologies-porvorim-part-time-business-development-interns/
TRAINEE SOFTWARE DEVELOPER,FabCoders,Panjim,FULL-TIME,Posted 7 years ago,https://startupgoa.org/job/fabcoders-panjim-full-time-trainee-software-developer/
SENIOR SOFTWARE DEVELOPER,Remote Software Solutions Pvt. Ltd.,Porvorim,FULL-TIME,Posted 7 years ago,https://startupgoa.org/job/remote-software-solutions-pvt-ltd-full-time-senior-software-developer/
WEB DEVELOPER,CodeMax IT Solutions Pvt. Ltd,Margao,FULL-TIME,Posted 7 years ago,https://startupgoa.org/job/codemax-it-solutions-pvt-ltd-goa-full-time-web-developer/
SENIOR SOFTWARE DEVELOPER (ASP .NET MVC) ( 2 POSTS ),2ordr International LLC,Mapusa,FULL-TIME,Posted 7 years ago,https://startupgoa.org/job/2ordr-international-llc-goa-full-time-senior-software-developer-asp-net-mvc-2-posts/
BUSINESS ANALYST,Umang Software Technologies Pvt Ltd,Margao,FULL-TIME,Posted 7 years ago,https://startupgoa.org/job/umang-software-technologies-pvt-ltd-full-time-business-analyst/
FULL STACK WEB DEVELOPER,Unexplored Goa,Panjim,FULL-TIME,Posted 7 years ago,https://startupgoa.org/job/unexplored-goa-full-time-full-stack-web-developer/
DIGITAL SERVICES ANALYST/MANAGER,Webware.io,Panjim,FULL-TIME,Posted 7 years ago,https://startupgoa.org/job/webware-io-goa-full-time-digital-services-analyst-manager-5/
BACKEND DEVELOPER,Photojaanic,Mapusa,FULL-TIME,Posted 7 years ago,https://startupgoa.org/job/photojaanic-goa-full-time-backend-developer/
CONTENT WRITER,Goa Timeline,Panjim,FULL-TIME,Posted 7 years ago,https://startupgoa.org/job/goa-timeline-goa-full-time-content-writer/
WEB DEVELOPER,Goa Timeline,Panjim,FULL-TIME,Posted 7 years ago,https://startupgoa.org/job/goa-timeline-goa-full-time-web-developer/
GRAPHIC DESIGNER,Goa Timeline,Panjim,FULL-TIME,Posted 7 years ago,https://startupgoa.org/job/goa-timeline-goa-full-time-graphic-designer/
BACK-END DEVELOPMENT TRAINER,Nova Semita,Panjim,FULL-TIME,Posted 7 years ago,https://startupgoa.org/job/nova-semita-goa-full-time-back-end-development-trainer/
FRONT-END DEVELOPMENT TRAINER,Nova Semita,Panjim,FULL-TIME,Posted 7 years ago,https://startupgoa.org/job/nova-semita-panaji-full-time-front-end-development-trainer/
MOBILE DEVELOPER – HYBRID,i-Flo Technologies,Porvorim,FULL-TIME,Posted 7 years ago,https://startupgoa.org/job/i-flo-technologies-full-time-mobile-developer-hybrid/
SOCIAL MEDIA EXECUTIVE,i-Flo Technologies,Porvorim,FULL-TIME,Posted 7 years ago,https://startupgoa.org/job/i-flo-technologies-full-time-social-media-executive/
GRAPHIC DESIGNER,i-Flo Technologies,Porvorim,FULL-TIME,Posted 7 years ago,https://startupgoa.org/job/i-flo-technologies-full-time-graphic-designer/
MARKETING COMMUNICATIONS EXECUTIVE,Photojaanic,Mapusa,FULL-TIME,Posted 7 years ago,https://startupgoa.org/job/photojaanic-mapusa-goa-full-time-marketing-communications-executive/
SOFTWARE DEVELOPMENT ENGINEER,PlanQube Technologies,Verna,FULL-TIME,Posted 7 years ago,https://startupgoa.org/job/planqube-technologies-kesarwale-full-time-software-development-engineer/
SEO,Satish brothers and Sons,Anjuna,FULL-TIME,Posted 7 years ago,https://startupgoa.org/job/satish-brothers-and-sons-india-full-time-seo/
MOBILE DEVELOPER,Octalogic Tech,Panjim,FULL-TIME,Posted 7 years ago,https://startupgoa.org/job/octalogic-tech-goa-full-time-internship-mobile-developer/
FULL STACK DEVELOPER,Octalogic Tech,Panjim,FULL-TIME,Posted 7 years ago,https://startupgoa.org/job/octalogic-tech-goa-full-time-internship-full-stack-developer-2/
FREELANCE CONTENT WRITER,Photojaanic,Mapusa,FULL-TIME,Posted 7 years ago,https://startupgoa.org/job/photojaanic-goa-full-time-content-writer-2/
FULL STACK DEVELOPER,Bay Leaf Digital,Panjim,FULL-TIME,Posted 7 years ago,https://startupgoa.org/job/bay-leaf-digital-goa-full-time-full-stack-developer/
FULL STACK WEB DEVELOPER,Unexplored Goa,Panjim,FULL-TIME,Posted 7 years ago,https://startupgoa.org/job/unexplored-goa-panaji-full-time-full-stack-web-developer-2/
SALES AND MARKETING EXECUTIVE,KAAVAY Enterprises Pvt. Ltd.,Verna,FULL-TIME,Posted 7 years ago,https://startupgoa.org/job/kaavay-enterprises-pvt-ltd-goa-full-time-sales-and-marketing-executive/
UI/UX DESIGNER,Photojaanic,Mapusa,FREELANCE,Posted 7 years ago,https://startupgoa.org/job/photojaanic-goa-freelance-full-time-ui-ux-designer/
DIGITAL MARKETER,Bay Leaf Digital,Vasco,FULL-TIME,Posted 7 years ago,https://startupgoa.org/job/bay-leaf-digital-goa-full-time-digital-marketer/
JAVA DEVLOPER,Samasa Technologies,Verna,FULL-TIME,Posted 7 years ago,https://startupgoa.org/job/samasa-technologies-vernagoa-full-time-java-devloper-2/
FRONTEND DEVELOPER,Samasa Technologies,Verna,FULL-TIME,Posted 7 years ago,https://startupgoa.org/job/samasa-technologies-verna-full-time-frontend-developer-4/
SENIOR JAVA DEVELOPER,Samasa Technologies,Verna,FULL-TIME,Posted 7 years ago,https://startupgoa.org/job/samasa-technologies-verna-full-time-senior-java-developer-2/
QUALITY ANALYST,Srijan Technologies Pvt. Ltd.,Porvorim,FULL-TIME,Posted 7 years ago,https://startupgoa.org/job/srijan-technologies-pvt-ltd-goa-full-time-quality-analyst/
DIGITAL MARKETER,Bay Leaf Digital,Vasco,FREELANCE,Posted 7 years ago,https://startupgoa.org/job/bay-leaf-digital-goa-freelance-digital-marketer/
FRESHERS – SOFTWARE ENGINEERING,Mrinq Technologies LLP,Margao,FULL-TIME,Posted 7 years ago,https://startupgoa.org/job/mrinq-technologies-llp-goa-india-full-time-freshers-software-engineering/
VIDEO EDITOR,Webware.io,Panjim,FULL-TIME,Posted 7 years ago,https://startupgoa.org/job/webware-io-goa-full-time-video-editor/
SENIOR FULL-STACK DEVELOPER,Webware.io,Panjim,FULL-TIME,Posted 7 years ago,https://startupgoa.org/job/webware-io-goa-full-time-senior-full-stack-developer-3/
ANDROID DEVELOPER – FREELANCE/PARTTIME,TenTwenty,Mapusa,FREELANCE,Posted 7 years ago,https://startupgoa.org/job/tentwenty-goa-freelance-part-time-android-developer-freelance-parttime/
IOS DEVELOPER – FREELANCE/PARTTIME,TenTwenty,Mapusa,FREELANCE,Posted 7 years ago,https://startupgoa.org/job/tentwenty-goa-freelance-part-time-ios-developer-freelance-parttime/
REACT DEVELOPER,MNC Company,Panjim,FULL-TIME,Posted 7 years ago,https://startupgoa.org/job/mnc-company-full-time-react-developer/
FULL-STACK DEVELOPERS,Dreamlogic Infosystems,Panjim,FULL-TIME,Posted 7 years ago,https://startupgoa.org/job/dreamlogic-infosystems-full-time-full-stack-developers/
UI (USER INTERFACE) DEVELOPER,Webware.io,Panjim,FULL-TIME,Posted 7 years ago,https://startupgoa.org/job/webware-io-goa-full-time-ui-user-interface-developer-4/
CUSTOMER SERVICE EXECUTIVE,Photojaanic,Mapusa,FULL-TIME,Posted 7 years ago,https://startupgoa.org/job/photojaanic-goa-full-time-customer-service-executive/
SENIOR SOFTWARE DEVELOPER AT PLUS INNOVATIONS,IdeaBridge,Porvorim,FULL-TIME,Posted 7 years ago,https://startupgoa.org/job/ideabridge-porvorim-full-time-senior-software-developer-at-plus-innovations/
DEVELOPER- PL/SQL,OneShield Software,Panjim,FULL-TIME,Posted 7 years ago,https://startupgoa.org/job/oneshield-software-panjim-goa-full-time-developer-pl-sql/
DEVELOPER- DOTNET,OneShield Software,Panjim,FULL-TIME,Posted 7 years ago,https://startupgoa.org/job/oneshield-software-panjim-goa-full-time-developer-dotnet/
DEVELOPER- JAVA,OneShield Software,Panjim,FULL-TIME,Posted 7 years ago,https://startupgoa.org/job/oneshield-software-panjim-goa-full-time-developer-java/
WEB DEVELOPER,Unexplored Goa,Panjim,FULL-TIME,Posted 7 years ago,https://startupgoa.org/job/unexplored-goa-panaji-full-time-web-developer/
CONTENT EDITOR,Photojaanic,Mapusa,FULL-TIME,Posted 7 years ago,https://startupgoa.org/job/photojaanic-goa-full-time-content-editor/
SENIOR OPERATIONS MANAGER (FOUNDING MEMBER),Letcetra Agritech Pvt. Ltd.,Margao,FULL-TIME,Posted 7 years ago,https://startupgoa.org/job/letcetra-agritech-pvt-ltd-goa-full-time-senior-operations-manager-founding-member/
JUNIOR WEB DEVELOPER,svastek,Margao,FULL-TIME,Posted 7 years ago,https://startupgoa.org/job/svastek-margao-full-time-junior-web-developer-3/
DIGITAL MARKETING MANAGER,Photojaanic,Mapusa,FULL-TIME,Posted 7 years ago,https://startupgoa.org/job/photojaanic-goa-full-time-digital-marketer/
SALES EXECUTIVE,Photojaanic,Mapusa,FULL-TIME,Posted 7 years ago,https://startupgoa.org/job/photojaanic-goa-full-time-sales-executive/
BUSINESS DEVELOPMENT MANAGER,Photojaanic,Mapusa,FULL-TIME,Posted 7 years ago,https://startupgoa.org/job/photojaanic-goa-full-time-business-development-manager/
SEO SPECIALIST,Photojaanic,Mapusa,FULL-TIME,Posted 7 years ago,https://startupgoa.org/job/photojaanic-goa-full-time-seo-specialist/
QA TESTER,Photojaanic,Mapusa,FULL-TIME,Posted 7 years ago,https://startupgoa.org/job/photojaanic-goa-full-time-qa-tester/
FRONT END DEVELOPER,FabCoders,Panjim,FULL-TIME,Posted 7 years ago,https://startupgoa.org/job/fabcoders-full-time-front-end-developer/
3D MODELLING/LIGHTING ARTIST,VALOUR CREATIONS,Panjim,FULL-TIME,Posted 7 years ago,https://startupgoa.org/job/valour-creations-panaji-full-time-3d-modelling-lighting-artist/
MARKET RESEARCH ASSOCIATE,GervanoRA Data Services,Verna,FULL-TIME,Posted 7 years ago,https://startupgoa.org/job/gervanora-data-services-full-time-market-research-associate/
ANDROID DEVELOPER,KAAVAY Enterprises Pvt. Ltd.,Verna,FULL-TIME,Posted 7 years ago,https://startupgoa.org/job/kaavay-enterprises-pvt-ltd-goa-full-time-android-developer/
C# DEVELOPER,FabCoders,Panjim,FULL-TIME,Posted 7 years ago,https://startupgoa.org/job/fabcoders-panjim-full-time-c-developer/
GRAPHICS DESIGNER,MNC Company,Panjim,FULL-TIME,Posted 7 years ago,https://startupgoa.org/job/mnc-company-panjim-full-time-graphics-designer/
UI DEVELOPER,Samasa Technologies,Verna,FULL-TIME,Posted 7 years ago,https://startupgoa.org/job/samasa-technologies-verna-full-time-ui-developer-3/
FRONTEND DEVELOPER,Samasa Technologies,Verna,FULL-TIME,Posted 7 years ago,https://startupgoa.org/job/samasa-technologies-verna-full-time-frontend-developer-3/
TECH LEAD,MNC Company,Panjim,FULL-TIME,Posted 7 years ago,https://startupgoa.org/job/mnc-company-panjim-full-time-tech-lead/
PROJECT MANAGER,MNC Company,Panjim,FULL-TIME,Posted 7 years ago,https://startupgoa.org/job/mnc-company-panjim-full-time-project-manager/
C# DEVELOPER,MNC Company,Panjim,FULL-TIME,Posted 7 years ago,https://startupgoa.org/job/mnc-company-panjim-full-time-c-developer/
PHP DEVELOPER,FabCoders,Panjim,FULL-TIME,Posted 7 years ago,https://startupgoa.org/job/fabcoders-panjim-full-time-php-developer/
MECHANICAL DESIGN ENGINEER,Go technologies,Porvorim,FULL-TIME,Posted 7 years ago,https://startupgoa.org/job/go-technologies-porvorim-goa-full-time-mechanical-design-engineer/
BUSINESS PROCESS ANALYST,Webware.io,Panjim,FULL-TIME,Posted 7 years ago,https://startupgoa.org/job/webware-io-goa-full-time-business-process-analyst/
DIGITAL SERVICES ANALYST/MANAGER,Webware.io,Panjim,FULL-TIME,Posted 7 years ago,https://startupgoa.org/job/webware-io-goa-full-time-digital-services-analyst-manager-2/
UI (USER INTERFACE) DEVELOPER,Webware.io,Panjim,FULL-TIME,Posted 7 years ago,https://startupgoa.org/job/webware-io-goa-full-time-ui-user-interface-developer-3/
ANDROID DEVELOPER,Unexplored Goa,Panjim,FULL-TIME,Posted 7 years ago,https://startupgoa.org/job/unexplored-goa-panaji-full-time-android-developer-3/
MARKETING EXECUTIVE – MY GOA 365,MY GOA 365,Panjim,FULL-TIME,Posted 7 years ago,https://startupgoa.org/job/my-goa-365-full-time-marketing-executive-my-goa-365/
UNITY3D GAME DEVELOPER,Planet Earthlings,Mapusa,FULL-TIME,Posted 7 years ago,https://startupgoa.org/job/planet-earthlings-assagao-goa-full-time-unity3d-game-developer/
DEVELOPER INTERN,Samasa Innovations Private Limited,Verna,FULL-TIME,Posted 7 years ago,https://startupgoa.org/job/samasa-innovations-private-limited-full-time-developer-intern/
SENIOR SOFTWARE DEVELOPER (ASP .NET MVC) ( 2 POSTS ),2ordr International LLC,Mapusa,FULL-TIME,Posted 7 years ago,https://startupgoa.org/job/2ordr-international-llc-goa-full-time-senior-software-developer-asp-net/
SOCIAL MEDIA EXECUTIVE AND CONTENT WRITER,Unexplored Goa,Panjim,FULL-TIME,Posted 7 years ago,https://startupgoa.org/job/unexplored-goa-panaji-full-time-social-media-executive-and-content-writer-3/
MERCHANDISING EXECUTIVES REQUIRED AT HIPBAR GOA,HipBar Pvt. Ltd.,Panjim,FULL-TIME,Posted 7 years ago,https://startupgoa.org/job/hipbar-pvt-ltd-goa-full-time-merchandising-executives-required-at-hipbar-goa/
JUNIOR IOS DEVELOPER IN PANAJI,Unexplored Goa,Panjim,FULL-TIME,Posted 7 years ago,https://startupgoa.org/job/unexplored-goa-panaji-full-time-junior-ios-developer-in-panaji/
EXPERIENCED WEB DEVELOPER IN PANAJI,Unexplored Goa,Panjim,FULL-TIME,Posted 7 years ago,https://startupgoa.org/job/unexplored-goa-panaji-full-time-experienced-web-developer-in-panaji/
PART-TIME FACULTY,Libra Computers,Mapusa,PART-TIME,Posted 7 years ago,https://startupgoa.org/job/libra-computers-part-time-part-time-faculty/
ASSOCIATE LEAD GENERATION,Webware.io,Panjim,FULL-TIME,Posted 7 years ago,https://startupgoa.org/job/webware-io-goa-full-time-associate-lead-generation-2/
CLIENT RELATIONS ASSOCIATE,WHN DIGITAL,Mapusa,FULL-TIME,Posted 7 years ago,https://startupgoa.org/job/whn-digital-south-goa-full-time-client-relations-associate-south-goa/
PRODUCT MANAGER,Unexplored Goa,Panjim,FULL-TIME,Posted 7 years ago,https://startupgoa.org/job/unexplored-goa-panaji-full-time-product-manager/
CONTENT WRITER,Ideas Unlimited Digital,Panjim,INTERNSHIP,Posted 7 years ago,https://startupgoa.org/job/ideas-unlimited-digital-goa-internship-content-writer/
DIGITAL MARKETING EXECUTIVE,Pixegia Interactive,Panjim,FULL-TIME,Posted 7 years ago,https://startupgoa.org/job/pixegia-interactive-full-time-digital-marketing-executive-2/
SOFTWARE TESTER,Ajency.in,Panjim,FULL-TIME,Posted 7 years ago,https://startupgoa.org/job/ajency-in-panaji-full-time-software-tester/
FULL STACK WEB DEVELOPER,Unexplored Goa,Panjim,FULL-TIME,Posted 7 years ago,https://startupgoa.org/job/unexplored-goa-panaji-full-time-full-stack-web-developer/
MARKETING INTERN,Designway,Panjim,FULL-TIME,Posted 7 years ago,https://startupgoa.org/job/designway-panjim-full-time-marketing-intern-2/
GROWTH HACKER/ DIGITAL MARKETING EXECUTIVE,MediaisYou,Porvorim,FULL-TIME,Posted 7 years ago,https://startupgoa.org/job/mediaisyou-porvorim-goa-full-time-growth-hacker-digital-marketing-executive/
QA – TESTER (SENIOR) TEAM LEAD,TenTwenty,Mapusa,FULL-TIME,Posted 7 years ago,https://startupgoa.org/job/tentwenty-full-time-qa-tester-senior-team-lead/
UI/FRONTEND DEVELOPER,TenTwenty,Mapusa,FULL-TIME,Posted 7 years ago,https://startupgoa.org/job/tentwenty-full-time-ui-frontend-developer/
NODE.JS/JAVASCRIPT – BACKEND DEVELOPER,TenTwenty,Mapusa,FULL-TIME,Posted 7 years ago,https://startupgoa.org/job/tentwenty-full-time-node-js-javascript-backend-developer/
MAGENTO – BACKEND DEVELOPER,TenTwenty,Mapusa,FULL-TIME,Posted 7 years ago,https://startupgoa.org/job/tentwenty-full-time-magento-backend-developer/
ANDROID DEVELOPER,TenTwenty,Mapusa,FULL-TIME,Posted 7 years ago,https://startupgoa.org/job/tentwenty-full-time-android-developer/
HUMAN RESOURCE PROFESSIONAL,Unexplored Goa,Panjim,FULL-TIME,Posted 7 years ago,https://startupgoa.org/job/unexplored-goa-panaji-full-time-human-resource-professional/
IOS DEVELOPER,TenTwenty,Mapusa,FULL-TIME,Posted 7 years ago,https://startupgoa.org/job/tentwenty-full-time-ios-developer/
HYBRID MOBILE APP DEVELOPER,Unexplored Goa,Panjim,FULL-TIME,Posted 7 years ago,https://startupgoa.org/job/unexplored-goa-panaji-full-time-hybrid-mobile-app-developer-2/
PHP DEVELOPER,Webware.io,Panjim,FULL-TIME,Posted 7 years ago,https://startupgoa.org/job/webware-io-goa-full-time-php-developer/
DESIGNER FOR A FIRM IN PANAJI,Unexplored Goa,Panjim,FULL-TIME,Posted 7 years ago,https://startupgoa.org/job/unexplored-goa-panaji-full-time-designer-for-a-firm-in-panaji/
3D VISUALIZERS / 3DS MAX INTERNSHIP WITH STIPEND,Source It Out KPO Services Pvt Ltd,Panjim,INTERNSHIP,Posted 7 years ago,https://startupgoa.org/job/source-it-out-kpo-services-pvt-ltd-panjim-internship-3d-visualizers-3ds-max-internship-with-stipend/
ACCOUNTANT / ACCOUNTS EXECUTIVE,Source It Out KPO Services Pvt Ltd,Panjim,FULL-TIME,Posted 7 years ago,https://startupgoa.org/job/source-it-out-kpo-services-pvt-ltd-panjim-full-time-accountant-accounts-executive/
CUSTOMER SERVICE EXECUTIVE,Source It Out KPO Services Pvt Ltd,Panjim,FULL-TIME,Posted 7 years ago,https://startupgoa.org/job/source-it-out-kpo-services-pvt-ltd-panjim-full-time-customer-service-executive/
.NET DEVELOPER,TenTwenty,Mapusa,FULL-TIME,Posted 7 years ago,https://startupgoa.org/job/tentwenty-goa-full-time-net-developer/
PHP – BACKEND DEVELOPER,TenTwenty,Mapusa,FULL-TIME,Posted 7 years ago,https://startupgoa.org/job/tentwenty-mapusa-full-time-php-backend-developer/
CONFIGURATOR/ CONTENT MANAGEMENT,Webware.io,Panjim,FULL-TIME,Posted 7 years ago,https://startupgoa.org/job/webware-io-goa-full-time-configurator-content-management/
GRAPHICS DESIGNER/ARTIST,Oipatrao,Porvorim,INTERNSHIP,Posted 7 years ago,https://startupgoa.org/job/oipatrao-porvorim-internship-graphics-designer-artist/
DIGITAL SERVICES ANALYST/MANAGER,Webware.io,Panjim,FULL-TIME,Posted 7 years ago,https://startupgoa.org/job/webware-io-goa-full-time-digital-services-analyst-manager/
PHP DEVELOPER,DD,Margao,INTERNSHIP,Posted 7 years ago,https://startupgoa.org/job/dd-margao-internship-php-developer/
ANDROID STUDIO DEVELOPER,DD,Margao,PART-TIME,Posted 7 years ago,https://startupgoa.org/job/dd-margao-part-time-android-studio-developer/
PART TIME – FULL STACK DEVELOPER,DD,Margao,PART-TIME,Posted 7 years ago,https://startupgoa.org/job/dd-margao-part-time-part-time-full-stack-developer/
WEB DEVELOPER IN PANAJI,Unexplored Goa,Panjim,FULL-TIME,Posted 7 years ago,https://startupgoa.org/job/unexplored-goa-panaji-full-time-web-developer-in-panaji/
SENIOR FULL-STACK DEVELOPER,Webware.io,Panjim,FULL-TIME,Posted 7 years ago,https://startupgoa.org/job/webware-io-goa-full-time-senior-full-stack-developer-2/
FREELANCER OR WEEKEND FLUTTER + DART DEVELOPER OPENING,VEGA ECOMMERCE PTY LTD,Margao,FREELANCE,Posted 7 years ago,https://startupgoa.org/job/vega-ecommerce-pty-ltd-margoa-goa-freelance-part-time-parttime-flutter-dart-developer/
TELECALLER,CodeBurg,Mapusa,FULL-TIME,Posted 7 years ago,https://startupgoa.org/job/codeburg-goa-full-time-telecaller/
SYSTEM ADMINISTRATOR DBA,Mobobeat,Mapusa,FULL-TIME,Posted 7 years ago,https://startupgoa.org/job/mobobeat-goa-full-time-system-administrator-dba/
BACKEND DEVELOPER- WORK FROM HOME,Mobobeat,Mapusa,FULL-TIME,Posted 7 years ago,https://startupgoa.org/job/mobobeat-goa-full-time-backend-developer/
FRONT END DEVELOPER,Mobobeat,Mapusa,FULL-TIME,Posted 7 years ago,https://startupgoa.org/job/mobobeat-mapusa-full-time-front-end-developer/
UI (USER INTERFACE) DEVELOPER,Webware.io,Panjim,FULL-TIME,Posted 7 years ago,https://startupgoa.org/job/webware-io-goa-full-time-ui-user-interface-developer-2/
GRAPHIC DESIGNER,KASKARS LASERCRAFT,Mapusa,FULL-TIME,Posted 7 years ago,https://startupgoa.org/job/kaskars-lasercraft-near-mapusa-full-time-graphic-designer/
OFFICE MANAGER,Webware.io,Panjim,FULL-TIME,Posted 7 years ago,https://startupgoa.org/job/webware-io-panjim-goa-full-time-office-manager/
SOFTWARE TESTER,Mrinq Technologies LLP,Margao,FULL-TIME,Posted 7 years ago,https://startupgoa.org/job/mrinq-technologies-llp-goa-india-full-time-software-tester/
JUNIOR DEVELOPER,Webware.io,Panjim,FULL-TIME,Posted 7 years ago,https://startupgoa.org/job/webware-io-panjim-goa-full-time-junior-developer/
QA ANALYST,Webware.io,Panjim,FULL-TIME,Posted 7 years ago,https://startupgoa.org/job/webware-io-panjim-goa-full-time-qa-analyst/
FULL STACK DEVELOPER,Digital Drop,Vasco,FULL-TIME,Posted 7 years ago,https://startupgoa.org/job/digital-drop-vasco-full-time-full-stack-developer/
CLIENT RELATIONS ASSOCIATE,WHN DIGITAL,Margao,FULL-TIME,Posted 7 years ago,https://startupgoa.org/job/whn-digital-south-goa-north-full-time-client-relations-associate/
UI/UX DESIGNER,Photojaanic,Mapusa,FULL-TIME,Posted 7 years ago,https://startupgoa.org/job/photojaanic-mapusa-goa-full-time-ui-ux-designer/
INSIDE SALES POSITION FOR FRESHERS IN GOA,Vacation Labs,Pilerne,FULL-TIME,Posted 7 years ago,https://startupgoa.org/job/vacation-labs-goa-full-time-inside-sales-position-for-freshers-in-goa/
CONTENT WRITER INTERNSHIP,Letsapp,Panjim,INTERNSHIP,Posted 7 years ago,https://startupgoa.org/job/letsapp-panjim-internship-content-writer-internship/
SENIOR MANAGER ERP IMPLEMENTATION,Webware.io,Panjim,FULL-TIME,Posted 7 years ago,https://startupgoa.org/job/webware-io-panjim-goa-full-time-senior-manager-erp-implementation/
ADMINISTRATION COORDINATOR (NIGHT SHIFT),Webware.io,Panjim,FULL-TIME,Posted 7 years ago,https://startupgoa.org/job/webware-io-goa-full-time-administration-coordinator-night-shift-2/
WEB DESIGNER,Webnook India Pvt Ltd,Mapusa,FULL-TIME,Posted 7 years ago,https://startupgoa.org/job/webnook-india-pvt-ltd-mapusa-goa-full-time-web-designer/
FULL STACK DEVELOPER,InnoShaft,Margao,FULL-TIME,Posted 7 years ago,https://startupgoa.org/job/innoshaft-goa-full-time-full-stack-developer/
MOBILE APP DEVELOPER (IOS),Quantifys,Panjim,FULL-TIME,Posted 7 years ago,https://startupgoa.org/job/quantifys-full-time-ios-developer/
ANDROID DEVELOPER,Quantifys,Panjim,FULL-TIME,Posted 7 years ago,https://startupgoa.org/job/quantifys-full-time-android-developer/
UI/UX DESIGNER,Quantifys,Panjim,FULL-TIME,Posted 7 years ago,https://startupgoa.org/job/quantifys-full-time-ui-ux-designer/
WEB DEVELOPER (FRONT-END),Quantifys,Panjim,FULL-TIME,Posted 7 years ago,https://startupgoa.org/job/quantifys-full-time-web-developer-front-end/
BACK-END DEVELOPER,Quantifys,Panjim,FULL-TIME,Posted 7 years ago,https://startupgoa.org/job/quantifys-full-time-back-end-developer/
UI/FRONTEND DESIGNER,2ordr International LLC,Mapusa,FULL-TIME,Posted 7 years ago,https://startupgoa.org/job/2ordr-international-llc-goa-full-time-ui-frontend-designer-and-developer/
ACCOUNT MANAGER (NIGHT SHIFT),Webware.io,Panjim,FULL-TIME,Posted 7 years ago,https://startupgoa.org/job/webware-io-goa-full-time-account-manager-night-shift/
FULL STACK DEVELOPER,Helix Tech,Porvorim,FULL-TIME,Posted 7 years ago,https://startupgoa.org/job/helix-tech-goa-full-time-full-stack-developer/
XAMARIN DEVELOPER,Unexplored Goa,Panjim,FULL-TIME,Posted 7 years ago,https://startupgoa.org/job/unexplored-goa-panaji-full-time-xamarin-developer/
JUNIOR WEB DEVELOPER,svastek,Margao,FULL-TIME,Posted 7 years ago,https://startupgoa.org/job/svastek-margao-full-time-junior-web-developer-2/
B2B SALES ( EXECUTIVE / AM/ MANAGER ),Vacation Labs,Porvorim,FULL-TIME,Posted 7 years ago,https://startupgoa.org/job/vacation-labs-goa-full-time-b2b-sales-executive-am-manager/
ANGULAR DEVELOPER,FabCoders,Panjim,FULL-TIME,Posted 7 years ago,https://startupgoa.org/job/fabcoders-full-time-angular-developer/
GRAPHICS DESIGNER,FabCoders,Panjim,FULL-TIME,Posted 7 years ago,https://startupgoa.org/job/fabcoders-full-time-graphics-designer/
PHP/WORDPRESS DEVELOPER,Umang Software Technologies,Margao,FULL-TIME,Posted 7 years ago,https://startupgoa.org/job/umang-software-technologies-full-time-php-wordpress-developer/
DELPHI DEVELOPER,Umang Software Technologies,Margao,FULL-TIME,Posted 7 years ago,https://startupgoa.org/job/umang-software-technologies-full-time-delphi-developer/
PHP/WORDPRESS DEVELOPER,FabCoders,Panjim,FULL-TIME,Posted 7 years ago,https://startupgoa.org/job/fabcoders-full-time-php-wordpress-developer-2/
C# DEVELOPER,FabCoders,Panjim,FULL-TIME,Posted 7 years ago,https://startupgoa.org/job/fabcoders-full-time-c-developer-4/
HTML / CSS DEVELOPER,Ajency.in,Panjim,FULL-TIME,Posted 7 years ago,https://startupgoa.org/job/ajency-in-panaji-full-time-html-css-developer/
SUMMER INTERNSHIP – MBA,Ajency.in,Panjim,FULL-TIME,Posted 7 years ago,https://startupgoa.org/job/ajency-in-panaji-full-time-summer-internship-mba/
SOFTWARE PROJECT COORDINATOR,SJ Innovation,Verna,FULL-TIME,Posted 7 years ago,https://startupgoa.org/job/sj-innovation-goa-full-time-software-project-coordinator/
UI/UX DESIGNER,svastek,Margao,FULL-TIME,Posted 7 years ago,https://startupgoa.org/job/svastek-full-time-ui-ux-designer-2/
BACK-END WEB DEVELOPER,Mrinq Technologies LLP,Margao,FULL-TIME,Posted 7 years ago,https://startupgoa.org/job/mrinq-technologies-llp-goa-india-full-time-back-end-web-developer/
FULL STACK DEVELOPER,Honest Food Company,Panjim,FULL-TIME,Posted 7 years ago,https://startupgoa.org/job/honest-food-company-goa-full-time-full-stack-developer/
VIDEOGRAPHER,Genora Infotech Pvt Ltd,Margao,FULL-TIME,Posted 7 years ago,https://startupgoa.org/job/genora-infotech-pvt-ltd-goa-full-time-videographer-2/
.NET DEVELOPER,Samasa Technologies,Verna,FULL-TIME,Posted 7 years ago,https://startupgoa.org/job/samasa-technologies-verna-goa-full-time-net-developer/
CONTENT WRITER,Webnook,Mapusa,FREELANCE,Posted 7 years ago,https://startupgoa.org/job/webnook-mapusa-goa-freelance-content-writer/
GRAPHIC DESIGNER,Fuel Design Co,Panjim,FULL-TIME,Posted 7 years ago,https://startupgoa.org/job/fuel-design-co-full-time-graphic-designer/
GRAPHIC DESIGN INTERN,Fuel Design Co,Panjim,INTERNSHIP,Posted 7 years ago,https://startupgoa.org/job/fuel-design-co-goa-internship-graphic-design-intern/
FULL STACK DEVELOPER,Mrinq Technologies LLP,Margao,FULL-TIME,Posted 7 years ago,https://startupgoa.org/job/mrinq-technologies-llp-full-time-full-stack-developer/
FULL STACK PHP & MYSQL + WORDPRESS DEVELOPER WITH 3-4 YEARS EXPERIENCE,Imagefile,Panjim,FULL-TIME,Posted 7 years ago,https://startupgoa.org/job/imagefile-panjim-full-time-full-stack-php-mysql-developer-with-3-4-years-experience/
ANDROID DEVELOPER,Unexplored Goa,Panjim,FULL-TIME,Posted 7 years ago,https://startupgoa.org/job/unexplored-goa-panaji-full-time-android-developer-2/
TELECALLER EXECUTIVE CUM OFFICE ASSISTANT,MY GOA 365,Panjim,FULL-TIME,Posted 7 years ago,https://startupgoa.org/job/my-goa-365-panjim-full-time-telecaller-executive-cum-office-assistant/
SOFTWARE LEAD,Mrinq Technologies LLP,Margao,FULL-TIME,Posted 7 years ago,https://startupgoa.org/job/mrinq-technologies-llp-full-time-software-lead/
SENIOR JAVA DEVELOPER,Samasa Technologies,Verna,FULL-TIME,Posted 7 years ago,https://startupgoa.org/job/samasa-technologies-verna-full-time-senior-java-developer/
FRONTEND DEVELOPER,Samasa Technologies,Verna,FULL-TIME,Posted 7 years ago,https://startupgoa.org/job/samasa-technologies-verna-full-time-frontend-developer-2/
UI DEVELOPER,Samasa Technologies,Verna,FULL-TIME,Posted 7 years ago,https://startupgoa.org/job/samasa-technologies-verna-full-time-ui-developer-2/
JAVA DEVELOPER FRESHERS,Samasa Technologies,Verna,FULL-TIME,Posted 7 years ago,https://startupgoa.org/job/samasa-technologies-vernagoa-full-time-java-developer-freshers/
SOFTWARE DEVELOPER,CodeRun LLP,Margao,FULL-TIME,Posted 7 years ago,https://startupgoa.org/job/coderun-llp-margao-full-time-software-developer/
MARKETING EXECUTIVE FOR MY GOA 365,MY GOA 365,Panjim,FULL-TIME,Posted 7 years ago,https://startupgoa.org/job/my-goa-365-panjim-full-time-marketing-executive-for-my-goa-365/
DIGITAL MARKETING,CodeRun LLP,Margao,FULL-TIME,Posted 7 years ago,https://startupgoa.org/job/coderun-llp-fatorda-margao-full-time-digital-marketing/
JUNIOR SOFTWARE TESTER,2ordr International LLC,Mapusa,FULL-TIME,Posted 7 years ago,https://startupgoa.org/job/certigoa-goa-full-time-junior-software-tester/
WEB DEVELOPER – MIN 1 YEAR OF EXPERIENCE,Unexplored Goa,Panjim,FULL-TIME,Posted 7 years ago,https://startupgoa.org/job/unexplored-goa-panaji-full-time-web-developer-min-1-year-of-experience-2/
MARKETING EXECUTIVE/MANAGER,Adsperfection,Panjim,FULL-TIME,Posted 7 years ago,https://startupgoa.org/job/adsperfection-full-time-marketing-executive-manager/
HYBRID MOBILE APP DEVELOPER,Remote Software Solutions Pvt. Ltd.,Porvorim,FULL-TIME,Posted 7 years ago,https://startupgoa.org/job/remote-software-solutions-pvt-ltd-porvorim-full-time-hybrid-mobile-app-developer/
ASSISTANT GRAPHIC ART DESIGNER,conceptcocktail,Panjim,FULL-TIME,Posted 7 years ago,https://startupgoa.org/job/conceptcocktail-goa-freelance-full-time-graphic-designer/
TELECALLING EXECUTIVE,Stayfitz,Mapusa,FULL-TIME,Posted 7 years ago,https://startupgoa.org/job/stayfitz-goa-full-time-telecalling-executive/
C# DEVELOPER,FabCoders,Panjim,FULL-TIME,Posted 7 years ago,https://startupgoa.org/job/fabcoders-full-time-c-developer-3/
BUSINESS DEVELOPMENT (SALES) INTERNSHIP,Letsapp,Panjim,INTERNSHIP,Posted 7 years ago,https://startupgoa.org/job/letsapp-panjim-internship-business-development-sales-internship/
JUNIOR SYSTEMS ADMINISTRATOR,Photojaanic,Mapusa,FULL-TIME,Posted 7 years ago,https://startupgoa.org/job/photojaanic-mapusa-goa-full-time-junior-systems-administrator/
SALES EXECUTIVE,Mrinq Technologies LLP,Margao,FULL-TIME,Posted 7 years ago,https://startupgoa.org/job/mrinq-technologies-llp-full-time-sales-executive/
SOFTWARE ENGINEER INTERNSHIP,Letsapp,Panjim,INTERNSHIP,Posted 7 years ago,https://startupgoa.org/job/letsapp-panjim-goa-internship-software-engineer-internship/
WEB DEVELOPER – MIN 1 YEAR OF EXPERIENCE,Unexplored Goa,Panjim,FULL-TIME,Posted 7 years ago,https://startupgoa.org/job/unexplored-goa-panaji-full-time-web-developer-min-1-year-of-experience/
GRAPHIC DESIGNER,Imagine Works,Margao,FULL-TIME,Posted 7 years ago,https://startupgoa.org/job/imagine-works-full-time-graphic-designer/
BUSINESS DEVELOPMENT EXECUTIVE,Adsperfection,Panjim,FULL-TIME,Posted 7 years ago,https://startupgoa.org/job/adsperfection-panaji-goa-full-time-business-development-executive/
GRAPHIC DESIGNER,The Gratitude Company,Morjim,FULL-TIME,Posted 7 years ago,https://startupgoa.org/job/the-gratitude-company-full-time-graphic-designer/
SOFTWARE ENGINEER,Transpaque,Vasco,FULL-TIME,Posted 7 years ago,https://startupgoa.org/job/transpaque-full-time-software-engineer/
FULL STACK DEVELOPER,Octalogic Tech,Panjim,FULL-TIME,Posted 7 years ago,https://startupgoa.org/job/octalogic-tech-goa-full-time-full-stack-developer-2/
NETWORK ADMIN,Tangentia,Porvorim,FULL-TIME,Posted 7 years ago,https://startupgoa.org/job/tangentia-porvorim-full-time-network-admin/
SOCIAL MEDIA MANAGER,TeaTrunk.com,Porvorim,FULL-TIME,Posted 7 years ago,https://startupgoa.org/job/teatrunk-com-chogm-road-full-time-social-media-manager-2/
DIGITAL MARKETING EXECUTIVES,Ideas Unlimited Digital,Panjim,FULL-TIME,Posted 7 years ago,https://startupgoa.org/job/ideas-unlimited-digital-goa-internship-digital-marketing-executives/
ANDROID DEVELOPER,Helix Tech,Porvorim,FULL-TIME,Posted 7 years ago,https://startupgoa.org/job/helix-tech-goa-full-time-android-developer/
IOS DEVELOPER,Helix Tech,Porvorim,FULL-TIME,Posted 7 years ago,https://startupgoa.org/job/helix-tech-goa-full-time-ios-developer/
UI/UX DEVELOPER – 1 POST,Transerve Technologies Pvt Ltd,Panjim,FULL-TIME,Posted 7 years ago,https://startupgoa.org/job/transerve-technologies-pvt-ltd-patto-full-time-ui-ux-developer-1-post/
SR. BACKEND NODE JS DEVELOPER (3 POSTS),Transerve Technologies Pvt Ltd,Panjim,FULL-TIME,Posted 7 years ago,https://startupgoa.org/job/transerve-technologies-pvt-ltd-panaji-goa-full-time-sr-backend-node-js-developer-3-posts/
FULL STACK DEVELOPERS -( 7 POSTS),Transerve Technologies Pvt Ltd,Panjim,FULL-TIME,Posted 7 years ago,https://startupgoa.org/job/transerve-technologies-pvt-ltd-panaji-goa-full-time-full-stack-developers-7-posts/
SR. FRONT END DEVELOPER -(2 POSTS),Transerve Technologies Pvt Ltd,Panjim,FULL-TIME,Posted 7 years ago,https://startupgoa.org/job/transerve-technologies-pvt-ltd-patto-full-time-sr-front-end-developer-2-posts/
JAVA DEVLOPER,Samasa Technologies,Verna,FULL-TIME,Posted 7 years ago,https://startupgoa.org/job/samasa-technologies-vernagoa-full-time-java-devloper/
HYBRID MOBILE APP DEVELOPER,Samasa Technologies,Verna,FULL-TIME,Posted 7 years ago,https://startupgoa.org/job/samasa-technologies-verna-goa-full-time-hybrid-mobile-app-developer/
UI DEVELOPER,Samasa Technologies,Verna,FULL-TIME,Posted 7 years ago,https://startupgoa.org/job/samasa-technologies-verna-full-time-ui-developer/
FRONTEND DEVELOPER,Samasa Technologies,Verna,FULL-TIME,Posted 7 years ago,https://startupgoa.org/job/samasa-technologies-verna-full-time-frontend-developer/
SENIOR PHP DEVELOPER,Samasa Technologies,Verna,FULL-TIME,Posted 7 years ago,https://startupgoa.org/job/samasa-technologies-verna-full-time-senior-php-developer/
FREELANCER WEB DEVELOPER / PHP DEVELOPER REQUIRED FOR A WEBSITE IN GOA,Recruiter Goa,Panjim,PART-TIME,Posted 7 years ago,https://startupgoa.org/job/recruiter-goa-part-time-freelancer-web-developer-php-developer-required-for-a-website-in-goa/
OPENING FOR IT HEAD TO HANDLE WEBSITE DESIGNING/SEO/SOCIAL MEDIA MARKETING/BRANDING/CONTENTS,CITIHOMES Realty,Porvorim,FREELANCE,Posted 7 years ago,https://startupgoa.org/job/citihomes-realty-goa-freelance-full-time-internship-part-time-opening-for-it-head-to-handle-website-designing-seo-social-media-marketing-branding-contents/
SENIOR FULL-STACK DEVELOPER,Webware.io,Panjim,FULL-TIME,Posted 7 years ago,https://startupgoa.org/job/webware-io-goa-full-time-senior-full-stack-developer/
SALES INTERN,Localtrip,Panjim,INTERNSHIP,Posted 7 years ago,https://startupgoa.org/job/localtrip-panaji-goa-internship-sales-intern/
DIGITAL MARKETING MANAGER,Stayfitz,Mapusa,FULL-TIME,Posted 7 years ago,https://startupgoa.org/job/stayfitz-goa-full-time-digital-marketing-manager/
WEB DEVELOPER,A Design Agency,Panjim,FULL-TIME,Posted 7 years ago,https://startupgoa.org/job/a-design-agency-goa-full-time-web-developer/
PROJECT COORDINATOR,Kodework,Porvorim,FULL-TIME,Posted 7 years ago,https://startupgoa.org/job/kodework-goa-full-time-project-coordinator/
CONTENT WRITER,Letcetra Agritech Pvt. Ltd.,Margao,FULL-TIME,Posted 7 years ago,https://startupgoa.org/job/letcetra-agritech-pvt-ltd-goa-full-time-content-writer/
SYSTEM ADMINISTRATOR,Letcetra Agritech Pvt. Ltd.,Margao,FULL-TIME,Posted 7 years ago,https://startupgoa.org/job/letcetra-agritech-pvt-ltd-goa-full-time-system-administrator/
QA ENGINEER,Letcetra Agritech Pvt. Ltd.,Margao,FULL-TIME,Posted 7 years ago,https://startupgoa.org/job/letcetra-agritech-pvt-ltd-goa-full-time-qa-engineer/
MOBILE APP DEVELOPER,Letcetra Agritech Pvt. Ltd.,Margao,FULL-TIME,Posted 7 years ago,https://startupgoa.org/job/letcetra-agritech-pvt-ltd-goa-full-time-mobile-app-developer/
SENIOR SOFTWARE ENGINEER (FULL STACK),Letcetra Agritech Pvt. Ltd.,Margao,FULL-TIME,Posted 7 years ago,https://startupgoa.org/job/letcetra-agritech-pvt-ltd-full-time-full-stack-developer-mean-stack/
"SALES & MARKETING IN REAL ESTATE CONSULTANCY, PORVORIM-GOA",CITIHOMES Realty,Porvorim,FULL-TIME,Posted 7 years ago,https://startupgoa.org/job/citihomes-realty-goa-full-time-sales-marketing-in-real-estate-consultancy-porvorim-goa/
PHP/MAGENTO – BACKEND DEVELOPER,TenTwenty,Mapusa,FULL-TIME,Posted 7 years ago,https://startupgoa.org/job/tentwenty-mapusa-goa-full-time-php-magento-backend-developer-2/
ONLINE BUSINESS SOLUTION,E-Startup India,Other,FULL-TIME,Posted 7 years ago,https://startupgoa.org/job/e-startup-india-india-full-time-online-business-solution/
WEBSITE DEVELOPER,The Gratitude Company,Morjim,FULL-TIME,Posted 7 years ago,https://startupgoa.org/job/the-gratitude-company-goa-full-time-website-developer/
FRONT END DEVELOPER,Kodework,Porvorim,FULL-TIME,Posted 7 years ago,https://startupgoa.org/job/kodework-goa-full-time-front-end-developer/
JR SOFTWARE QA,Goenche Apps And Sites Pvt Ltd,Verna,FULL-TIME,Posted 7 years ago,https://startupgoa.org/job/goenche-apps-and-sites-pvt-ltd-goa-full-time-jr-software-qa/
JR SOFTWARE ENGINEER,Goenche Apps And Sites Pvt Ltd,Verna,FULL-TIME,Posted 7 years ago,https://startupgoa.org/job/goenche-apps-and-sites-pvt-ltd-goa-full-time-jr-software-engineer/
SOFTWARE DEVELOPER (FRONT-END),Mrinq Technologies LLP,Margao,FULL-TIME,Posted 7 years ago,https://startupgoa.org/job/mrinq-technologies-llp-full-time-software-developer-front-end-2/
CORELDRAW DESIGNER FOR ONLINE STORE,VEGA ECOMMERCE PTY LTD,Margao,FULL-TIME,Posted 7 years ago,https://startupgoa.org/job/vega-ecommerce-pty-ltd-gogal-margoa-full-time-corel-draw-designer-for-online-store/
PROJECT MANAGER,Photojaanic,Mapusa,FULL-TIME,Posted 7 years ago,https://startupgoa.org/job/photojaanic-mapusa-goa-full-time-project-manager/
CUSTOMER BILLING ASSOCIATE,Webware.io,Panjim,FULL-TIME,Posted 7 years ago,https://startupgoa.org/job/webware-io-goa-full-time-customer-billing-associate/
UI/FRONTEND DEVELOPER,TenTwenty,Mapusa,FULL-TIME,Posted 7 years ago,https://startupgoa.org/job/tentwenty-goa-full-time-ui-frontend-developer-3/
DIRECTOR -INSIDE SALES (NIGHT SHIFT),Webware.io,Panjim,FULL-TIME,Posted 7 years ago,https://startupgoa.org/job/webware-io-goa-full-time-director-inside-sales-night-shift/
DIRECTOR – HR,Webware.io,Panjim,FULL-TIME,Posted 7 years ago,https://startupgoa.org/job/webware-io-goa-full-time-director-hr/
PHP DEVELOPER,FabCoders,Panjim,FULL-TIME,Posted 7 years ago,https://startupgoa.org/job/fabcoders-full-time-php-developer/
INSIDE SALES EXECUTIVE,HandyTrain,Panjim,FULL-TIME,Posted 7 years ago,https://startupgoa.org/job/handytrain-panjim-full-time-inside-sales-executive/
JUNIOR WEB DEVELOPER,svastek,Margao,FULL-TIME,Posted 7 years ago,https://startupgoa.org/job/svastek-margao-full-time-junior-web-developer/
TECHNICAL RECRUITER: IT RECRUITER : HUMAN RESOURCES (IT),Endure Technology Solutions Pvt. Ltd,Margao,FULL-TIME,Posted 7 years ago,https://startupgoa.org/job/endure-technology-solutions-pvt-ltd-goa-full-time-technical-recruiter-talent-acquisition-specialist-it-hr/
SOCIAL MEDIA EXECUTIVE AND CONTENT WRITER,Unexplored Goa,Panjim,FULL-TIME,Posted 7 years ago,https://startupgoa.org/job/unexplored-goa-panaji-full-time-social-media-executive-and-content-writer/
FULL STACK DEVELOPER (NODEJS + ANGULARJS),Transerve Technologies Pvt Ltd,Panjim,FULL-TIME,Posted 7 years ago,https://startupgoa.org/job/transerve-technologies-pvt-ltd-patto-full-time-sr-front-end-developer/
PHP DEVELOPER,Ajency.in,Panjim,FULL-TIME,Posted 7 years ago,https://startupgoa.org/job/ajency-in-panjim-full-time-php-developer/
EXP FRONTEND DEVELOPER,CoachThem.com,Panjim,FULL-TIME,Posted 7 years ago,https://startupgoa.org/job/coachthem-com-goa-panjim-full-time-exp-frontend-developer/
UI DEVELOPER,Samasa Innovations private limited,Verna,FULL-TIME,Posted 7 years ago,https://startupgoa.org/job/samasa-innovations-private-limited-verna-goa-full-time-ui-developer-3/
FRONT END DEVELOPER,Samasa Innovations private limited,Verna,FULL-TIME,Posted 7 years ago,https://startupgoa.org/job/samasa-innovations-private-limited-vernagoa-full-time-front-end-developer-5/
SALES INTERN,tech49,Margao,FULL-TIME,Posted 7 years ago,https://startupgoa.org/job/tech49-full-time-internship-part-time-sales-intern/
RECRUITMENT COORDINATOR,Webware.io,Panjim,FULL-TIME,Posted 7 years ago,https://startupgoa.org/job/webware-io-goa-full-time-recruitment-coordinator/
HEAD – ACCOUNT MANAGEMENT,Webware.io,Panjim,FULL-TIME,Posted 7 years ago,https://startupgoa.org/job/webware-io-goa-full-time-head-account-management-2/
HEAD – QUALITY CONTROL,Webware.io,Panjim,FULL-TIME,Posted 7 years ago,https://startupgoa.org/job/webware-io-goa-full-time-head-quality-control-3/
SALES EXECUTIVE (BDE),GSB Infotech Business Solution LLP,Anjuna,FULL-TIME,Posted 7 years ago,https://startupgoa.org/job/gsb-infotech-business-solution-llp-delhi-full-time-part-time-sales-executive-bde/
ADMIN ASSISTANT,freeTHINK,Panjim,FULL-TIME,Posted 7 years ago,https://startupgoa.org/job/freethink-miramar-full-time-admin-assistant/
HEAD DIGITAL SERVICE,Webware.io,Panjim,FULL-TIME,Posted 7 years ago,https://startupgoa.org/job/webware-io-goa-full-time-head-service-delivery/
SOFTWARE ENGINEER INTERNSHIP,Letsapp,Panjim,PART-TIME,Posted 7 years ago,https://startupgoa.org/job/letsapp-panjim-goa-part-time-software-engineer-internship/
OPERATIONS EXECUTIVE,freeTHINK,Panjim,FULL-TIME,Posted 7 years ago,https://startupgoa.org/job/freethink-miramar-full-time-operations-executive/
SERVICE QUALITY MANAGER,Photojaanic,Mapusa,FULL-TIME,Posted 7 years ago,https://startupgoa.org/job/photojaanic-mapusa-goa-full-time-service-quality-manager/
OPERATIONS (HR) EXECUTIVE,Photojaanic,Mapusa,FULL-TIME,Posted 7 years ago,https://startupgoa.org/job/photojaanic-mapusa-goa-full-time-operations-hr-executive/
DIGITAL MARKETING MANAGER,Photojaanic,Mapusa,FULL-TIME,Posted 7 years ago,https://startupgoa.org/job/photojaanic-work-from-home-remote-in-india-goa-full-time-digital-marketing-manager/
GRAPHIC DESIGNER,Photojaanic,Mapusa,FULL-TIME,Posted 7 years ago,https://startupgoa.org/job/photojaanic-goa-or-remote-in-india-full-time-graphic-designer/
BUSINESS DEVELOPMENT EXECUTIVE,QBounce Technologies,Margao,FULL-TIME,Posted 7 years ago,https://startupgoa.org/job/qbounce-technologies-margao-full-time-business-development-executive/
IOS DEVELOPER,CodeRun LLP,Margao,FULL-TIME,Posted 7 years ago,https://startupgoa.org/job/coderun-llp-arlem-full-time-ios-developer/
JUNIOR WEB DEVELOPER,Certigoa,Mapusa,FULL-TIME,Posted 7 years ago,https://startupgoa.org/job/certigoa-mapusa-full-time-junior-web-developer/
WANTED COMPUTER FACULTY,Agate Techno Systems Pvt Ltd,Panjim,FULL-TIME,Posted 7 years ago,https://startupgoa.org/job/agate-techno-systems-pvt-ltd-panjim-full-time-wanted-computer-faculty/
JAVA DEVELOPER ( FRESHERS),Samasa Innovations private limited,Verna,FULL-TIME,Posted 7 years ago,https://startupgoa.org/job/samasa-innovations-private-limited-verna-full-time-java-developer-freshers/
FRONT END DEVELOPER,Samasa Innovations private limited,Verna,FULL-TIME,Posted 7 years ago,https://startupgoa.org/job/samasa-innovations-private-limited-vernagoa-full-time-front-end-developer-4/
UI DEVELOPER,Samasa Innovations private limited,Verna,FULL-TIME,Posted 7 years ago,https://startupgoa.org/job/samasa-innovations-private-limited-verna-goa-full-time-ui-developer-2/
SENIOR FRONT END DEVELOPER,Webware.io,Panjim,FULL-TIME,Posted 7 years ago,https://startupgoa.org/job/webware-io-goa-full-time-senior-front-end-developer/
SERVER ENGINEER,Aujla Business Software Pvt.Ltd,Panjim,FULL-TIME,Posted 7 years ago,https://startupgoa.org/job/aujla-business-software-pvt-ltd-patto-plazapanjim-goa-full-time-server-engineer/
DESKTOP SUPPORT ENGINEER,Aujla Business Software Pvt.Ltd,Panjim,FULL-TIME,Posted 7 years ago,https://startupgoa.org/job/aujla-business-software-pvt-ltd-patto-plazapanjim-goa-full-time-desktop-support-engineer/
DBA – ORACLE & SQL,Aujla Business Software Pvt.Ltd,Panjim,FULL-TIME,Posted 7 years ago,https://startupgoa.org/job/aujla-business-software-pvt-ltd-patto-plazapanjim-goa-full-time-dba-oracle-sql/
TECHNICAL TEAM LEAD,Aujla Business Software Pvt.Ltd,Panjim,FULL-TIME,Posted 7 years ago,https://startupgoa.org/job/aujla-business-software-pvt-ltd-patto-plazapanjim-goa-full-time-technical-team-lead/
SOFTWARE ENGINEER – ENTRY LEVEL,Mrinq Technologies LLP,Margao,FULL-TIME,Posted 7 years ago,https://startupgoa.org/job/mrinq-technologies-llp-full-time-software-engineer-entry-level/
SOCIAL MEDIA EXECUTIVE,Unexplored Goa,Panjim,FULL-TIME,Posted 7 years ago,https://startupgoa.org/job/unexplored-goa-panaji-full-time-social-media-executive/
DRUPAL DEVELOPER,UCM Foundation of India,Margao,FULL-TIME,Posted 7 years ago,https://startupgoa.org/job/ucm-foundation-of-india-colva-full-time-drupal-developer/
WEB- GRAPHIC DESIGNER,Webware.io,Panjim,FULL-TIME,Posted 7 years ago,https://startupgoa.org/job/webware-io-goa-full-time-web-graphic-designer/
JAVA SOCKET PROGRAMMING,Genora Infotech Pvt Ltd,Verna,FULL-TIME,Posted 7 years ago,https://startupgoa.org/job/genora-infotech-pvt-ltd-goa-full-time-java-socket-programming/
JUNIOR DIGITAL MARKETER,Imagine Works,Margao,FULL-TIME,Posted 7 years ago,https://startupgoa.org/job/imagine-works-goa-india-full-time-junior-digital-marketer/
JUNIOR MOBILE APP DEVELOPER,Imagine Works,Margao,FULL-TIME,Posted 7 years ago,https://startupgoa.org/job/imagine-works-goa-india-full-time-junior-mobile-app-developer/
JUNIOR WEB API DEVELOPER,Imagine Works,Margao,FULL-TIME,Posted 7 years ago,https://startupgoa.org/job/imagine-works-goa-india-full-time-junior-web-api-developer/
REACT AND REACT NATIVE DEVELOPER,Genora Infotech Pvt Ltd,Verna,FULL-TIME,Posted 7 years ago,https://startupgoa.org/job/genora-infotech-pvt-ltd-goa-full-time-react-and-react-native-developer/
SENIOR DIGITAL MARKETER,Imagine Works,Margao,FULL-TIME,Posted 7 years ago,https://startupgoa.org/job/imagine-works-goa-india-full-time-senior-digital-marketer/
SENIOR FULL – STACK DEVELOPER,Genora Infotech Pvt Ltd,Verna,FULL-TIME,Posted 7 years ago,https://startupgoa.org/job/genora-infotech-pvt-ltd-verna-full-time-senior-full-stack-developer/
SENIOR MOBILE APP DEVELOPER,Imagine Works,Margao,FULL-TIME,Posted 7 years ago,https://startupgoa.org/job/imagine-works-goa-india-full-time-senior-mobile-app-developer/
IOS DEVELOPER,Genora Infotech Pvt Ltd,Verna,FULL-TIME,Posted 7 years ago,https://startupgoa.org/job/genora-infotech-pvt-ltd-verna-full-time-ios-developer/
SENIOR WEB API DEVELOPER,Imagine Works,Margao,FULL-TIME,Posted 7 years ago,https://startupgoa.org/job/imagine-works-goa-india-full-time-senior-web-api-developer/
UI DEVELOPER,Samasa Innovations private limited,Verna,FULL-TIME,Posted 7 years ago,https://startupgoa.org/job/samasa-innovations-private-limited-verna-goa-full-time-ui-developer/
WEB DEVELOPER – MIN 2 YEARS OF EXPERIENCE,Unexplored Goa,Panjim,FULL-TIME,Posted 7 years ago,https://startupgoa.org/job/unexplored-goa-panaji-full-time-web-developer-min-2-years-of-experience/
FRONT END DEVELOPER,Samasa Innovations private limited,Verna,FULL-TIME,Posted 7 years ago,https://startupgoa.org/job/samasa-innovations-private-limited-vernagoa-full-time-front-end-developer-3/
UI/UX DESIGNER,Samasa Innovations private limited,Verna,FULL-TIME,Posted 7 years ago,https://startupgoa.org/job/samasa-innovations-private-limited-verna-goa-full-time-ui-ux-designer-2/
JAVA DEVELOPER ( FRESHERS),Samasa Innovations private limited,Verna,FULL-TIME,Posted 7 years ago,https://startupgoa.org/job/samasa-innovations-private-limited-verna-full-time-java-developer-freshers-2/
MARKETING MANAGER,Flashlab Creative,Margao,FREELANCE,Posted 7 years ago,https://startupgoa.org/job/flashlab-creative-margao-freelance-marketing-manager/
ANDROID DEVELOPER,Genora Infotech Pvt Ltd,Verna,FULL-TIME,Posted 7 years ago,https://startupgoa.org/job/genora-infotech-pvt-ltd-verna-full-time-android-developer/
WEB DEVELOPER,Genora Infotech Pvt Ltd,Verna,FULL-TIME,Posted 7 years ago,https://startupgoa.org/job/genora-infotech-pvt-ltd-verna-full-time-web-developer/
ACCOUNTS & ADMIN MANAGER,TeaTrunk.com,Porvorim,FULL-TIME,Posted 7 years ago,https://startupgoa.org/job/teatrunk-com-porvorim-goa-full-time-accounts-admin-manager/
DOT NET DEVELOPER(S),Tangentia,Porvorim,FULL-TIME,Posted 7 years ago,https://startupgoa.org/job/tangentia-north-goa-porvorim-full-time-c-dot-net-developer/
BUSINESS DEVELOPMENT EXECUTIVE,The GetAway Club,Panjim,FULL-TIME,Posted 7 years ago,https://startupgoa.org/job/the-getaway-club-full-time-business-development-executive/
WEB DEVELOPER (JAVA / JAVASCRIPT / WORDPRESS),Ajency.in,Panjim,FULL-TIME,Posted 7 years ago,https://startupgoa.org/job/ajency-in-panjim-full-time-web-developer-java-javascript-wordpress/
SOCIAL MEDIA AND CONTENT WRITER,Unexplored Goa,Panjim,FULL-TIME,Posted 7 years ago,https://startupgoa.org/job/unexplored-goa-panaji-full-time-social-media-and-content-writer/
HYBRID MOBILE APP DEVELOPER,Unexplored Goa,Panjim,FULL-TIME,Posted 7 years ago,https://startupgoa.org/job/unexplored-goa-panaji-full-time-hybrid-mobile-app-developer/
ASP.NET DEVELOPER,Unexplored Goa,Panjim,FULL-TIME,Posted 7 years ago,https://startupgoa.org/job/unexplored-goa-panaji-full-time-asp-net-developer/
PHP/WORDPRESS DEVELOPER,FabCoders,Panjim,FULL-TIME,Posted 7 years ago,https://startupgoa.org/job/fabcoders-full-time-php-wordpress-developer/
PHOTO EDITING,Datta Gawade Photography,Mapusa,PART-TIME,Posted 7 years ago,https://startupgoa.org/job/datta-gawade-photography-mapusa-part-time-photo-editing/
QUALITY ANALYST,Infipre IT Services (OPC) Pvt. Ltd.,Other,FULL-TIME,Posted 7 years ago,https://startupgoa.org/job/infipre-it-services-opc-pvt-ltd-sanquelim-full-time-quality-analyst/
FULL STACK DEVELOPER,Infipre IT Services (OPC) Pvt. Ltd.,Other,FULL-TIME,Posted 7 years ago,https://startupgoa.org/job/infipre-it-services-opc-pvt-ltd-sanquelim-full-time-full-stack-developer/
FULL STACK DEVELOPER,Octalogic Tech,Panjim,FULL-TIME,Posted 7 years ago,https://startupgoa.org/job/octalogic-tech-goa-full-time-full-stack-developer-3/
MOBILE DEVELOPER,Octalogic Tech,Panjim,FULL-TIME,Posted 7 years ago,https://startupgoa.org/job/octalogic-tech-goa-full-time-mobile-developer-2/
IOS DEVELOPER,FabCoders,Panjim,FULL-TIME,Posted 7 years ago,https://startupgoa.org/job/fabcoders-full-time-ios-developer/
GRAPHIC DESIGNER,Genora Infotech Pvt Ltd,Verna,FULL-TIME,Posted 7 years ago,https://startupgoa.org/job/genora-infotech-pvt-ltd-goa-full-time-graphic-designer/
SALES MANAGER,Aansav Realty and Infrastructure Pvt.Ltd,Margao,FREELANCE,Posted 7 years ago,https://startupgoa.org/job/aansav-realty-and-infrastructure-pvt-ltd-goa-freelance-sales-manager/
QA ANALYST,Webware.io,Panjim,FULL-TIME,Posted 7 years ago,https://startupgoa.org/job/webware-io-goa-full-time-qa-analyst/
ANDROID APP DEVELOPER,svastek,Margao,FULL-TIME,Posted 7 years ago,https://startupgoa.org/job/svastek-full-time-android-app-developer-4/
PROJECT MANAGER – ELECTRICAL,Aujla Business Software Pvt.Ltd,Panjim,FULL-TIME,Posted 7 years ago,https://startupgoa.org/job/aujla-business-software-pvt-ltd-patto-plaza-full-time-project-manager-electrical/
WEB DESIGNER,Aujla Business Software Pvt.Ltd,Panjim,FULL-TIME,Posted 7 years ago,https://startupgoa.org/job/aujla-business-software-pvt-ltd-full-time-web-designer/
SOCIAL MEDIA MANAGER,Unexplored Goa,Panjim,FULL-TIME,Posted 7 years ago,https://startupgoa.org/job/unexplored-goa-panaji-full-time-social-media-manager/
DATABASE ADMINISTRATOR,Mobobeat,Mapusa,FULL-TIME,Posted 7 years ago,https://startupgoa.org/job/mobobeat-goa-full-time-database-administrator/
BACKEND DEVELOPER,Photojaanic,Mapusa,FULL-TIME,Posted 7 years ago,https://startupgoa.org/job/photojaanic-mapusa-goa-full-time-backend-developer-2/
CONTENT SPECIALIST,HandyTrain,Panjim,FULL-TIME,Posted 7 years ago,https://startupgoa.org/job/handytrain-panaji-goa-full-time-content-specialist/
CONTENT CREATOR/CONTENT WRITER,Timmappa-Kamat,Ponda,FREELANCE,Posted 7 years ago,https://startupgoa.org/job/timmappa-kamat-ponda-goa-freelance-content-creator/
SOFTWARE TESTER,FabCoders,Panjim,FULL-TIME,Posted 7 years ago,https://startupgoa.org/job/fabcoders-full-time-software-tester/
PRODUCT DESIGN INTERN,mmcubeLLP,Mapusa,INTERNSHIP,Posted 7 years ago,https://startupgoa.org/job/mmcubellp-mapusa-internship-product-design-intern/
ASSISTANT DESIGNER,mmcubeLLP,Mapusa,PART-TIME,Posted 7 years ago,https://startupgoa.org/job/mmcubellp-mapusa-part-time-assistant-designer/
OPERATIONS EXECUTIVE,TeaTrunk.com,Porvorim,FULL-TIME,Posted 7 years ago,https://startupgoa.org/job/teatrunk-com-off-chogm-road-full-time-operations-executive/
GRAPHIC DESIGNER,TeaTrunk.com,Panjim,FULL-TIME,Posted 7 years ago,https://startupgoa.org/job/teatrunk-com-off-chogm-road-full-time-graphic-designer/
SOFTWARE DEVELOPER,Nabler Web Solutions,Panjim,FULL-TIME,Posted 7 years ago,https://startupgoa.org/job/nabler-web-solutions-goa-full-time-software-developer/
UI/UX DESIGNER,TenTwenty,Mapusa,FULL-TIME,Posted 7 years ago,https://startupgoa.org/job/tentwenty-goa-full-time-ui-ux-designer/
WEB FRONT END DEVELOPER,Photojaanic,Mapusa,FULL-TIME,Posted 7 years ago,https://startupgoa.org/job/photojaanic-mapusa-goa-full-time-web-front-end-developer/
DEVELOPER,Sportscaly,Panjim,FULL-TIME,Posted 7 years ago,https://startupgoa.org/job/sportscaly-18th-june-road-full-time-developer/
FULL STACK DEVELOPER,Nabler,Panjim,FULL-TIME,Posted 7 years ago,https://startupgoa.org/job/nabler-full-time-full-stack-developer/
UI/FRONTEND DEVELOPER,TenTwenty,Mapusa,FULL-TIME,Posted 7 years ago,https://startupgoa.org/job/tentwenty-goa-full-time-ui-frontend-developer/
CHANNEL SALES / INSTITUTIONAL SALES EXECUTIVE,Timeline Media Pvt Ltd.,Panjim,FULL-TIME,Posted 7 years ago,https://startupgoa.org/job/timeline-media-pvt-ltd-goa-full-time-channel-sales-institutional-sales-executive/
TELECALLER,Timeline Media Pvt Ltd.,Panjim,FULL-TIME,Posted 7 years ago,https://startupgoa.org/job/timeline-media-pvt-ltd-goa-full-time-telecaller/
GRAPHIC DESIGNER/ILLUSTRATOR,Timeline Media Pvt Ltd.,Panjim,FULL-TIME,Posted 7 years ago,https://startupgoa.org/job/timeline-media-pvt-ltd-goa-full-time-graphic-designer-illustrator/
CONTENT WRITER,Timeline Media Pvt Ltd.,Panjim,FULL-TIME,Posted 7 years ago,https://startupgoa.org/job/timeline-media-pvt-ltd-goa-full-time-content-writer/
DIGITAL MARKETER,Timeline Media Pvt Ltd.,Panjim,FULL-TIME,Posted 7 years ago,https://startupgoa.org/job/timeline-media-pvt-ltd-goa-full-time-digital-marketer/
NODE.JS/JAVASCRIPT – BACKEND DEVELOPER,TenTwenty,Mapusa,FULL-TIME,Posted 7 years ago,https://startupgoa.org/job/tentwenty-goa-full-time-node-js-javascript-backend-developer/
PHP/MAGENTO – BACKEND DEVELOPER,TenTwenty,Mapusa,FULL-TIME,Posted 7 years ago,https://startupgoa.org/job/tentwenty-mapusa-goa-full-time-php-magento-backend-developer/
JUNIOR ANDROID DEVELOPER,Simplerr.tech,Margao,FULL-TIME,Posted 7 years ago,https://startupgoa.org/job/simplerr-tech-full-time-junior-android-developer/
JAVA DEVELOPER (1-4 YRS),Ajency.in,Panjim,FULL-TIME,Posted 7 years ago,https://startupgoa.org/job/ajency-in-panaji-full-time-java-developer-1-4-yrs/
SOFTWARE DEVELOPER,freeTHINK,Panjim,FULL-TIME,Posted 8 years ago,https://startupgoa.org/job/freethink-goa-full-time-software-developer/
TECH LEAD (HASKELL/FUNCTIONAL PROGRAMMING),Vacation Labs,Porvorim,FULL-TIME,Posted 8 years ago,https://startupgoa.org/job/vacation-labs-goa-full-time-tech-lead-haskell-functional-programming/
TECH LEAD (RAILS + ANGULAR JS),Vacation Labs,Pilerne,FULL-TIME,Posted 8 years ago,https://startupgoa.org/job/vacation-labs-goa-full-time-tech-lead-rails-angular-js/
TECHNICAL CUSTOMER SUPPORT (WORK FROM HOME),SB Tech,Panjim,PART-TIME,Posted 8 years ago,https://startupgoa.org/job/sb-tools-part-time-technical-customer-support-remote/
FULL STACK DEVELOPER,Octalogic Tech,Panjim,FULL-TIME,Posted 8 years ago,https://startupgoa.org/job/octalogic-tech-goa-full-time-full-stack-developer/
BUSINESS DEVELOPMENT EXECUTIVE,GSB Infotech Business Solution LLP,Porvorim,FULL-TIME,Posted 8 years ago,https://startupgoa.org/job/gsb-infotech-business-solution-llp-new-delhi-full-time-business-development-executive/
SOFTWARE DEVELOPER (FRONT-END),Mrinq Technologies LLP,Margao,FULL-TIME,Posted 8 years ago,https://startupgoa.org/job/mrinq-technologies-llp-full-time-software-developer-front-end/
WORDPRESS DEVELOPER ( PART TIME ),Etechexplorer,Porvorim,PART-TIME,Posted 8 years ago,https://startupgoa.org/job/etechexplorer-part-time-wordpress-developer-part-time/
ACCOUNTANT,My Goa 365,Panjim,FULL-TIME,Posted 8 years ago,https://startupgoa.org/job/my-goa-365-full-time-accountant/
JAVA LEAD,Ajency.in,Panjim,FULL-TIME,Posted 8 years ago,https://startupgoa.org/job/ajency-in-panjim-full-time-java-lead/
FRENCH SPEAKING- ACCOUNT MANAGER (NIGHT SHIFT),Webware.io,Panjim,FULL-TIME,Posted 8 years ago,https://startupgoa.org/job/webware-io-goa-full-time-french-speaking-account-manager-night-shift/
DOT NET DEVELOPER,QBounce Technologies,Margao,FULL-TIME,Posted 8 years ago,https://startupgoa.org/job/qbounce-technologies-goa-part-time-dot-net-developer/
FULL STACK DEVELOPER (MEAN STACK),QBounce Technologies,Margao,FULL-TIME,Posted 8 years ago,https://startupgoa.org/job/qbounce-technologies-goa-part-time-full-stack-developer-mean-stack/
MOBILE APP DEVELOPER,QBounce Technologies,Margao,FULL-TIME,Posted 8 years ago,https://startupgoa.org/job/qbounce-technologies-goa-part-time-mobile-app-developer/
DESIGNER,Unexplored Goa,Panjim,FULL-TIME,Posted 8 years ago,https://startupgoa.org/job/unexplored-goa-panaji-full-time-designer/
IOS DEVELOPER,Unexplored Goa,Panjim,FULL-TIME,Posted 8 years ago,https://startupgoa.org/job/unexplored-goa-panaji-full-time-ios-developer/
ANDROID DEVELOPER,Unexplored Goa,Panjim,FULL-TIME,Posted 8 years ago,https://startupgoa.org/job/unexplored-goa-panaji-full-time-android-developer/
WEB DEVELOPER,Unexplored Goa,Panjim,FULL-TIME,Posted 8 years ago,https://startupgoa.org/job/unexplored-goa-goa-full-time-web-developer/
CINEMATOGRAPHY/ DRONE SERVICES/ VIDEO PRODUCTION,Winfluence Media,Mapusa,FREELANCE,Posted 8 years ago,https://startupgoa.org/job/winfluence-media-india-freelance-cinematography-drone-services-video-production/
HASKELL ENGINEER,Vacation Labs,Pilerne,FULL-TIME,Posted 8 years ago,https://startupgoa.org/job/vacation-labs-porvorim-full-time-haskell-engineer/
QUALITY ASSURANCE TESTER,Kodework,Porvorim,FULL-TIME,Posted 8 years ago,https://startupgoa.org/job/kodework-goa-full-time-quality-assurance-tester/
SOFTWARE ENGINEER,Vacation Labs,Pilerne,FULL-TIME,Posted 8 years ago,https://startupgoa.org/job/vacation-labs-porvorim-full-time-software-engineer/
C# DEVELOPER,FabCoders,Panjim,FULL-TIME,Posted 8 years ago,https://startupgoa.org/job/fabcoders-full-time-c-developer-2/
CAMPAIGN MANAGER,Photojaanic,Mapusa,FULL-TIME,Posted 8 years ago,https://startupgoa.org/job/photojaanic-remote-full-time-sr-marketing-communicaton-executive-campaign-marketing-manager/
NODE JS DEVELOPER,Designway,Panjim,FULL-TIME,Posted 8 years ago,https://startupgoa.org/job/designway-india-full-time-node-js-developer/
WEB DEVELOPMENT LEAD,Infipre IT Services (OPC) Pvt. Ltd.,Other,FULL-TIME,Posted 8 years ago,https://startupgoa.org/job/infipre-it-services-opc-pvt-ltd-sanquelim-full-time-web-development-lead/
MARKETING EXECUTIVES,Infipre IT Services (OPC) Pvt. Ltd.,Other,INTERNSHIP,Posted 8 years ago,https://startupgoa.org/job/infipre-it-services-opc-pvt-ltd-internship-part-time-marketing-executives/
PHP DEVELOPERS,Infipre IT Services (OPC) Pvt. Ltd.,Other,FULL-TIME,Posted 8 years ago,https://startupgoa.org/job/infipre-it-services-opc-pvt-ltd-sanquelim-full-time-php-developers/
MEAN STACK DEVELOPER,Helix Tech,Porvorim,FULL-TIME,Posted 8 years ago,https://startupgoa.org/job/helix-tech-goa-full-time-mean-stack-developer/
UI/UX DESIGNER,Helix Tech,Porvorim,FREELANCE,Posted 8 years ago,https://startupgoa.org/job/helix-tech-goa-freelance-ui-ux-designer/
BUSINESS DEVELOPMENT MANAGER,TeaTrunk.com,Porvorim,FULL-TIME,Posted 8 years ago,https://startupgoa.org/job/teatrunk-com-chogm-road-full-time-business-development-manager-2/
ECOMMERCE WEBSITE DESIGNER,Freelance Web Designer,Other,FREELANCE,Posted 8 years ago,https://startupgoa.org/job/freelance-web-designer-kerala-freelance-ecommerce-website-designer/
CUSTOMER SUCCESS SPECIALIST,Vacation Labs,Pilerne,FULL-TIME,Posted 8 years ago,https://startupgoa.org/job/vacation-labs-porvorim-goa-full-time-customer-success-specialist/
LINGUISTIC EXPERT,Webware.io,Panjim,FULL-TIME,Posted 8 years ago,https://startupgoa.org/job/webware-io-goa-full-time-accent-trainer/
SENIOR SOFTWARE DEVELOPMENT ENGINEER,Mrinq Technologies LLP,Margao,FULL-TIME,Posted 8 years ago,https://startupgoa.org/job/mrinq-technologies-llp-full-time-senior-software-development-engineer/
JAVASCRIPT DEVELOPER,Designway,Panjim,FULL-TIME,Posted 8 years ago,https://startupgoa.org/job/designway-panjim-full-time-javascript-developer/
JUNIOR WEB DEVELOPER,svastek,Margao,INTERNSHIP,Posted 8 years ago,https://startupgoa.org/job/svastek-malbhat-internship-junior-web-developer/
BACKEND DEVELOPER,Mobobeat,Mapusa,FULL-TIME,Posted 8 years ago,https://startupgoa.org/job/mobobeat-goa-full-time-backend-developer-2/
"NODE.JS , ANGULAR DEVELOPER",FabCoders,Panjim,FULL-TIME,Posted 8 years ago,https://startupgoa.org/job/fabcoders-full-time-node-js-angular-developer/
HR EXECUTIVE,Vacation Labs,Porvorim,FULL-TIME,Posted 8 years ago,https://startupgoa.org/job/vacation-labs-goa-full-time-hr-executive/
"OPENCART MAGNETO DEVELOPER WITH KNOWLEGE OF API, JAVA, PHP,",kharedi.in,Ponda,FULL-TIME,Posted 8 years ago,https://startupgoa.org/job/kharedi-in-tisk-usgoa-full-time-opencart-magneto-developer-with-knowlege-of-api-java-php/
UI/UX DESIGNER,LetsApp Consulting Services,Panjim,FULL-TIME,Posted 8 years ago,https://startupgoa.org/job/letsapp-consulting-services-full-time-ui-ux-designer/
IOS DEVELOPER – (SWIFT ONLY),LetsApp Consulting Services,Panjim,FULL-TIME,Posted 8 years ago,https://startupgoa.org/job/letsapp-consulting-services-full-time-ios-developer-swift-only/
ANDROID DEVELOPER,LetsApp Consulting Services,Panjim,FULL-TIME,Posted 8 years ago,https://startupgoa.org/job/letsapp-consulting-services-panjim-full-time-android-developer/
FINANCE EXECUTIVE (FRESHERS CAN APPLY),Vacation Labs,Porvorim,FULL-TIME,Posted 8 years ago,https://startupgoa.org/job/vacation-labs-goa-full-time-finance-executive-freshers-can-apply/
ASSISTANT FINANCE MANAGER,Vacation Labs,Porvorim,FULL-TIME,Posted 8 years ago,https://startupgoa.org/job/vacation-labs-goa-full-time-assistant-finance-manager/
ANDROID DEVELOPER HANDYTRAIN,HandyTrain,Panjim,FULL-TIME,Posted 8 years ago,https://startupgoa.org/job/handytrain-dona-paula-full-time-android-developer-handytrain/
PART-TIME INTERN (MOTIVATIONAL WRITER),Kuaishou (Kwai),Calangute,INTERNSHIP,Posted 8 years ago,https://startupgoa.org/job/kuaishou-kwai-internship-part-time-intern-motivational-writer-2/
PART-TIME INTERN (VIDEO CREATOR),Kuaishou (Kwai),Panjim,INTERNSHIP,Posted 8 years ago,https://startupgoa.org/job/kuaishou-kwai-internship-part-time-part-time-intern-video-creator-2/
PART-TIME INTERN (MOTIVATIONAL WRITER),Kuaishou (Kwai),Margao,INTERNSHIP,Posted 8 years ago,https://startupgoa.org/job/kuaishou-kwai-internship-part-time-intern-motivational-writer/
PART-TIME INTERN (VIDEO CREATOR),Kuaishou (Kwai),Saligao,INTERNSHIP,Posted 8 years ago,https://startupgoa.org/job/kuaishou-kwai-internship-part-time-part-time-intern-video-creator/
MANAGER,Annexorien Private Limited,Anjuna,FULL-TIME,Posted 8 years ago,https://startupgoa.org/job/annexorien-private-limited-india-full-time-manager/
SOFTWARE TESTER,Ajency.in,Panjim,FULL-TIME,Posted 8 years ago,https://startupgoa.org/job/ajency-in-panjim-full-time-software-tester/
BUSINESS PROCESS QUALITY ANALYST,PlanQube Technologies,Vasco,FULL-TIME,Posted 8 years ago,https://startupgoa.org/job/planqube-technologies-full-time-business-process-quality-analyst/
OPERATIONS EXECUTIVE,Vacation Labs,Porvorim,FULL-TIME,Posted 8 years ago,https://startupgoa.org/job/vacation-labs-goa-full-time-operations-executive/
OPERATIONS EXECUTIVE ROLE FOR FRESHERS,Vacation Labs,Porvorim,FULL-TIME,Posted 8 years ago,https://startupgoa.org/job/vacation-labs-goa-full-time-operations-executive-role-for-freshers/
INTERNSHIP PROGRAM,AppBuddy,Panjim,INTERNSHIP,Posted 8 years ago,https://startupgoa.org/job/appbuddy-panjim-internship-internship-program/
ACCOUNTANT,OUTDOORS GOA,Porvorim,FULL-TIME,Posted 8 years ago,https://startupgoa.org/job/outdoors-goa-goa-full-time-accountant/
TECHNICAL WRITER/ JUNIOR PROJECT MANAGER,Webware.io,Panjim,FULL-TIME,Posted 8 years ago,https://startupgoa.org/job/webware-io-goa-full-time-technical-writer-junior-project-manager-2/
BLOG WRITER,Webware.io,Panjim,FULL-TIME,Posted 8 years ago,https://startupgoa.org/job/webware-io-goa-full-time-blog-writer/
IOS DEVELOPER,TenTwenty,Mapusa,FULL-TIME,Posted 8 years ago,https://startupgoa.org/job/tentwenty-goa-full-time-ios-developer/
ANDROID DEVELOPER,TenTwenty,Mapusa,FULL-TIME,Posted 8 years ago,https://startupgoa.org/job/tentwenty-goa-full-time-android-developer/
(FULL-STACK) – BACKEND DEVELOPER,TenTwenty,Mapusa,FULL-TIME,Posted 8 years ago,https://startupgoa.org/job/tentwenty-digital-goa-goa-full-time-full-stack-backend-developer/
SOFTWARE ENGINEER,Imagine Works,Margao,FULL-TIME,Posted 8 years ago,https://startupgoa.org/job/imagine-works-goa-full-time-software-engineer/
SOFTWARE ENGINEER,PlanQube Technologies,Vasco,FULL-TIME,Posted 8 years ago,https://startupgoa.org/job/planqube-technologies-sancoale-industrial-estate-full-time-software-engineer/
SALES & MARKETING EXECUTIVES – GOA REGION,Leigia Solutions,Panjim,FULL-TIME,Posted 8 years ago,https://startupgoa.org/job/leigia-solutions-patto-plaza-full-time-sales-marketing-executives-goa-region/
FULL-STACK DEVELOPER,Browntape Technologies,Porvorim,FULL-TIME,Posted 8 years ago,https://startupgoa.org/job/browntape-technologies-goa-full-time-full-stack-developer/
MANAGER,Annexorien Technology Private Limited,Other,FULL-TIME,Posted 8 years ago,https://startupgoa.org/job/annexorien-technology-private-limited-india-full-time-manager/
BUSINESS PROCESS MAPPING ANALYST,Webware.io,Panjim,FULL-TIME,Posted 8 years ago,https://startupgoa.org/job/webware-io-goa-full-time-business-process-mapping-analyst/
DELIVERY MANAGER- WEBSITE DELIVERY SERVICES,Webware.io,Panjim,FULL-TIME,Posted 8 years ago,https://startupgoa.org/job/webware-io-goa-full-time-delivery-manager-website-delivery-services-2/
WORK FROM HOME GRAPHICS DESIGNER,VEGA ECOMMERCE PTY LTD,Margao,PART-TIME,Posted 8 years ago,https://startupgoa.org/job/vega-ecommerce-pty-ltd-margoa-part-time-work-from-home-graphics-designer/
SOFTWARE TEST ENGINEER,Imagine Works,Margao,FULL-TIME,Posted 8 years ago,https://startupgoa.org/job/imagine-works-goa-full-time-software-test-engineer/
JR. TECHNICAL SUPPORT,Webware.io,Panjim,FULL-TIME,Posted 8 years ago,https://startupgoa.org/job/webware-io-goa-full-time-jr-technical-support/
SOFTWARE TRAINER/BUSINESS ANALYST,Prime BPM,Other,FULL-TIME,Posted 8 years ago,https://startupgoa.org/job/prime-bpm-goa-full-time-software-trainer-business-analyst/
WEBSITE DESIGNER / DEVELOPER,Webnook India Pvt Ltd,Mapusa,FULL-TIME,Posted 8 years ago,https://startupgoa.org/job/webnook-india-pvt-ltd-mapusa-goa-full-time-website-designer-developer/
MECHANICAL CAD ENGINEER,Mrinq Technologies LLP,Margao,FULL-TIME,Posted 8 years ago,https://startupgoa.org/job/mrinq-technologies-llp-full-time-mechanical-cad-engineer/
JAVA DEVELOPER,Ajency.in,Panjim,FULL-TIME,Posted 8 years ago,https://startupgoa.org/job/ajency-in-panaji-full-time-java-developer/
FULL STACK WEB DEVELOPER,COCO LENI,Panjim,FULL-TIME,Posted 8 years ago,https://startupgoa.org/job/coco-leni-dona-paula-goa-full-time-full-stack-web-developer/
BUSINESS DEVELOPMENT EXECUTIVE,The GetAway Club,Panjim,FULL-TIME,Posted 8 years ago,https://startupgoa.org/job/the-getaway-club-north-goa-full-time-business-development-executive/
SALES/ MARKETING INTERN,GSB Infotech Business Solution LLP,Anjuna,FULL-TIME,Posted 8 years ago,https://startupgoa.org/job/gsb-infotech-business-solution-llp-full-time-sales-marketing-intern/
INTERNSHIP TRAINEE – DIGITAL MARKETING,papcups technologies pvt ltd,Margao,INTERNSHIP,Posted 8 years ago,https://startupgoa.org/job/papcups-technologies-pvt-ltd-margao-goa-internship-internship-trainee-digital-marketing/
DIGITAL MARKETING INTERN,Raletta Technology -Digital Marketing Agency Mumbai,Anjuna,FULL-TIME,Posted 8 years ago,https://startupgoa.org/job/raletta-technology-digital-marketing-agency-mumbai-full-time-digital-marketing-intern/
BACKEND DEVELOPER,Wafer Electronics,Panjim,FULL-TIME,Posted 8 years ago,https://startupgoa.org/job/wafer-electronics-goa-full-time-backend-developer/
FRONTEND DEVELOPER,Wafer Electronics,Panjim,FULL-TIME,Posted 8 years ago,https://startupgoa.org/job/wafer-electronics-goa-full-time-frontend-developer/
SOCIAL MEDIA MANAGER,Hotel Me A Story,Panjim,PART-TIME,Posted 8 years ago,https://startupgoa.org/job/hotel-me-a-story-goa-part-time-social-media-manager/
DIGITAL MARKETING,Aquasail,Panjim,FULL-TIME,Posted 8 years ago,https://startupgoa.org/job/aquasail-goa-full-time-digital-marketing/
RETAIL SALES,Aquasail,Panjim,FULL-TIME,Posted 8 years ago,https://startupgoa.org/job/aquasail-bambolim-full-time-retail-sales/
WORDPRESS DEVELOPER,Kodework,Porvorim,FULL-TIME,Posted 8 years ago,https://startupgoa.org/job/kodework-goa-full-time-wordpress-developer/
MOBILE APP DEVELOPER,svastek,Margao,FULL-TIME,Posted 8 years ago,https://startupgoa.org/job/svastek-margao-full-time-mobile-app-developer/
FULLSTACK DEVELOPER,Srijan Technologies,Other,FULL-TIME,Posted 8 years ago,https://startupgoa.org/job/srijan-technologies-full-time-fullstack-developer/
UI/UX DESIGNER,svastek,Margao,FULL-TIME,Posted 8 years ago,https://startupgoa.org/job/svastek-full-time-ui-ux-designer/
QUALITY CONTROL MANAGER,Webware.io,Panjim,FULL-TIME,Posted 8 years ago,https://startupgoa.org/job/webware-io-goa-full-time-quality-control-manager/
ANIMATION DESIGNER,Flashlab Creative,Margao,FREELANCE,Posted 8 years ago,https://startupgoa.org/job/flashlab-creative-goa-freelance-animation-designer/
VIDEOGRAPHER,Flashlab Creative,Margao,FREELANCE,Posted 8 years ago,https://startupgoa.org/job/flashlab-creative-goa-freelance-videographer/
PHOTOGRAPHER,Flashlab Creative,Margao,FREELANCE,Posted 8 years ago,https://startupgoa.org/job/flashlab-creative-goa-freelance-photographer/
APP DEVELOPER,Flashlab Creative,Margao,FREELANCE,Posted 8 years ago,https://startupgoa.org/job/flashlab-creative-south-goa-freelance-app-developer/
SEARCH ENGINE MARKETING EXECUTIVE,Browntape Technologies,Porvorim,FULL-TIME,Posted 8 years ago,https://startupgoa.org/job/browntape-technologies-goa-full-time-search-engine-marketing-executive/
WEBSITE DESIGNER & DEVELOPER,Leigia Solutions,Panjim,FULL-TIME,Posted 8 years ago,https://startupgoa.org/job/leigia-solutions-patto-full-time-website-designer-developer/
QUALITY ASSURANCE ANALYST (INFORMATION TECHNOLOGY),Tangentia,Porvorim,FULL-TIME,Posted 8 years ago,https://startupgoa.org/job/tangentia-porvorim-goa-full-time-junior-quality-assurance-and-level-1-support/
SEO EXPERT,Flashlab Creative,Margao,FREELANCE,Posted 8 years ago,https://startupgoa.org/job/flashlab-creative-goa-freelance-seo-expert/
SOCIAL MEDIA MANAGER & CONTENT CREATOR,Flashlab Creative,Margao,FULL-TIME,Posted 8 years ago,https://startupgoa.org/job/flashlab-creative-goa-full-time-internship-part-time-social-media-manager-content-creator/
VIDEO EDITOR,Flashlab Creative,Margao,FULL-TIME,Posted 8 years ago,https://startupgoa.org/job/flashlab-creative-goa-full-time-internship-part-time-video-editor/
DEGREE/ DIPLOMA IN HOTEL MANAGEMENT,Aspirations HR,Margao,FULL-TIME,Posted 8 years ago,https://startupgoa.org/job/aspirations-hr-margao-cuncoilim-full-time-degree-diploma-in-hotel-management/
ELECTRICAL ENGINEER,Aspirations HR,Margao,FULL-TIME,Posted 8 years ago,https://startupgoa.org/job/aspirations-hr-margao-full-time-electrical-engineer/
ACCOUNT EXECUTIVE,Aspirations HR,Other,FULL-TIME,Posted 8 years ago,https://startupgoa.org/job/aspirations-hr-cuncolim-full-time-account-executive/
"AUDITOR,FINANCIAL ANALYST,BUSINESS ANALYST(MIS)",MANGAL ANALYTICS AND RESEARCH CONSULTING PRIVATE LIMITED,Panjim,FULL-TIME,Posted 8 years ago,https://startupgoa.org/job/mangal-analytics-and-research-consulting-private-limited-goa-full-time-auditorfinancial-analystbusiness-analystmis/
TRAINER – MOBILE & WEB APPS,Startup - name not yet decided,Panjim,PART-TIME,Posted 8 years ago,https://startupgoa.org/job/stealth-mode-startup-not-yet-decided-on-name-goa-india-part-time-trainer-mobile-web-apps/
SALES / MARKETING MANAGER,OUTDOORS GOA,Porvorim,FULL-TIME,Posted 8 years ago,https://startupgoa.org/job/outdoors-goa-goa-full-time-sales-marketing-manager/
GRAPHIC DESIGNER,Flashlab Creative,Margao,FULL-TIME,Posted 8 years ago,https://startupgoa.org/job/flashlab-creative-goa-full-time-internship-part-time-graphic-designer-2/
WEB DEVELOPER,Flashlab Creative,Margao,FREELANCE,Posted 8 years ago,https://startupgoa.org/job/flashlab-creative-south-goa-freelance-internship-part-time-web-designer-2/
XAMARIN DEVELOPER,FabCoders,Panjim,FULL-TIME,Posted 8 years ago,https://startupgoa.org/job/fabcoders-full-time-xamarin-developer/
DATA ANALYST,Webware.io,Panjim,FULL-TIME,Posted 8 years ago,https://startupgoa.org/job/webware-io-goa-full-time-data-analyst/
SOFTWARE ENGINEER – TRAINEE- FRESHERS AS WELL AS 2018 PASSOUTS,Mrinq Technologies LLP,Margao,FULL-TIME,Posted 8 years ago,https://startupgoa.org/job/mrinq-technologies-llp-fatorda-full-time-software-engineer-entry-level/
JAVA DEVELOPER,Samasa Innovations private limited,Verna,FULL-TIME,Posted 8 years ago,https://startupgoa.org/job/samasa-innovations-private-limited-verna-goa-full-time-java-developer-2/
C# DEVELOPER,FabCoders,Panjim,FULL-TIME,Posted 8 years ago,https://startupgoa.org/job/fabcoders-full-time-c-developer/
JAVASCRIPT DEVELOPER,CoachThem.com,Panjim,FULL-TIME,Posted 8 years ago,https://startupgoa.org/job/coachthem-com-panjim-goa-india-full-time-javascript-developer/
GRAPHIC DESIGNER,Hypercube Technologies,Panjim,FULL-TIME,Posted 8 years ago,https://startupgoa.org/job/hypercube-technologies-goa-full-time-graphic-designer-2/
ACCOUNT MANAGER,Browntape Technologies,Porvorim,FULL-TIME,Posted 8 years ago,https://startupgoa.org/job/browntape-technologies-goa-full-time-account-manager/
DIGITAL MARKETING EXECUTIVE,HandyTrain,Panjim,FULL-TIME,Posted 8 years ago,https://startupgoa.org/job/handytrain-dona-paula-full-time-digital-marketing-executive/
UI/FRONTEND DEVELOPER,Designway,Panjim,FULL-TIME,Posted 8 years ago,https://startupgoa.org/job/designway-panjim-goa-full-time-ui-frontend-developer/
TEAM LEAD .NET,Teknorix Systems,Verna,FULL-TIME,Posted 8 years ago,https://startupgoa.org/job/teknorix-systems-verna-goa-full-time-team-lead-net-2/
SENIOR .NET DEVELOPER,Teknorix Systems,Verna,FULL-TIME,Posted 8 years ago,https://startupgoa.org/job/teknorix-systems-verna-goa-full-time-senior-net-developer-3/
SALES ASSOCIATE,SaffronStays.com,Mapusa,FULL-TIME,Posted 8 years ago,https://startupgoa.org/job/saffronstays-com-goa-full-time-sales-associate/
ASSOCIATE LEAD GENERATION,Webware.io,Panjim,FULL-TIME,Posted 8 years ago,https://startupgoa.org/job/webware-io-goa-full-time-associate-lead-generation/
FIELD SALES OFFICER (MARKETING EXECUTIVE),Rhizomatic Web Services,Panjim,FULL-TIME,Posted 8 years ago,https://startupgoa.org/job/rhizomatic-web-services-full-time-field-sales-officer-marketing-executive/
BACK-END DEVELOPER,Garage Guy,Mapusa,FULL-TIME,Posted 8 years ago,https://startupgoa.org/job/garage-guy-full-time-back-end-developer/
FRONT-END DEVELOPER,Garage Guy,Mapusa,FULL-TIME,Posted 8 years ago,https://startupgoa.org/job/garage-guy-full-time-front-end-developer/
ANDROID DEVELOPER,Garage Guy,Mapusa,FULL-TIME,Posted 8 years ago,https://startupgoa.org/job/garage-guy-full-time-android-developer/
WEB DEVELOPER,svastek,Margao,FULL-TIME,Posted 8 years ago,https://startupgoa.org/job/svastek-margao-full-time-web-developer/
SEARCH ENGINE MARKETING SPECIALIST,Photojaanic,Mapusa,FULL-TIME,Posted 8 years ago,https://startupgoa.org/job/photojaanic-mapusa-goa-full-time-search-engine-marketing-specialist/
ANDROID DEVELOPER,Appsintegra Technologies,Panjim,FULL-TIME,Posted 8 years ago,https://startupgoa.org/job/appsintegra-technologies-goa-full-time-android-developer/
FULL STACK DEVELOPER,Appsintegra Technologies,Panjim,FULL-TIME,Posted 8 years ago,https://startupgoa.org/job/appsintegra-technologies-goa-full-time-full-stack-developer/
HEAD – DIGITAL SERVICES,Webware.io,Panjim,FULL-TIME,Posted 8 years ago,https://startupgoa.org/job/webware-io-goa-full-time-head-digital-services/
ONLINE MARKETING MANAGER,Webware.io,Panjim,FULL-TIME,Posted 8 years ago,https://startupgoa.org/job/webware-io-goa-full-time-online-marketing-manager/
PAYMENT COLLECTION MANAGER,Jetway Networks Pvt. Ltd.,Porvorim,FULL-TIME,Posted 8 years ago,https://startupgoa.org/job/jetway-networks-pvt-ltd-porvorim-full-time-payment-collection-manager/
SENIOR JAVASCRIPT DEVELOPER,Ajency.in,Panjim,FULL-TIME,Posted 8 years ago,https://startupgoa.org/job/ajency-in-panaji-full-time-senior-javascript-developer/
SENIOR JAVA DEVELOPER,Ajency.in,Panjim,FULL-TIME,Posted 8 years ago,https://startupgoa.org/job/ajency-in-panaji-full-time-senior-java-developer/
SENIOR PHP DEVELOPER,Ajency.in,Panjim,FULL-TIME,Posted 8 years ago,https://startupgoa.org/job/ajency-in-panaji-full-time-senior-php-developer/
XAMARIN APPLICATION DEVELOPER,Kodework,Porvorim,FULL-TIME,Posted 8 years ago,https://startupgoa.org/job/kodework-goa-full-time-xamarin-application-developer/
JAVA DEVELOPER,Samasa Innovations private limited,Verna,FULL-TIME,Posted 8 years ago,https://startupgoa.org/job/samasa-innovations-private-limited-verna-goa-full-time-java-developer/
BUSINESS DEVELOPMENT INTERN – OYO HOME,OYO Rooms,Panjim,INTERNSHIP,Posted 8 years ago,https://startupgoa.org/job/oyo-rooms-goa-internship-business-development-intern-oyo-home/
BUSINESS DEVELOPMENT EXECUTIVE – OYO HOME,OYO Rooms,Panjim,FULL-TIME,Posted 8 years ago,https://startupgoa.org/job/oyo-rooms-goa-full-time-business-development-executive/
FULL-STACK DEVELOPER,vrik.sh,Panjim,FULL-TIME,Posted 8 years ago,https://startupgoa.org/job/vrik-sh-full-time-full-stack-developer/
PROFESSIONAL WORDPRESS THEMES,FlyThemes,Other,FULL-TIME,Posted 8 years ago,https://startupgoa.org/job/flythemes-full-time-professional-wordpress-themes/
BUSINESS DEVELOPMENT MANAGER,Hypercube Technologies,Panjim,FULL-TIME,Posted 8 years ago,https://startupgoa.org/job/hypercube-technologies-full-time-business-development-manager/
DIGITAL MARKETING EXECUTIVE,Acron Developers Pvt. Ltd.,Other,FULL-TIME,Posted 8 years ago,https://startupgoa.org/job/acron-developers-pvt-ltd-goa-full-time-digital-marketing-executive/
SALES – ONLINE HOLIDAY RESERVATIONS,BTD,Panjim,FULL-TIME,Posted 8 years ago,https://startupgoa.org/job/btd-panaji-full-time-sales-online-holiday-reservations/
WEB DEVELOPER,GervanoRA Data Services,Verna,FULL-TIME,Posted 9 years ago,https://startupgoa.org/job/gervanora-data-services-verna-full-time-web-developer/
FULLSTACK DEVELOPER,Numadic,Panjim,FULL-TIME,Posted 9 years ago,https://startupgoa.org/job/numadic-goa-2-fullstack-developer/
GRAPHIC DESIGNER,Ajency.in,Panjim,FULL-TIME,Posted 9 years ago,https://startupgoa.org/job/ajency-in-panjim-full-time-ui-designer/
COMMUNITY MANAGER,91springboard,Panjim,FULL-TIME,Posted 9 years ago,https://startupgoa.org/job/91springboard-goa-full-time-community-manager-2/
WEB DESIGNER,Ajency.in,Panjim,FULL-TIME,Posted 9 years ago,https://startupgoa.org/job/ajency-in-panjim-full-time-web-designer/
ANGULAR JS / FRONTEND DEVELOPER,Teknorix Systems,Verna,FULL-TIME,Posted 9 years ago,https://startupgoa.org/job/teknorix-systems-verna-goa-full-time-angular-js-frontend-developer/
TEAM LEAD .NET,Teknorix Systems,Verna,FULL-TIME,Posted 9 years ago,https://startupgoa.org/job/teknorix-systems-verna-goa-full-time-team-lead-net/
ANDRIOD APP DEVELOPER,Ownism,Mapusa,FULL-TIME,Posted 9 years ago,https://startupgoa.org/job/ownism-mapusa-full-time-part-time-andriod-app-developer/
SECRETARY | PERSONAL ASSISTANT | BACK OFFICE EXECUTIVE,Kodework,Porvorim,FULL-TIME,Posted 9 years ago,https://startupgoa.org/job/kodework-goa-full-time-secretary/
MARKETING (DIGITAL) & COMMUNICATION SPECIALIST,Ajency.in,Panjim,FULL-TIME,Posted 9 years ago,https://startupgoa.org/job/ajency-in-panjim-full-time-marketing-digital-communication-specialist/
MARKETING EXECUTIVE,Designway,Panjim,FULL-TIME,Posted 9 years ago,https://startupgoa.org/job/designway-panjim-full-time-marketing-executive/
MARKETING INTERN,Designway,Panjim,FULL-TIME,Posted 9 years ago,https://startupgoa.org/job/designway-panjim-full-time-marketing-intern/
VISUAL DESIGNER,Vacation Labs,Porvorim,FULL-TIME,Posted 9 years ago,https://startupgoa.org/job/vacation-labs-porvorim-full-time-visual-designer/
JUNIOR ACCOUNTANT,Kodework,Porvorim,FULL-TIME,Posted 9 years ago,https://startupgoa.org/job/kodework-goa-full-time-junior-accountant/
INSIDE SALES ASSOCIATE,91springboard,Panjim,FULL-TIME,Posted 9 years ago,https://startupgoa.org/job/91springboard-panjim-goa-full-time-inside-sales-associate/
"PHP, LARAVEL DEVELOPER",CoachThem.com,Panjim,FULL-TIME,Posted 9 years ago,https://startupgoa.org/job/coachthem-com-panjim-full-time-part-time-php-laravel-developer/
WORDPRESS THEMES DEVELOPMENT,Grace Themes,Saligao,INTERNSHIP,Posted 9 years ago,https://startupgoa.org/job/grace-themes-united-state-internship-wordpress-themes-development/
ON-FIELD NETWORK ENGINEER (RAJAT CABLE NETWORK),Rajat Cable Network,Calangute,FULL-TIME,Posted 9 years ago,https://startupgoa.org/job/rajat-cable-network-full-time-on-field-network-engineer-rajat-cable-network/
SOCIAL MEDIA STRATEGIST,TeaTrunk.com,Porvorim,FULL-TIME,Posted 9 years ago,https://startupgoa.org/job/teatrunk-com-chogm-road-full-time-social-media-strategist/
BUSINESS DEVELOPMENT MANAGER,TeaTrunk.com,Porvorim,FULL-TIME,Posted 9 years ago,https://startupgoa.org/job/teatrunk-com-chogm-road-full-time-business-development-manager/
SOCIAL MEDIA MANAGER,Photojaanic,Mapusa,FULL-TIME,Posted 9 years ago,https://startupgoa.org/job/photojaanic-mapusa-goa-full-time-social-media-executive/
SR. MOBILE APP DEVELOPER,Powersoft Infowave,Mapusa,FULL-TIME,Posted 9 years ago,https://startupgoa.org/job/powersoft-infowave-goa-full-time-sr-mobile-app-developer/
GAME DEVELOPER,Planet Earthlings,Mapusa,PART-TIME,Posted 9 years ago,https://startupgoa.org/job/planet-earthlings-assagao-goa-part-time-game-developer/
DIGITAL MARKETING EXECUTIVE,the hostel crowd,Panjim,FULL-TIME,Posted 9 years ago,https://startupgoa.org/job/the-hostel-crowd-panjim-full-time-digital-marketing-executive/
"REQUIRE MBA(FRESHER) FOR SALES/MARKETING,",Virtualwebs Servers Pvt. Ltd.,Margao,FULL-TIME,Posted 9 years ago,https://startupgoa.org/job/virtualwebs-servers-pvt-ltd-india-full-time-require-mbafresher-for-salesmarketing/
RELATIONSHIP EXECUTIVE,Browntape,Porvorim,FULL-TIME,Posted 9 years ago,https://startupgoa.org/job/browntape-2-relationship-executive/
FULL STACK DEVELOPER AT SCREENROOT,ScreenRoot Technologies Pvt Ltd,Panjim,FREELANCE,Posted 9 years ago,https://startupgoa.org/job/screenroot-technologies-pvt-ltd-goa-5-full-stack-developer-at-screenroot/
WORDPRESS DEVELOPER AT SCREENROOT,ScreenRoot Technologies Pvt Ltd,Panjim,FREELANCE,Posted 9 years ago,https://startupgoa.org/job/screenroot-technologies-pvt-ltd-goa-5-wordpress-developer-at-screenroot/
SALES AND MARKETING CONSULTANT,Criador Solutions,Verna,FULL-TIME,Posted 9 years ago,https://startupgoa.org/job/criador-solutions-2-sales-and-marketing-consultant/
BCA FRESHER,Ajency.in,Panjim,FULL-TIME,Posted 9 years ago,https://startupgoa.org/job/ajency-in-mala-2-bca-fresher/
ANDROID DEVELOPER,Criador Solutions,Verna,FULL-TIME,Posted 9 years ago,https://startupgoa.org/job/criador-solutions-verna-2-android-developer/
FREELANCER – MARKETING EXECUTIVE,International Trade Promotion,Panjim,FULL-TIME,Posted 9 years ago,https://startupgoa.org/job/international-trade-promotion-2-freelancer-marketing-executive/
DIGITAL MARKETING STRATEGIST,CreoMetric,Porvorim,FULL-TIME,Posted 9 years ago,https://startupgoa.org/job/creometric-goa-2-digital-marketing-strategist/
DIGITAL MARKETING EXECUTIVE,Virtualwebs Servers Pvt. Ltd.,Anjuna,FULL-TIME,Posted 9 years ago,https://startupgoa.org/job/virtualwebs-servers-pvt-ltd-arlem-margao-2-digital-marketing-executive/
SALES EXECUTIVE,Urbania Developers,Porvorim,FULL-TIME,Posted 9 years ago,https://startupgoa.org/job/urbania-developers-off-chogm-road-near-hotel-gautam-alto-porvorim-pilerne-bardez-goa-403521-2-sales-executive/
PRODUCT DEVELOPMENT & OPERATIONS ENGINEER,Sun360,Vasco,FULL-TIME,Posted 9 years ago,https://startupgoa.org/job/sun360-vasco-2-product-development-operations-engineer/
SALES & MARKETING EXECUTIVE,Sun360,Vasco,FULL-TIME,Posted 9 years ago,https://startupgoa.org/job/sun360-vasco-2-sales-marketing-executive/
BUSINESS DEVELOPMENT EXECUTIVE (BDE),Virtualwebs Servers Pvt. Ltd.,Margao,FULL-TIME,Posted 9 years ago,https://startupgoa.org/job/virtualwebs-servers-pvt-ltd-arlem-margao-2-business-development-executive-bde/
ACCOUNTS ADMINISTRATOR,Virtualwebs Servers Pvt. Ltd.,Margao,FULL-TIME,Posted 9 years ago,https://startupgoa.org/job/virtualwebs-servers-pvt-ltd-arlem-margao-2-accounts-administrator-2/
JUNIOR FRONTEND DEVELOPER,Wafer Electronics,Panjim,FULL-TIME,Posted 9 years ago,https://startupgoa.org/job/wafer-electronics-miramar-2-junior-frontend-developer/
EMBEDDED DESIGN ARCHITECT,Wafer Electronics,Panjim,FULL-TIME,Posted 9 years ago,https://startupgoa.org/job/wafer-electronics-miramar-2-embedded-design-architect/
UX/UI DESIGNER,Photojaanic,Mapusa,FULL-TIME,Posted 9 years ago,https://startupgoa.org/job/photojaanic-mapusa-goa-2-uiux-designer/
GRAPHIC DESIGNER,Photojaanic,Mapusa,FULL-TIME,Posted 9 years ago,https://startupgoa.org/job/photojaanic-mapusa-goa-2-graphic-designer/
FRONTEND DEVELOPER,Numadic,Panjim,FULL-TIME,Posted 9 years ago,https://startupgoa.org/job/numadic-goa-2-frontend-developer/
DATA ENGINEER,Numadic,Panjim,FULL-TIME,Posted 9 years ago,https://startupgoa.org/job/numadic-goa-2-data-engineer/
ACCOUNTS ADMINISTRATOR,Virtualwebs Servers Pvt. Ltd.,Anjuna,FULL-TIME,Posted 9 years ago,https://startupgoa.org/job/virtualwebs-servers-pvt-ltd-arlem-margao-2-accounts-administrator/
MARKETING INTERN,Imagine Works,Margao,FULL-TIME,Posted 9 years ago,https://startupgoa.org/job/imagine-works-margao-2-marketing-intern/
TELEMARKETING EXECUTIVE,Enviro Skills,Ponda,FULL-TIME,Posted 9 years ago,https://startupgoa.org/job/enviro-skills-ponda-2-telemarketing-executive/
RELATIONSHIP MANAGER,Enviro Skills,Ponda,FULL-TIME,Posted 9 years ago,https://startupgoa.org/job/enviro-skills-ponda-2-relationship-manager/
GENERAL MANAGER,Enviro Skills,Ponda,FULL-TIME,Posted 9 years ago,https://startupgoa.org/job/enviro-skills-ponda-2-general-manager/
JS(REACT) DEVELOPER,ProKriya,Panjim,FULL-TIME,Posted 9 years ago,https://startupgoa.org/job/prokriya-goa-2-jsreact-developer/
ILLUSTRATOR,Kodework,Porvorim,FULL-TIME,Posted 9 years ago,https://startupgoa.org/job/kodework-2-illustrator/
GRAPHIC DESIGNER,Imagine Works,Margao,FULL-TIME,Posted 9 years ago,https://startupgoa.org/job/imagine-works-margao-goa-2-graphic-designer/
CONTENT WRITER,Kodework,Porvorim,FULL-TIME,Posted 9 years ago,https://startupgoa.org/job/kodework-next-to-dte-goa-2-content-writer/
CORE JAVASCRIPT PROGRAMMER,Kallows Engineering India,Other,FULL-TIME,Posted 9 years ago,https://startupgoa.org/job/kallows-engineering-india-currently-ponda-but-may-shift-to-verna-by-year-end-2-core-javascript-programmer/
CONTENT CREATOR/VIDEOGRAPHER/FILMMAKER,Hooligan New Media,Calangute,FULL-TIME,Posted 9 years ago,https://startupgoa.org/job/hooligan-new-media-calangute-2-content-creatorvideographerfilmmaker/
WEB DESIGNER,Hooligan New Media,Calangute,FULL-TIME,Posted 9 years ago,https://startupgoa.org/job/hooligan-new-media-calangute-2-web-designer/
CONTENT WRITER,Ownism,Mapusa,PART-TIME,Posted 9 years ago,https://startupgoa.org/job/ownism-mapusa-near-court-junction-3-content-writer/
RESIDENT ENGINEER,STALLION IT SOLUTIONS & SERVICES,Margao,FULL-TIME,Posted 9 years ago,https://startupgoa.org/job/stallion-it-solutions-services-south-goa-2-resident-engineer/
MARKETING MANAGER,Apple Media,Panjim,FULL-TIME,Posted 9 years ago,https://startupgoa.org/job/apple-media-2-marketing-manager/
.NET DEVELOPER,Kodework,Porvorim,FULL-TIME,Posted 9 years ago,https://startupgoa.org/job/kodework-goa-2-net-developer/
DIGITAL MARKETER,Imagine Works,Margao,FULL-TIME,Posted 9 years ago,https://startupgoa.org/job/imagine-works-margao-panjim-2-digital-marketer/
CONTENT WRITER,Imagine Works,Margao,FULL-TIME,Posted 9 years ago,https://startupgoa.org/job/imagine-works-margao-panjim-2-content-writer/
SEO EXECUTIVE,Imagine Works,Margao,FULL-TIME,Posted 9 years ago,https://startupgoa.org/job/imagine-works-margao-panjim-2-seo-executive/
R&D EMBEDDED SYSTEMS ENGINEER,Vexma Technologies - 3d printing services gujarat india,Anjuna,FREELANCE,Posted 9 years ago,https://startupgoa.org/job/vexma-technologies-3d-printing-services-gujarat-india-5-research-and-development-embedded-systems-engineer-experienced/
JR. DEVELOPER,Skarma,Anjuna,FULL-TIME,Posted 9 years ago,https://startupgoa.org/job/skarma-2-jr-developer/
SOCIAL MEDIA EXECUTIVE,Goa Hotel Tech,Margao,FULL-TIME,Posted 9 years ago,https://startupgoa.org/job/goa-hotel-tech-margao-2-social-media-executive/
TALENTED MAGENTO AND WORDPRESS DEVELOPER,Business Etc.,Panjim,PART-TIME,Posted 9 years ago,https://startupgoa.org/job/business-etc-remote-3-talented-magento-and-wordpress-developer/
CO-FOUNDER – BUSINESS DEVELOPER,Ownism,Mapusa,FULL-TIME,Posted 9 years ago,https://startupgoa.org/job/ownism-mapusa-2-co-founder-business-developer/
DOT NET TRAINER,IIHT,Panjim,FREELANCE,Posted 9 years ago,https://startupgoa.org/job/iiht-panjim-5-dot-net-trainer/
DIGITAL MARKETING EXPERT WITH WEB DESIGNING KNOWLEDGE3,Sammy,Other,FULL-TIME,Posted 9 years ago,https://startupgoa.org/job/sammy-hyderabad-2-digital-marketing-expert-with-web-designing-knowledge3/
SALES EXECUTIVE,Ownism,Mapusa,FULL-TIME,Posted 9 years ago,https://startupgoa.org/job/ownism-mapusa-behind-idea-office-2-sales-executive/
BUSINESS DEVELOPMENT EXECUTIVE,Helix Tech,Porvorim,FULL-TIME,Posted 9 years ago,https://startupgoa.org/job/helix-tech-porvorim-2-business-development-executive/
PROJECT MANAGER,Helix Tech,Porvorim,FULL-TIME,Posted 9 years ago,https://startupgoa.org/job/helix-tech-porvorim-goa-2-project-manager/
DRUPAL DEVELOPER,APY Technologies,Mapusa,PART-TIME,Posted 9 years ago,https://startupgoa.org/job/apy-technologies-3-drupal-developer/
PHP DEVELOPER,Parikrama-Tech,Panjim,FULL-TIME,Posted 9 years ago,https://startupgoa.org/job/parikrama-tech-flat-noc-5-4th-floor-vridavan-chambers-patto-panaji-goa-it-is-the-same-building-as-ruchi-hotel-near-ktc-panaji-2-php-developer/
DATA ENTRY,IIHT,Panjim,FULL-TIME,Posted 9 years ago,https://startupgoa.org/job/iiht-panjim-2-data-entry/
SOFTWARE DEVELOPER,What the Future Venture Capital,Panjim,FULL-TIME,Posted 9 years ago,https://startupgoa.org/job/what-the-future-venture-capital-goa-2-software-developer/
UI/UX DEVELOPER,What the Future Venture Capital,Panjim,FULL-TIME,Posted 9 years ago,https://startupgoa.org/job/what-the-future-venture-capital-goa-2-uiux-developer/
WORDPRESS THEMES DESIGNER,SKT Themes,Vasco,PART-TIME,Posted 9 years ago,https://startupgoa.org/job/skt-themes-3-wordpress-themes-designer/
WEB FRONT END DEVELOPER,Photojaanic,Mapusa,FULL-TIME,Posted 9 years ago,https://startupgoa.org/job/photojaanic-remote-or-goa-2-web-front-end-developer/
SEARCH ENGINE OPTIMIZATION (SEO) SPECIALIST,Ownism,Mapusa,FULL-TIME,Posted 9 years ago,https://startupgoa.org/job/ownism-mapusa-2-search-engine-optimization-seo-specialist/
WEB DEVELOPER,svastek,Margao,FULL-TIME,Posted 9 years ago,https://startupgoa.org/job/svastek-near-hari-mandir-2-web-developer-2/
PHP DEVELOPER,Kodework,Porvorim,FULL-TIME,Posted 9 years ago,https://startupgoa.org/job/kodework-goa-2-php-developer/
SOFTWARE PROGRAMMER,Kallows Engineering India Pvt. Ltd.,Ponda,FULL-TIME,Posted 9 years ago,https://startupgoa.org/job/kallows-engineering-india-pvt-ltd-ponda-2-software-programmer/
INVENTORY CONTROLLER,Ownism,Mapusa,FULL-TIME,Posted 9 years ago,https://startupgoa.org/job/ownism-mapusa-2-inventory-controller/
DUE DILIGENCE INTERN,Awign Enterprises Pvt Ltd,Other,PART-TIME,Posted 9 years ago,https://startupgoa.org/job/awign-enterprises-pvt-ltd-goa-3-due-diligence-intern/
OPERATIONS EXECUTIVE,Vacation Labs,Porvorim,FULL-TIME,Posted 9 years ago,https://startupgoa.org/job/vacation-labs-pda-colony-2-operations-executive/
TALLY EXPERT/TRAINER,Broadway IT,Panjim,PART-TIME,Posted 9 years ago,https://startupgoa.org/job/broadway-it-panjim-3-tally-experttrainer/
CLOUD COMPUTING,Broadway IT,Panjim,FULL-TIME,Posted 9 years ago,https://startupgoa.org/job/broadway-it-panjim-2-cloud-computing/
LEAD UI/UX DESIGNER,Designway,Panjim,FULL-TIME,Posted 9 years ago,https://startupgoa.org/job/designway-s4-jairam-complex-mala-2-lead-uiux-designer/
"APP DEVELOPER – (ANDRIOD, IOS & WINDOWS)",Ownism,Mapusa,FULL-TIME,Posted 9 years ago,https://startupgoa.org/job/ownism-mapusa-behind-idea-office-2-app-developer-andriod-ios-windows/
WEB DESIGNER CUM SEO / SMM,Timeline Media Pvt Ltd.,Panjim,FULL-TIME,Posted 9 years ago,https://startupgoa.org/job/timeline-media-pvt-ltd-miramar-2-web-designer-cum-seo-smm/
ACCOUNT MANAGER – BUSINESS DEVELOPMENT,Mobobeat,Mapusa,FULL-TIME,Posted 9 years ago,https://startupgoa.org/job/mobobeat-mapusa-2-account-manager-business-development/
PHP DEVELOPER,KAAVAY Enterprises Pvt. Ltd.,Verna,FULL-TIME,Posted 9 years ago,https://startupgoa.org/job/kaavay-enterprises-pvt-ltd-2-php-developer/
BUSINESS OPERATIONS MANAGER – HOME GARDENS,Letcetra Agritech,Other,FULL-TIME,Posted 9 years ago,https://startupgoa.org/job/letcetra-agritech-2-business-operations-manager-home-gardens/
ANROID/ IOS DEVELOPER,Imagine Works,Margao,FULL-TIME,Posted 9 years ago,https://startupgoa.org/job/imagine-works-margao-panjim-2-anroid-ios-developer/
WORDPRESS DEVELOPER,Imagine Works,Margao,FULL-TIME,Posted 9 years ago,https://startupgoa.org/job/imagine-works-margao-panjim-2-wordpress-developer/
IOS DEVELOPER – (SWIFT ONLY),LetsApp,Panjim,FULL-TIME,Posted 9 years ago,https://startupgoa.org/job/letsapp-2-ios-developer-swift-only/
DATA BASE EXPERT,Kodework,Porvorim,FULL-TIME,Posted 9 years ago,https://startupgoa.org/job/kodework-2-data-base-expert/
GROWTH HACKER,Kodework,Porvorim,FULL-TIME,Posted 9 years ago,https://startupgoa.org/job/kodework-2-growth-hacker/
HOW TO GET TRADEMARK IN INDIA,Registrations India,Other,INTERNSHIP,Posted 9 years ago,https://startupgoa.org/job/registrations-india-new-delhiindia-559-how-to-get-trademark-in-india/
JS DEVELOPER,Srijan Technologies Pvt Ltd,Porvorim,FULL-TIME,Posted 9 years ago,https://startupgoa.org/job/srijan-technologies-pvt-ltd-2-js-developer/
EMBEDDED DESIGN ENGINEER,Wafer Electronics,Panjim,FULL-TIME,Posted 9 years ago,https://startupgoa.org/job/wafer-electronics-miramar-2-embedded-design-engineer/
SALES & OPERATIONS MANAGER ( RESIDENT ),WHN DIGITAL,Mapusa,FULL-TIME,Posted 9 years ago,https://startupgoa.org/job/whn-digital-goa-2-sales-operations-manager-resident/
WORD PRESS DEVELOPER – TEAM LEADER,Goa Hotel Tech,Margao,FULL-TIME,Posted 9 years ago,https://startupgoa.org/job/goa-hotel-tech-margao-2-word-press-developer-team-leader/
JUNIOR IOS DEVELOPER,Diet Code,Anjuna,FULL-TIME,Posted 9 years ago,https://startupgoa.org/job/diet-code-dona-paula-2-junior-ios-developer/
SOCIAL MEDIA MANAGER,Photojaanic,Mapusa,FULL-TIME,Posted 9 years ago,https://startupgoa.org/job/photojaanic-mapusa-goa-2-social-media-manager/
MARKETING EXPERT,Ownism Internet Pvt. Ltd,Mapusa,FULL-TIME,Posted 9 years ago,https://startupgoa.org/job/ownism-internet-pvt-ltd-canca-2-marketing-expert/
FASHION CONSULTANT,Ownism Internet Pvt. Ltd,Mapusa,FULL-TIME,Posted 9 years ago,https://startupgoa.org/job/ownism-internet-pvt-ltd-canca-2-fashion-consultant/
DIGITAL MARKETING,Broadway IT,Panjim,FREELANCE,Posted 9 years ago,https://startupgoa.org/job/broadway-it-panjim-5-digital-marketing/
WEBPAGE DEVELOPER,Ownism Internet Pvt. Ltd,Mapusa,FULL-TIME,Posted 9 years ago,https://startupgoa.org/job/ownism-internet-pvt-ltd-canca-mapusa-2-webpage-developer/
WEB DEVELOPER,Ownism Internet Pvt. Ltd,Mapusa,FULL-TIME,Posted 9 years ago,https://startupgoa.org/job/ownism-internet-pvt-ltd-mapusa-goa-2-web-developer/
BUSINESS DEVELOPMENT – TRAVEL SALES,Nearbuy,Panjim,FULL-TIME,Posted 9 years ago,https://startupgoa.org/job/nearbuy-panjim-2-business-development-travel-sales/
BUSINESS DEVELOPMENT MANAGER,Lokaso Travel,Anjuna,FULL-TIME,Posted 9 years ago,https://startupgoa.org/job/lokaso-travel-2-business-development-manager/
SALES AND MARKETING EXECUTIVE,Imagine Works,Margao,FULL-TIME,Posted 9 years ago,https://startupgoa.org/job/imagine-works-opp-cristo-rei-party-hall-sonsoddo-2-sales-and-marketing-executive/
SOFTWARE DEVELOPER,Imagine Works,Margao,FULL-TIME,Posted 9 years ago,https://startupgoa.org/job/imagine-works-opp-cristo-rei-party-hall-sonsoddo-2-software-developer/
SOFTWARE BUSINESS DEVELOPMENT,Broadway IT,Panjim,FULL-TIME,Posted 9 years ago,https://startupgoa.org/job/broadway-it-panjim-2-software-business-development/
JAVASCRIPT DEVELOPER,Toptal LLC,Anjuna,INTERNSHIP,Posted 9 years ago,https://startupgoa.org/job/toptal-llc-anywhere-559-javascript-developer/
UI DEVELOPER,Idea Bridge,Porvorim,FULL-TIME,Posted 9 years ago,https://startupgoa.org/job/idea-bridge-porvorim-2-ui-developer/
ELECTRONICS ENGINEER,Kodework,Porvorim,FULL-TIME,Posted 9 years ago,https://startupgoa.org/job/kodework-goa-2-electronics-engineer/
SKETCH/CONCEPT ARTIST,Alien Interactive,Verna,FULL-TIME,Posted 9 years ago,https://startupgoa.org/job/alien-interactive-verna-2-sketchconcept-artist/
CREATIVE DIRECTOR,CreoMetric,Porvorim,FULL-TIME,Posted 9 years ago,https://startupgoa.org/job/creometric-goa-2-creative-director/
MOBILE APP DEVELOPER,FabCoders,Panjim,FULL-TIME,Posted 9 years ago,https://startupgoa.org/job/fabcoders-2-mobile-app-developer/
IT SUPPORT/NETWORK ENGINEER,FabCoders,Panjim,FULL-TIME,Posted 9 years ago,https://startupgoa.org/job/fabcoders-st-inez-2-it-supportnetwork-engineer/
PHP & MYSQL PROGRAMMER WITH 3-4 YEARS EXPERIENCE IN WORDPRESS,Imagefile,Panjim,FULL-TIME,Posted 9 years ago,https://startupgoa.org/job/imagefile-patto-center-2-php-mysql-programmer-with-3-4-years-experience-in-wordpress/
CUSTOMER SUCCESS MANAGER,Vacation Labs,Anjuna,FULL-TIME,Posted 9 years ago,https://startupgoa.org/job/vacation-labs-pda-colony-porvorim-2-customer-success-manager/
PHP DEVELOPERS,Team Inertia Technologies,Panjim,FULL-TIME,Posted 9 years ago,https://startupgoa.org/job/team-inertia-technologies-panjim-2-php-developers/
FINANCIAL OPERATIONS ANALYST,Vacation Labs,Anjuna,FULL-TIME,Posted 9 years ago,https://startupgoa.org/job/vacation-labs-pda-colony-porvorim-2-manager-financial-operations/
DELIVERY MANAGER,Kodework,Porvorim,FULL-TIME,Posted 9 years ago,https://startupgoa.org/job/kodework-goa-2-delivery-manager/
BPO – OPERATIONS EXECUTIVE,Open Destinations,Panjim,FULL-TIME,Posted 9 years ago,https://startupgoa.org/job/open-destinations-casa-del-sol-3rd-floor-opp-hotel-marriotts-2-bpo-operations-executive/
SYSTEM ADMIN,RITSnet,Margao,FULL-TIME,Posted 9 years ago,https://startupgoa.org/job/ritsnet-2-system-admin/
MARKETING EXECUTIVE,Broadway Books,Panjim,FULL-TIME,Posted 9 years ago,https://startupgoa.org/job/broadway-books-panjim-2-marketing-executive/
COMPUTER INSTITUTE COUNSELLOR,IIHT,Panjim,FULL-TIME,Posted 9 years ago,https://startupgoa.org/job/iiht-panjim-2-computer-institute-counsellor/
NETWORKING TRAINER,IIHT,Panjim,FULL-TIME,Posted 9 years ago,https://startupgoa.org/job/iiht-panjim-2-networking-trainer-2/
SOFTWARE TRAINER,IIHT,Margao,FULL-TIME,Posted 9 years ago,https://startupgoa.org/job/iiht-panjim-2-software-trainer/
PURCHASE AND DATABASE ADMINISTRATOR,Dial Health Drug Supplies Pvt.Ltd.,Other,FULL-TIME,Posted 9 years ago,https://startupgoa.org/job/dial-health-drug-supplies-pvt-ltd-manipal-hospital-goa-2-purchase-and-database-administrator-2/
UI DESIGNER,CreoMetric,Porvorim,FULL-TIME,Posted 9 years ago,https://startupgoa.org/job/creometric-goa-2-ui-designer/
SEO SPECIALIST,CreoMetric,Porvorim,FULL-TIME,Posted 9 years ago,https://startupgoa.org/job/creometric-goa-2-seo-specialist/
GRAPHIC DESIGNER,Tea N Tonic,Porvorim,PART-TIME,Posted 9 years ago,https://startupgoa.org/job/tea-n-tonic-porvorim-3-graphic-designer/
PR & MARKETING EXECUTIVE,Tea N Tonic,Porvorim,FULL-TIME,Posted 9 years ago,https://startupgoa.org/job/tea-n-tonic-porvorim-2-pr-marketing-executive/
REQUIRED WEBSITE AND APP DESIGNER AND DEVELOPER FOR GOA,fabzon.com,Panjim,FULL-TIME,Posted 9 years ago,https://startupgoa.org/job/fabzon-com-panjim-goa-2-required-website-and-app-designer-and-developer-for-goa/
DIGITAL MARKETING,LegalRaasta,Anjuna,FULL-TIME,Posted 9 years ago,https://startupgoa.org/job/legalraasta-delhi-india-2-digital-marketing/
IOS DEVELOPER,Photojaanic,Mapusa,FULL-TIME,Posted 9 years ago,https://startupgoa.org/job/photojaanic-mapusa-goa-2-ios-developer/
LEAD C# DEVELOPER,Eptron India,Other,FULL-TIME,Posted 9 years ago,https://startupgoa.org/job/eptron-india-2-lead-c-developer/
SOFTWARE ENGINEER IN TEST,PlanQube Technologies,Verna,FULL-TIME,Posted 9 years ago,https://startupgoa.org/job/planqube-technologies-verna-goa-2-software-engineer-in-test/
GRAPHIC DESIGNER,Pixelato,Porvorim,FULL-TIME,Posted 9 years ago,https://startupgoa.org/job/pixelato-north-goa-2-graphic-designer/
GRAPHIC DESIGNER,CraftGully.com - Chingari Ventures,Panjim,FULL-TIME,Posted 9 years ago,https://startupgoa.org/job/craftgully-com-chingari-ventures-dona-paula-2-graphic-designer/
WEB DEVELOPER,svastek,Margao,FULL-TIME,Posted 9 years ago,https://startupgoa.org/job/svastek-margao-2-web-developer-2/
ATTORNEY (TRADEMARK-COPYRIGHT),LegalRaasta,Other,PART-TIME,Posted 9 years ago,https://startupgoa.org/job/legalraasta-b-300-saraswati-vihar-ring-road-near-pitampura-metro-station-delhi-110034-3-attorney-trademark-copyright/
SENIOR GRAPHIC DESIGNER,Timeline Media Pvt Ltd.,Panjim,FULL-TIME,Posted 9 years ago,https://startupgoa.org/job/timeline-media-pvt-ltd-miramar-2-senior-graphic-designer/
ANDROID SENIOR DEVELOPER,Photojaanic,Mapusa,FULL-TIME,Posted 9 years ago,https://startupgoa.org/job/photojaanic-mapusa-goa-2-android-senior-developer/
QA TESTER FOR WEBSITES/MOBILE APPS,LetsApp,Panjim,FULL-TIME,Posted 9 years ago,https://startupgoa.org/job/letsapp-2-qa-tester-for-websitesmobile-apps/
CROSS PLATFORM DEVELOPER,svastek,Anjuna,FULL-TIME,Posted 9 years ago,https://startupgoa.org/job/svastek-margao-2-cross-platform-developer/
JUNIOR TESTER,KAAVAY Enterprises Pvt. Ltd.,Verna,FULL-TIME,Posted 9 years ago,https://startupgoa.org/job/kaavay-enterprises-pvt-ltd-nagoa-2-junior-tester/
SPIDER MAN/WOMAN FROM GOA,KAAVAY Enterprises Pvt. Ltd.,Verna,FULL-TIME,Posted 9 years ago,https://startupgoa.org/job/kaavay-enterprises-pvt-ltd-nagoa-2-spider-manwoman-from-goa/
MOBILE APP DEVELOPER,KAAVAY Enterprises Pvt. Ltd.,Anjuna,FULL-TIME,Posted 9 years ago,https://startupgoa.org/job/kaavay-enterprises-pvt-ltd-nagoa-2-mobile-app-developer/
ACCOUNTS ADMINISTRATOR,Virtualwebs Servers Pvt. Ltd.,Margao,PART-TIME,Posted 9 years ago,https://startupgoa.org/job/virtualwebs-servers-pvt-ltd-arlem-margao-3-accounts-administrator/
ANDROID DEVELOPER,Ajency.in,Panjim,FULL-TIME,Posted 9 years ago,https://startupgoa.org/job/ajency-in-panjim-2-android-developer/
BUSINESS DEVELOPMENT MANAGER,TeaTrunk.com,Porvorim,FULL-TIME,Posted 9 years ago,https://startupgoa.org/job/teatrunk-com-chogm-road-2-business-development-manager/
SOCIAL MEDIA STRATEGIST,TeaTrunk.com,Porvorim,FULL-TIME,Posted 9 years ago,https://startupgoa.org/job/teatrunk-com-chogm-road-2-social-media-strategist/
CONTENT SPECIALIST,Photojaanic,Anjuna,PART-TIME,Posted 9 years ago,https://startupgoa.org/job/photojaanic-3-content-specialist/
FREELANCE PHP WEB DEVELOPER WITH KNOWLEDGE OF MVC FRAMEWORKS,WBT,Other,FREELANCE,Posted 9 years ago,https://startupgoa.org/job/wbt-freelance-5-freelance-php-web-developer-with-knowledge-of-mvc-frameworks/
TOURISM CONTENT WRITER,Goa Hotel Tech,Margao,FULL-TIME,Posted 9 years ago,https://startupgoa.org/job/goa-hotel-tech-margao-2-tourism-content-writer/
IT SUPPORT/NETWORK ENGINEER,FabCoders,Panjim,FULL-TIME,Posted 9 years ago,https://startupgoa.org/job/fabcoders-2-it-supportnetwork-engineer/
SEO,Kodework,Porvorim,FULL-TIME,Posted 9 years ago,https://startupgoa.org/job/kodework-2-seo/
UI/UX DESIGNER,Androcid,Panjim,FULL-TIME,Posted 9 years ago,https://startupgoa.org/job/androcid-panaji-2-uiux-designer/
WEB DEVELOPER,svastek,Margao,FULL-TIME,Posted 9 years ago,https://startupgoa.org/job/svastek-margao-2-web-developer/
"REQUIRE MBA(FRESHER) FOR SALES/MARKETING,",Vijayshree Software Solutions,Panjim,FULL-TIME,Posted 9 years ago,https://startupgoa.org/job/require-mbafresher-for-salesmarketing/
MARKETING PRODIGY,svastek,Margao,INTERNSHIP,Posted 9 years ago,https://startupgoa.org/job/svastek-margao-559-marketing-prodigy/
SEO ANALYST,Phoenyxus,Porvorim,FULL-TIME,Posted 9 years ago,https://startupgoa.org/job/phoenyxus-anywhere-2-seo-analyst/
QUALITY ANALYST,Srijan Technologies Pvt Ltd,Porvorim,FULL-TIME,Posted 9 years ago,https://startupgoa.org/job/srijan-technologies-pvt-ltd-porvorim-2-quality-analyst/
ANDROID DEVELOPER,Parikrama Tech,Panjim,FULL-TIME,Posted 9 years ago,https://startupgoa.org/job/parikrama-tech-patto-2-android-developer/
GRAPHIC DESIGNER,Goa Hotel Tech,Margao,FULL-TIME,Posted 9 years ago,https://startupgoa.org/job/goa-hotel-tech-2-graphic-designer/
WORDPRESS DEVELOPER,Virtualwebs Servers Pvt. Ltd.,Margao,FULL-TIME,Posted 9 years ago,https://startupgoa.org/job/virtualwebs-servers-pvt-ltd-margao-2-wordpress-developer/
SENIOR SOFTWARE TESTER / QA,Ajency.in,Panjim,FULL-TIME,Posted 9 years ago,https://startupgoa.org/job/ajency-in-2-senior-software-tester-qa/
FRONTEND DEVELOPER – CSS,Ajency.in,Panjim,FULL-TIME,Posted 9 years ago,https://startupgoa.org/job/ajency-in-2-frontend-developer/
WEB DEVELOPER,Ajency.in,Panjim,FULL-TIME,Posted 9 years ago,https://startupgoa.org/job/ajency-in-2-web-developer/
SOFTWARE TESTING TRAINEE,Ajency.in,Panjim,FULL-TIME,Posted 9 years ago,https://startupgoa.org/job/ajency-in-2-software-testing-trainee/
PROJECT MANAGER,Ajency.in,Panjim,FULL-TIME,Posted 9 years ago,https://startupgoa.org/job/ajency-in-mala-2-project-manager/
IOS DEVELOPER,Kodework,Porvorim,FULL-TIME,Posted 9 years ago,https://startupgoa.org/job/kodework-goa-2-ios-developer/
UI/UX DEVELOPER,Webware.io,Panjim,FULL-TIME,Posted 9 years ago,https://startupgoa.org/job/webware-io-panjim-goa-2-uiux-developer/
ANDROID DEVELOPER,Kodework,Porvorim,FULL-TIME,Posted 9 years ago,https://startupgoa.org/job/kodework-goa-2-mobile-app-developers/
JUNIOR UI/UX DESIGNER,Diet Code,Panjim,FULL-TIME,Posted 9 years ago,https://startupgoa.org/job/diet-code-goa-2-uiux-designer/
OFFICE ASSISTANT,BLITS Couriers and Xpress Services,Vasco,FULL-TIME,Posted 9 years ago,https://startupgoa.org/job/blits-couriers-and-xpress-services-2-office-assistant/
JUNIOR ACCOUNTANT/ASSITANT ACCOUNTANT,BLITS Couriers and Xpress Services,Vasco,FULL-TIME,Posted 9 years ago,https://startupgoa.org/job/blits-couriers-and-xpress-services-2-junior-accountantassitant-accountant/
SENIOR ACCOUNTS MANAGER,BLITS Couriers and Xpress Services,Vasco,FULL-TIME,Posted 9 years ago,https://startupgoa.org/job/blits-couriers-and-xpress-services-2-senior-accounts-manager/
HR / ADMIN MANAGER,BLITS Couriers and Xpress Services,Vasco,FULL-TIME,Posted 9 years ago,https://startupgoa.org/job/blits-couriers-and-xpress-services-2-hr-admin-manager/
MARKETING EXPERTS,Ownism Internet Pvt. Ltd,Mapusa,FREELANCE,Posted 9 years ago,https://startupgoa.org/job/ownism-internet-pvt-ltd-mapusa-5-marketing-expert-co-founder/
CONTENT WRITER,Nanjgel Solutions,Panjim,FULL-TIME,Posted 9 years ago,https://startupgoa.org/job/nanjgel-solutions-little-heart-mansion-street-no-7-la-campal-miramar-goa-india-2-content-writer/
FULL STACK WEB DEVELOPER,Bidchat,Verna,FULL-TIME,Posted 9 years ago,https://startupgoa.org/job/bidchat-gditc-2-full-stack-web-developer/
WEB DEVELOPER (.NET),Speedon Technologies Pvt. Ltd.,Anjuna,FULL-TIME,Posted 9 years ago,https://startupgoa.org/job/speedon-technologies-pvt-ltd-2-web-developer-net/
APPLICATION DEVELOPER,G4 infotech,Mapusa,FULL-TIME,Posted 9 years ago,https://startupgoa.org/job/g4-infotech-mapusa-2-application-developer/
MOBILE APP DEVELOPER,G4 infotech,Mapusa,FULL-TIME,Posted 9 years ago,https://startupgoa.org/job/g4-infotech-mapusa-2-mobile-app-developer/
WEB DEVELOPER,G4 infotech,Mapusa,FULL-TIME,Posted 9 years ago,https://startupgoa.org/job/g4-infotech-mapusa-2-web-developer/
TELE-CALLING ADMIN,Virtualwebs Servers Pvt. Ltd.,Margao,FULL-TIME,Posted 9 years ago,https://startupgoa.org/job/virtualwebs-servers-pvt-ltd-office-no-102-1st-floor-cross-roads-avenue-plaza-arlem-2-tele-calling-admin/
"WEB DEVELOPER – (WORDPRESS, PHP)",Virtualwebs Servers Pvt. Ltd.,Margao,FULL-TIME,Posted 9 years ago,https://startupgoa.org/job/virtualwebs-servers-pvt-ltd-office-no-102-1st-floor-cross-roads-avenue-plaza-2-web-developer-wordpress-php/
WORDPRESS DEVELOPER ( PART TIME ),Etechexplorer,Porvorim,PART-TIME,Posted 9 years ago,https://startupgoa.org/job/etechexplorer-porvorim-3-wordpress-developer-part-time/
WEB DEVELOPER,DMS Services,Margao,FULL-TIME,Posted 9 years ago,https://startupgoa.org/job/dms-services-navelim-2-web-developer/
ANDROID DEVELOPER AT ANDROCID (FRESHER’S CAN APPLY),Androcid,Panjim,FULL-TIME,Posted 9 years ago,https://startupgoa.org/job/androcid-panaji-2-android-developer/
MARKETING EXECUTIVE,Event Basket,Panjim,FULL-TIME,Posted 9 years ago,https://startupgoa.org/job/event-basket-goa-2-marketing-executive/
ACCOUNTS EXECUTIVE – AP,Tangentia,Porvorim,FULL-TIME,Posted 9 years ago,https://startupgoa.org/job/tangentia-porvorim-2-accounts-executive-ap/
NETWORK SUPPORT EXECUTIVE,Herora Infocom,Anjuna,FULL-TIME,Posted 9 years ago,https://startupgoa.org/job/herora-infocom-vasco-colva-margao-2-network-support-executive/
DIGITAL SERVICES ANALYST,Webware.io,Panjim,FULL-TIME,Posted 9 years ago,https://startupgoa.org/job/webware-io-panjim-goa-2-digital-services-analyst/
JUNIOR TESTER,KAAVAY Enterprises Pvt. Ltd.,Verna,FULL-TIME,Posted 9 years ago,https://startupgoa.org/job/kaavay-enterprises-pvt-ltd-nagoa-2-junior-tester-urgently-required-kaavay/
SOFTWARE QA,Vuru Inc.,Porvorim,FULL-TIME,Posted 9 years ago,https://startupgoa.org/job/vuru-inc-2-software-qa/
WEB DEVELOPERS,Vuru Inc.,Porvorim,FULL-TIME,Posted 9 years ago,https://startupgoa.org/job/vuru-inc-2-web-developers/
UI DEVELOPERS,Vuru Inc.,Porvorim,FULL-TIME,Posted 9 years ago,https://startupgoa.org/job/vuru-inc-2-ui-developers/
UI/UX DESIGNERS,Vuru Inc.,Porvorim,FULL-TIME,Posted 9 years ago,https://startupgoa.org/job/vuru-inc-2-uiux-designers/
EVENING SHIFT IT EXECUTIVE,FabCoders,Panjim,FULL-TIME,Posted 9 years ago,https://startupgoa.org/job/fabcoders-2-evening-shift-it-executive/
HR GENERALIST,Vacation Labs,Porvorim,FULL-TIME,Posted 9 years ago,https://startupgoa.org/job/vacation-labs-porvorim-goa-2-hr-generalist/
MOBILE APPLICATION DEVELOPER,Nanjgel Solutions,Anjuna,FULL-TIME,Posted 9 years ago,https://startupgoa.org/job/nanjgel-solutions-la-campala-colonymiramarpanajigoa-2-mobile-application-developer/
BACK END DEVELOPER,Nanjgel Solutions,Panjim,FULL-TIME,Posted 9 years ago,https://startupgoa.org/job/nanjgel-solutions-la-campala-colonymiramarpanajigoa-2-back-end-developer/
GRAPHIC DESIGNER,Nanjgel Solutions,Panjim,FULL-TIME,Posted 9 years ago,https://startupgoa.org/job/nanjgel-solutions-la-campala-colonymiramarpanajigoa-2-graphic-designer/
SEO SPECIALIST,Photojaanic,Mapusa,PART-TIME,Posted 9 years ago,https://startupgoa.org/job/photojaanic-mapusa-goa-3-seo-specialist/
ANDROID DEVELOPER,svastek,Margao,FULL-TIME,Posted 10 years ago,https://startupgoa.org/job/svastek-margao-2-android-developer-2/
TEAM LEAD – WEB ASSOCIATES,Ajency.in,Panjim,FULL-TIME,Posted 10 years ago,https://startupgoa.org/job/ajency-in-mala-2-team-lead-web-associates/
WEB ASSOCIATE,Ajency.in,Panjim,FULL-TIME,Posted 10 years ago,https://startupgoa.org/job/ajency-in-mala-2-web-associate/
GRAPHIC DESIGNER AT TEA TRUNK,TeaTrunk.com,Porvorim,FULL-TIME,Posted 10 years ago,https://startupgoa.org/job/teatrunk-com-porvorim-2-graphic-designer-at-tea-trunk/
WEB/GRAPHIC DESIGNER,Webware.io,Panjim,FULL-TIME,Posted 10 years ago,https://startupgoa.org/job/webware-io-mg-road-panjim-2-webgraphic-designer-2/
SOCIAL MEDIA MANAGER,Xantaara Media Works,Anjuna,PART-TIME,Posted 10 years ago,https://startupgoa.org/job/xantaara-media-works-3-social-media-manager/
3D MODELER AND TEXTURE ARTIST,Alien Interactive,Verna,FULL-TIME,Posted 10 years ago,https://startupgoa.org/job/alien-interactive-2-3d-modeler-and-texture-artist/
FULL STACK DEVELOPER,Kodework,Porvorim,FULL-TIME,Posted 10 years ago,https://startupgoa.org/job/kodework-2-full-stack-developer/
DATA SCIENTIST & ENGINEER,Numadic,Panjim,FULL-TIME,Posted 10 years ago,https://startupgoa.org/job/numadic-2-data-scientist-engineer/
WEB APPLICATION DEVELOPER,GLOBAL MNC,Verna,FULL-TIME,Posted 10 years ago,https://startupgoa.org/job/global-mnc-verna-goa-2-web-application-developer/
PHP DEVELOPER,Global Optics,Panjim,FULL-TIME,Posted 10 years ago,https://startupgoa.org/job/global-optics-2-senior-full-stack-php-developer/
DIGITAL MARKETING,Global Optics,Panjim,FULL-TIME,Posted 10 years ago,https://startupgoa.org/job/global-optics-central-tower-panjim-2-digital-marketing/
DEV OPS & QA,Numadic,Panjim,FULL-TIME,Posted 10 years ago,https://startupgoa.org/job/numadic-2-dev-ops-qa/
GRAPHIC DESIGNER AND UI/UX DESIGNER,Global Optics,Panjim,FULL-TIME,Posted 10 years ago,https://startupgoa.org/job/global-optics-central-tower-panjim-2-graphic-designer-and-uiux-designer/
OPERATIONS MANAGER,Numadic,Panjim,FULL-TIME,Posted 10 years ago,https://startupgoa.org/job/numadic-2-operations-manager/
UI/UX DEVELOPER,Kodework,Porvorim,FULL-TIME,Posted 10 years ago,https://startupgoa.org/job/kodework-goa-2-uiux-developer/
BUSINESS DEVELOPMENT EXECUTIVE-LOGISTICS,CasFer Technologies,Margao,FULL-TIME,Posted 10 years ago,https://startupgoa.org/job/casfer-technologies-2-business-development-executive-logistics/
CONTENT WRITER,Global Optics,Panjim,FULL-TIME,Posted 10 years ago,https://startupgoa.org/job/global-optics-global-towers-2-content-writer/
CONTENT WRITER,Virtualwebs Servers,Margao,FULL-TIME,Posted 10 years ago,https://startupgoa.org/job/virtualwebs-servers-opp-icici-bank-behind-fatima-convent-2-content-writer/
GRAPHIC DESIGNER,Virtualwebs Servers,Margao,FULL-TIME,Posted 10 years ago,https://startupgoa.org/job/virtualwebs-servers-opp-icici-bank-behind-fatima-convent-2-graphic-designer/
WEB DEVELOPER NINJA,Androcid,Anjuna,FULL-TIME,Posted 10 years ago,https://startupgoa.org/job/androcid-2-web-developer-ninja/
ACCOUNT MANAGER – (NORTH AMERICA),Webware.io,Panjim,FULL-TIME,Posted 10 years ago,https://startupgoa.org/job/webware-io-panjim-2-account-manager-north-america/
BACK OFFICE – COURIER AGENCY,Swift Couriers and Logistics,Panjim,INTERNSHIP,Posted 10 years ago,https://startupgoa.org/job/swift-couriers-and-logistics-panaji-near-big-g-559-back-office-courier-agency/
SENIOR PROJECT ASSISTANT,"Indistrial Design Center, IIT Bombay",Other,FULL-TIME,Posted 10 years ago,https://startupgoa.org/job/indistrial-design-center-iit-bombay-2-senior-project-assistant/
SENIOR QUALITY ANALYST,Srijan Technologies Pvt Ltd,Porvorim,FULL-TIME,Posted 10 years ago,https://startupgoa.org/job/srijan-technologies-pvt-ltd-socorro-2-senior-quality-analyst/
TEAM LEAD – LEAD GENERATION,Webware.io,Panjim,FULL-TIME,Posted 10 years ago,https://startupgoa.org/job/webware-io-panjim-2-team-lead-lead-generation/
BUSINESS DEVELOPMENT EXECUTIVE,DMS Services,Margao,FULL-TIME,Posted 10 years ago,https://startupgoa.org/job/dms-services-navelim-2-business-developer/
IT INFRASTRUCTURE & NETWORK CONSULTANT,Srijan Technologies Pvt Ltd,Porvorim,FULL-TIME,Posted 10 years ago,https://startupgoa.org/job/srijan-technologies-pvt-ltd-2-it-infrastructure-network-consultant/
OPERATIONS MANAGER,FabCoders,Anjuna,FULL-TIME,Posted 10 years ago,https://startupgoa.org/job/fabcoders-2-operations-manager/
FRONT END DEVELOPER (ANGULARJS & BOOTSTRAP),svastek,Margao,FULL-TIME,Posted 10 years ago,https://startupgoa.org/job/svastek-margao-2-front-end-developer-angularjs-bootstrap/
NETWORKING TRAINER,IIHT,Panjim,FULL-TIME,Posted 10 years ago,https://startupgoa.org/job/iiht-panjim-2-networking-trainer/
PHP DEVELOPER,KAAVAY,Verna,FULL-TIME,Posted 10 years ago,https://startupgoa.org/job/kaavay-verna-2-php-developer-2/
JOBS ALL OVER GOA,Aspirations HR,Panjim,FULL-TIME,Posted 10 years ago,https://startupgoa.org/job/aspirations-hr-all-over-goa-2-jobs-all-over-goa/
BUSINESS DEVELOPMENT / SALES,IGOA,Anjuna,FULL-TIME,Posted 10 years ago,https://startupgoa.org/job/igoa-2-business-development-sales/
ADVERTISING EXECUTIVE,Mobobeat,Mapusa,FULL-TIME,Posted 10 years ago,https://startupgoa.org/job/mobobeat-mapusa-2-advertising-executive/
DIGITAL SERVICES ANALYST,Webware.io,Panjim,FULL-TIME,Posted 10 years ago,https://startupgoa.org/job/webware-io-panjim-2-digital-services-analyst/
WEB DEVELOPER,Svastek,Margao,FULL-TIME,Posted 10 years ago,https://startupgoa.org/job/svastek-near-hari-mandir-2-web-developer/
CUSTOMER SUCCESS ASSOCIATE,Vacation Labs,Anjuna,FULL-TIME,Posted 10 years ago,https://startupgoa.org/job/vacation-labs-2-customer-success-associate/
CAMPAIGN EXECUTIVE,Mobobeat,Mapusa,FULL-TIME,Posted 10 years ago,https://startupgoa.org/job/mobobeat-mapusa-2-campaign-executive/
JAVA TRAINER,IIHT,Panjim,FULL-TIME,Posted 10 years ago,https://startupgoa.org/job/iiht-panjim-2-java-trainer/
COMPUTER INSTITUTE COUNSELLOR,IIHT,Panjim,FULL-TIME,Posted 10 years ago,https://startupgoa.org/job/iiht-2-computer-institute-counsellor/
MAGENTO DEVELOPER,Kodework,Porvorim,FULL-TIME,Posted 10 years ago,https://startupgoa.org/job/kodework-2-magento-developer/
"MARKETING AGENTS FOR 3D ANIMATIONS,ADVERTISING AND GRAPHICS",Shristi Designs,Verna,FREELANCE,Posted 10 years ago,https://startupgoa.org/job/shristi-designs-margao-5-marketing-agents-for-3d-animationsadvertising-and-graphics/
SALES AND MARKETING EXPERT,Content Round the Clock,Porvorim,FULL-TIME,Posted 10 years ago,https://startupgoa.org/job/content-round-the-clock-porvorim-2-sales-and-marketing-expert/
SENIOR WEB DEVELOPER,FabCoders,Panjim,FULL-TIME,Posted 10 years ago,https://startupgoa.org/job/fabcoders-2-senior-web-developer/
SALES EXECUTIVE,Infinient,Panjim,FULL-TIME,Posted 10 years ago,https://startupgoa.org/job/infinient-2-sales-executive/
DATA ANALYST,Mobobeat,Mapusa,FULL-TIME,Posted 10 years ago,https://startupgoa.org/job/mobobeat-mapusa-2-junior-data-analyst/
INSIDE SALES EXECUTIVE,Srijan Technologies Pvt. Ltd.,Porvorim,FULL-TIME,Posted 10 years ago,https://startupgoa.org/job/srijan-technologies-pvt-ltd-porvorimgoa-2-inside-sales-executive/
LEAD GENERATION SPECIALIST,Webware.io,Panjim,FULL-TIME,Posted 10 years ago,https://startupgoa.org/job/webware-io-panjim-2-lead-generation-specialist/
LEAD VALIDATION SPECIALIST,Webware.io,Panjim,FULL-TIME,Posted 10 years ago,https://startupgoa.org/job/webware-io-panjim-2-lead-validation-specialist/
SALES AND MARKETING GURU,KAAVAY,Verna,FULL-TIME,Posted 10 years ago,https://startupgoa.org/job/kaavay-verna-2-sales-and-marketing-guru/
JUNIOR TESTER @ KAAVAY,KAAVAY,Anjuna,FULL-TIME,Posted 10 years ago,https://startupgoa.org/job/kaavay-verna-2-junior-tester-kaavay/
CRM ENGINEER,Webware.io,Panjim,FULL-TIME,Posted 10 years ago,https://startupgoa.org/job/webware-io-panjim-2-crm-engineer/
CUSTOMER SERVICE REPRESENTATIVE,Webware.io,Panjim,FULL-TIME,Posted 10 years ago,https://startupgoa.org/job/webware-io-panjim-2-customer-service-representative/
DELIVERY MANAGER,Webware.io,Panjim,FULL-TIME,Posted 10 years ago,https://startupgoa.org/job/webware-io-panjim-2-delivery-manager/
HEAD – DIGITAL SERVICES,Webware.io,Panjim,FULL-TIME,Posted 10 years ago,https://startupgoa.org/job/webware-io-panjim-2-head-digital-services/
WEB DEVELOPER,Infinient,Panjim,FULL-TIME,Posted 10 years ago,https://startupgoa.org/job/infinient-2-web-developer/
SENIOR SALES EXECUTIVE,Infinient,Anjuna,FULL-TIME,Posted 10 years ago,https://startupgoa.org/job/infinient-2-senior-sales-executive/
WEB DEVELOPER,Virtualwebs Servers Private Limited,Margao,FULL-TIME,Posted 10 years ago,https://startupgoa.org/job/virtualwebs-servers-private-limited-near-icici-bank-benlix-bldg-m-l-furtado-rd-opp-talaulekar-electricals-2-web-developer/
ADMIN,Virtualwebs Servers Private Limited,Margao,FULL-TIME,Posted 10 years ago,https://startupgoa.org/job/virtualwebs-servers-private-limited-near-icici-bank-benlix-bldg-m-l-furtado-rd-opp-talaulekar-electricals-2-admin/
SOFTWARE DEVELOPER,Integrina Technologies Pvt. Ltd.,Porvorim,FULL-TIME,Posted 10 years ago,https://startupgoa.org/job/integrina-technologies-pvt-ltd-porvorim-2-software-developer/
CREATIVE ASSOSIATE,Infinient,Panjim,FULL-TIME,Posted 10 years ago,https://startupgoa.org/job/infinient-2-creative-assosiate/
MARKETING OFFICER-FIELD,PATRAO TOURISM,Vasco,INTERNSHIP,Posted 10 years ago,https://startupgoa.org/job/patrao-tourism-vasco-559-marketing-officer-field/
SEM CAMPAIGNS EXECUTIVE,Team Inertia Technologies,Anjuna,FULL-TIME,Posted 10 years ago,https://startupgoa.org/job/team-inertia-technologies-2-sem-campaigns-executive/
WEB GRAPHICS DESIGNER,Team Inertia Technologies,Panjim,FULL-TIME,Posted 10 years ago,https://startupgoa.org/job/team-inertia-technologies-panjim-2-web-graphics-designer/
DESIGNERS WANTED,FabCoders,Panjim,FULL-TIME,Posted 10 years ago,https://startupgoa.org/job/fabcoders-2-designers-wanted/
TESTER REQUIRED,FabCoders,Panjim,FULL-TIME,Posted 10 years ago,https://startupgoa.org/job/fabcoders-2-tester-required/
WEB DESIGNER,Infinient,Panjim,FULL-TIME,Posted 10 years ago,https://startupgoa.org/job/infinient-panjim-2-web-designer/
CALL COORDINATOR,Infinient,Panjim,FULL-TIME,Posted 10 years ago,https://startupgoa.org/job/infinient-panjim-2-call-coordinator/
CALL CO-ORDINATOR,Infinient,Panjim,FULL-TIME,Posted 10 years ago,https://startupgoa.org/job/infinient-panjim-2-call-co-ordinator/
ADMINISTRATIVE ASSISTANT,FleetRover,Panjim,FULL-TIME,Posted 10 years ago,https://startupgoa.org/job/fleetrover-2-administrative-assistant/
OPERATIONS MANAGER,FleetRover,Panjim,FULL-TIME,Posted 10 years ago,https://startupgoa.org/job/fleetrover-2-operations-manager/
JUNIOR HR,Kodework,Porvorim,FULL-TIME,Posted 10 years ago,https://startupgoa.org/job/kodework-2-junior-hr/
WEB DEVELOPER,Infinient,Panjim,FULL-TIME,Posted 10 years ago,https://startupgoa.org/job/infinient-panjim-2-web-developer/
SALES EXECUTIVE,Infinient,Panjim,FULL-TIME,Posted 10 years ago,https://startupgoa.org/job/infinient-panjim-2-sales-executive-3/
MARKETING EXECUTIVE,Infinient,Panjim,FULL-TIME,Posted 10 years ago,https://startupgoa.org/job/infinient-panjim-2-marketing-executive/
HARDWARE APPRENTICE,FleetRover,Panjim,FULL-TIME,Posted 10 years ago,https://startupgoa.org/job/fleetrover-2-hardware-apprentice/
HR GENERALIST,FleetRover,Panjim,FULL-TIME,Posted 10 years ago,https://startupgoa.org/job/fleetrover-2-hr-generalist/
TALENT ACQUISITION MANAGER,Webware.io,Panjim,FULL-TIME,Posted 10 years ago,https://startupgoa.org/job/webware-io-panjim-goa-2-talent-acquisition-manager/
ACCOUNTS MANAGER,Private Unlimited,Anjuna,FULL-TIME,Posted 10 years ago,https://startupgoa.org/job/private-unlimited-dona-paula-2-accounts-manager/
HR EXECUTIVE,Private Unlimited,Panjim,FULL-TIME,Posted 10 years ago,https://startupgoa.org/job/synapse-information-services-pvt-ltd-dona-paula-2-hr-executive/
DATABASE ADMINISTRATOR,Mobobeat,Mapusa,FULL-TIME,Posted 10 years ago,https://startupgoa.org/job/mobobeat-mapusa-2-database-administrator/
FRONT-END DEVELOPER,Mobobeat,Mapusa,FULL-TIME,Posted 10 years ago,https://startupgoa.org/job/mobobeat-mapusa-2-front-end-developer/
BACKEND DEVELOPER,Mobobeat,Mapusa,FULL-TIME,Posted 10 years ago,https://startupgoa.org/job/mobobeat-mapusa-2-backend-developer/
DATA-DRIVEN BUSINESS ANALYST,FleetRover,Panjim,FULL-TIME,Posted 10 years ago,https://startupgoa.org/job/fleetrover-2-data-driven-business-analyst/
FINANCE AND ACCOUNTING HEAD,Prototyze Services,Panjim,FULL-TIME,Posted 10 years ago,https://startupgoa.org/job/prototyze-services-pvt-ltd-dona-paula-2-finance-and-accounting-head/
ACCOUNTS MANAGER,Synapse Information Services,Panjim,FULL-TIME,Posted 10 years ago,https://startupgoa.org/job/synapse-information-services-pvt-ltd-dona-paula-2-accounts-manager/
GRAPHIC DESIGNER,Synapse Information Services,Porvorim,FULL-TIME,Posted 10 years ago,https://startupgoa.org/job/synapse-information-services-pvt-ltd-dona-paula-2-graphic-designer-2/
TECHNICAL RECRUITER,Sagacity Consulting Services,Panjim,FULL-TIME,Posted 10 years ago,https://startupgoa.org/job/sagacity-consulting-services-panjim-2-technical-recruiter/
SALES EXECUTIVE,Infinient,Panjim,FULL-TIME,Posted 10 years ago,https://startupgoa.org/job/infinient-panjim-2-sales-executive-2/
MARKETING EXECUTIVE,Infinient,Panjim,FULL-TIME,Posted 10 years ago,https://startupgoa.org/job/infinient-panjim-2-marketing-executive-3/
UX/UI DESIGNER,Vacation Labs,Porvorim,FULL-TIME,Posted 10 years ago,https://startupgoa.org/job/vacation-labs-2-uxui-designer/
TEAM LEAD(DRUPAL & PHP),Srijan Technologies,Panjim,FULL-TIME,Posted 10 years ago,https://startupgoa.org/job/srijan-technologies-pvt-ltd-goa-2-team-leaddrupal-php/
DRUPAL DEVELOPER,Srijan Technologies,Panjim,FULL-TIME,Posted 10 years ago,https://startupgoa.org/job/srijan-technologies-private-limited-panjim-goa-2-drupal-developer/
FRONT END DEVELOPER/DRUPAL THEMER,Srijan Technologies,Panjim,FULL-TIME,Posted 10 years ago,https://startupgoa.org/job/srijan-technologies-pvt-ltd-goa-2-front-end-developerdrupal-themer/
SALES BOY,Infinient,Panjim,FULL-TIME,Posted 10 years ago,https://startupgoa.org/job/infinient-panjim-2-sales-boy/
ACCOUNTANT,Infinient,Panjim,FULL-TIME,Posted 10 years ago,https://startupgoa.org/job/infinient-panjim-2-accountant/
OFFICE ASSISTANT/ CALL CO-ORDINATOR,Infinient,Panjim,FULL-TIME,Posted 10 years ago,https://startupgoa.org/job/infinient-panjim-2-office-assistant/
GRAPHIC DESIGNER,Infinient,Panjim,FULL-TIME,Posted 10 years ago,https://startupgoa.org/job/infinient-panjim-2-graphic-designer/
LINUX ADMINISTRATOR,Infinient,Panjim,FULL-TIME,Posted 10 years ago,https://startupgoa.org/job/infinient-panjim-2-linux-administrator/
SALES EXECUTIVE,Infinient,Panjim,FULL-TIME,Posted 10 years ago,https://startupgoa.org/job/infinient-panjim-2-sales-executive/
MARKETING EXECUTIVE,Infinient,Panjim,FULL-TIME,Posted 10 years ago,https://startupgoa.org/job/infinient-panjim-2-marketing-executive-2/
PHP WEB DEVELOPER,Infinient,Panjim,FULL-TIME,Posted 10 years ago,https://startupgoa.org/job/infinient-panjim-2-php-web-developer/
ANDROID DEVELOPER,Svastek,Margao,FULL-TIME,Posted 10 years ago,https://startupgoa.org/job/svastek-margao-2-android-developer/
JAVASCRIPT DEVELOPER,Webware.io,Anjuna,FULL-TIME,Posted 10 years ago,https://startupgoa.org/job/webware-io-mg-road-panjim-2-javascript-developer/
WEB/GRAPHIC DESIGNER,Webware.io,Panjim,FULL-TIME,Posted 10 years ago,https://startupgoa.org/job/webware-io-mg-road-panjim-2-webgraphic-designer/
UI/UX DEVELOPER,Webware.io,Anjuna,FULL-TIME,Posted 10 years ago,https://startupgoa.org/job/webware-io-mg-road-panjim-2-uiux-developer/
FRONT END DEVELOPER,Team Inertia Technologies,Panjim,FULL-TIME,Posted 10 years ago,https://startupgoa.org/job/team-inertia-technologies-2-front-end-developer/
SOCIAL MEDIA / COMMUNITY MANAGER,FleetRover,Anjuna,FULL-TIME,Posted 10 years ago,https://startupgoa.org/job/fleetrover-goa-2-social-media-community-manager/
PROJECT ASSOCIATE,Prototyze Services,Panjim,FULL-TIME,Posted 10 years ago,https://startupgoa.org/job/prototyze-services-pvt-ltd-dona-paula-2-project-associate/
ANDROID DEVELOPER,i-Flo Technologies,Porvorim,FULL-TIME,Posted 10 years ago,https://startupgoa.org/job/i-flo-technologies-2-android-developer/
SENIOR FULL STACK DEVELOPER,FleetRover,Panjim,FULL-TIME,Posted 10 years ago,https://startupgoa.org/job/fleetrover-2-senior-full-stack-developer/
MARKETING & CRM ROLE,Nativefolks,Verna,INTERNSHIP,Posted 10 years ago,https://startupgoa.org/job/nativefolks-559-marketing-crm-role/
CONTENT WRITER AND DATA ENTRY,Video Volunteers,Anjuna,INTERNSHIP,Posted 10 years ago,https://startupgoa.org/job/video-volunteers-anjuna-559-content-writer-and-data-entry/
WEB DESIGNER,MeetOutside,Porvorim,FULL-TIME,Posted 10 years ago,https://startupgoa.org/job/meetoutside-com-porvorim-2-web-designer/
SENIOR MAGENTO DEVELOPER,Kodework,Porvorim,FULL-TIME,Posted 10 years ago,https://startupgoa.org/job/kodework-2-senior-magento-developer/
SENIOR WORDPRESS DEVELOPER,Beard Design,Porvorim,FULL-TIME,Posted 10 years ago,https://startupgoa.org/job/beard-design-chogm-road-2-senior-wordpress-developer-3/
USER INTERFACE / WEB DESIGNER,Beard Design,Porvorim,FULL-TIME,Posted 10 years ago,https://startupgoa.org/job/beard-design-chogm-road-2-user-interface-web-designer/
SENIOR GRAPHIC DESIGNER,Beard Design,Porvorim,FULL-TIME,Posted 10 years ago,https://startupgoa.org/job/beard-design-chogm-road-2-senior-graphic-designer/
FRONT-END DEVELOPER,Beard Design,Anjuna,FULL-TIME,Posted 10 years ago,https://startupgoa.org/job/beard-design-chogm-road-2-front-end-developer/
TECHNICAL SUPPORT,Hyperfix,Mapusa,FULL-TIME,Posted 10 years ago,https://startupgoa.org/job/hyperfix-in-2-technical-support/
WEB DEVELOPER,Virtualwebs Servers,Margao,FULL-TIME,Posted 10 years ago,https://startupgoa.org/job/virtualwebs-servers-2-web-developer/
PYTHON DEVELOPER,Virtualwebs Servers,Margao,FULL-TIME,Posted 10 years ago,https://startupgoa.org/job/virtualwebs-servers-margao-2-python-web-developer/
WANTED DTP OPERATOR AND PHOTOSHOP SPECIALIST,Digital Fusion,Ponda,FULL-TIME,Posted 10 years ago,https://startupgoa.org/job/digital-fusion-ponda-goa-2-wanted-dtp-operator-and-photoshop-specialist/
VIDEO EDITORS (FREELANCE),Video Volunteers,Anjuna,FREELANCE,Posted 10 years ago,https://startupgoa.org/job/video-volunteers-guam-vaddy-5-video-editors-freelance/
TECH CONTENT WRITER,Kodework,Porvorim,FREELANCE,Posted 10 years ago,https://startupgoa.org/job/kodework-5-tech-content-writer/
GRAPHIC DESIGNER,Hyperfix,Mapusa,PART-TIME,Posted 10 years ago,https://startupgoa.org/job/hyperfix-in-3-graphic-designer/
WEB PROJECT MANAGER,Kodework,Porvorim,FULL-TIME,Posted 10 years ago,https://startupgoa.org/job/kodework-2-web-project-manager-2/
SOCIAL MEDIA MARKETER,Kodework,Porvorim,FULL-TIME,Posted 10 years ago,https://startupgoa.org/job/kodework-2-social-media-marketer/
EXPERIENCED C# DEVELOPER,FabCoders,Panjim,FULL-TIME,Posted 10 years ago,https://startupgoa.org/job/fabcoders-2-experienced-c-developer/
MARKETING ASSISTANT,Working Traveller,Anjuna,FULL-TIME,Posted 10 years ago,https://startupgoa.org/job/working-traveller-in-goa-2-marketing-assistant/
IT SUPPORT NETWORK ENGG,FabCoders,Panjim,FULL-TIME,Posted 10 years ago,https://startupgoa.org/job/fabcoders-panjim-2-it-support-network-engg/
WEB DESIGNER,FabCoders,Panjim,FULL-TIME,Posted 10 years ago,https://startupgoa.org/job/fabcoders-panaji-2-web-designer/
ADMIN EXECUTIVE,Mobobeat,Mapusa,FULL-TIME,Posted 10 years ago,https://startupgoa.org/job/mobobeat-mapusa-2-finance-executive/
FULL STACK DEVELOPER,Kodework,Porvorim,FULL-TIME,Posted 10 years ago,https://startupgoa.org/job/kodework-2-full-stack-developer-2/
BUSINESS DEVELOPMENT EXECUTIVE,Mobobeat,Mapusa,FULL-TIME,Posted 10 years ago,https://startupgoa.org/job/mobobeat-mapusa-2-business-development-executive/
CO-FOUNDER – EDUCATIONAL GAME COMPANY,Planet Earthlings,Panjim,FULL-TIME,Posted 10 years ago,https://startupgoa.org/job/planet-earthlings-2-co-founder-educational-game-company/
SOFTWARE ENGINEER,PlanQube Technologies,Vasco,FULL-TIME,Posted 10 years ago,https://startupgoa.org/job/planqube-india-2-net-web-developers/
BUSINESS DEVELOPMENT AND SALES EXECUTIVES / MANAGERS,Nikola Tech,Anjuna,FULL-TIME,Posted 10 years ago,https://startupgoa.org/job/nikola-tech-pvt-ltd-goa-5-business-development-and-sales-executives-managers/
GRAPHIC DESIGNER / WEB DESIGNER,Codeplay,Panjim,FULL-TIME,Posted 10 years ago,https://startupgoa.org/job/codeplay-st-inez-panaji-2-graphic-designer-web-designer/
PHP WEB DEVELOPER,LetsApp,Panjim,FULL-TIME,Posted 10 years ago,https://startupgoa.org/job/letsapp-2-php-web-developer-2/
ANDROID DEVELOPER,LetsApp,Panjim,FULL-TIME,Posted 10 years ago,https://startupgoa.org/job/letsapp-2-android-developer/
.NET DEVELOPER,Sandbox Infotech,Margao,FULL-TIME,Posted 10 years ago,https://startupgoa.org/job/sandbox-infotech-comba-2-net-developer/
PHP DEVELOPER – 2 VACANCIES,Sandbox Infotech,Anjuna,FULL-TIME,Posted 10 years ago,https://startupgoa.org/job/sandbox-infotech-comba-goa-2-php-developer-2-vacancies/
CONTENT MANAGER,Prototyze Services,Panjim,FULL-TIME,Posted 10 years ago,https://startupgoa.org/job/prototyze-services-pvt-ltd-dona-paula-goa-2-content-manager/
TECHNOLOGY MANAGER,Prototyze Services,Panjim,FULL-TIME,Posted 10 years ago,https://startupgoa.org/job/prototyze-services-pvt-ltd-dona-paula-2-technology-manager/
UX DESIGNER,Prototyze Services,Panjim,FULL-TIME,Posted 10 years ago,https://startupgoa.org/job/prototyze-services-pvt-ltd-dona-paula-2-ux-designer/
UI DESIGNER,Prototyze Services,Panjim,FULL-TIME,Posted 10 years ago,https://startupgoa.org/job/prototyze-services-pvt-ltd-dona-paula-2-ui-designer/
PROJECT MANAGER – SCREENROOT TECHNOLOGIES PVT. LTD.,Prototyze Services,Panjim,FULL-TIME,Posted 10 years ago,https://startupgoa.org/job/prototyze-services-pvt-ltd-dona-paula-2-project-manager-screenroot-technologies-pvt-ltd/
WANTED SALES GIRL IN PORVORIM,Janota Goa,Porvorim,FULL-TIME,Posted 10 years ago,https://startupgoa.org/job/janota-goa-near-damian-de-goa-2-wanted-sales-girl-in-porvorim/
SEM CAMPAIGN MANAGER,Godel Systems,Palolem,FULL-TIME,Posted 10 years ago,https://startupgoa.org/job/godel-systems-2-sem-campaign-manager/
CONTENT AND SOCIAL MANAGER,Veedma,Panjim,FULL-TIME,Posted 10 years ago,https://startupgoa.org/job/veedma-2-content-and-social-manager/
CONTENT STRATEGIST/DIGITAL JOURNALIST,Veedma,Panjim,FULL-TIME,Posted 10 years ago,https://startupgoa.org/job/veedma-2-content-strategistdigital-journalist/
PHP DEVELOPER,FabCoders,Panjim,FULL-TIME,Posted 10 years ago,https://startupgoa.org/job/fabcoders-panaji-2-php-developer/
PHP DEVELOPER,KAAVAY,Verna,FULL-TIME,Posted 10 years ago,https://startupgoa.org/job/kaavay-verna-2-php-developer/
SYSTEMS ENGINEER/DEV-OPS ENGINEER/FUNCTIONAL PROGRAMMER,Godel Systems,Palolem,FULL-TIME,Posted 10 years ago,https://startupgoa.org/job/godel-systems-2-systems-engineerdev-ops-engineerfunctional-programmer/
SOCIAL MEDIA MANAGER,Kodework,Porvorim,FULL-TIME,Posted 10 years ago,https://startupgoa.org/job/kodework-2-social-media-manager/
UI/UX DEVELOPER,Kodework,Porvorim,FULL-TIME,Posted 10 years ago,https://startupgoa.org/job/kodework-2-uiux-developer/
"ACCOUNTS AND ADMIN ASSISTANT IN NGO, ANJUNA",Video Volunteers,Anjuna,FULL-TIME,Posted 10 years ago,https://startupgoa.org/job/video-volunteers-guam-vaddy-2-accounts-and-admin-assistant-in-ngo-anjuna/
GRAPHIC DESIGNER,Splash And Blend,Panjim,FULL-TIME,Posted 10 years ago,https://startupgoa.org/job/splash-and-blend-2-graphic-designer/
ADMINISTRATIVE ASSISTANT,Museum of Goa,Pilerne,FULL-TIME,Posted 10 years ago,https://startupgoa.org/job/administrative-assistant/
SEM-SEO EXECUTIVE REQUIRED,Godel Systems,Verna,FULL-TIME,Posted 10 years ago,https://startupgoa.org/job/godel-systems-2-sem-seo-executive-required/
GRAPHIC DESIGNER,Godel Systems,Anjuna,FULL-TIME,Posted 10 years ago,https://startupgoa.org/job/godel-systems-2-graphic-designer/
CLOJURE AND CLOJURESCRIPT DEVELOPER REQUIRED,Godel Systems,Verna,FULL-TIME,Posted 10 years ago,https://startupgoa.org/job/godel-systems-2-clojure-and-clojurescript-developer-required/
"JAVASCRIPT, JQUERY AND HTML5/PHP DEVELOPER REQUIRED",Godel Systems,Verna,FULL-TIME,Posted 10 years ago,https://startupgoa.org/job/godel-systems-2-javascript-jquery-and-html5php-developer-required/
CLOUD SOLUTION ARCHITECT AND SECURE VPN TECHNICAL AVISOR,Godel Systems,Verna,FULL-TIME,Posted 10 years ago,https://startupgoa.org/job/godel-systems-2-cloud-solution-architect-and-secure-vpn-technical-avisor/
PHP WEB DEVELOPERS,Team Inertia Technologies,Panjim,FULL-TIME,Posted 10 years ago,https://startupgoa.org/job/team-inertia-technologies-panjim-2-php-web-developers/
SOCIAL MEDIA EXECUTIVE,Team Inertia Technologies,Panjim,FULL-TIME,Posted 11 years ago,https://startupgoa.org/job/team-inertia-technologies-panjim-2-social-media-executive/
FINANCE EXECUTIVE,Vacation Labs,Porvorim,FULL-TIME,Posted 11 years ago,https://startupgoa.org/job/vacation-labs-porvorim-2-finance-executive/
"ACCOUNTS AND ADMIN COORDINATOR- ANJUNA, GOA, INDIA",Video Volunteers,Anjuna,FULL-TIME,Posted 11 years ago,https://startupgoa.org/job/video-volunteers-anjuna-2-accounts-and-admin-coordinator-anjuna-goa-india/
WEB DEVELOPER WITH 0-2 YEARS EXPERIENCE,AR Solutions,Panjim,FULL-TIME,Posted 11 years ago,https://startupgoa.org/job/ar-solutions-2-web-developer-with-0-2-years-experience/
WEB PROJECT MANAGER,dZaine,Other,FREELANCE,Posted 11 years ago,https://startupgoa.org/job/dzaine-in-work-from-home-5-web-project-manager/
SENIOR WORDPRESS DEVELOPER,KODEWORK,Porvorim,FULL-TIME,Posted 11 years ago,https://startupgoa.org/job/kodework-goa-2-senior-wordpress-developer/
SENIOR MAGENTO DEVELOPER,KODEWORK,Porvorim,FULL-TIME,Posted 11 years ago,https://startupgoa.org/job/kodework-goa-2-senior-magento-developer/
ONLINE MARKETING EXECUTIVE,Prudent Bay,Panjim,FULL-TIME,Posted 11 years ago,https://startupgoa.org/job/prudent-bay-alto-santa-cruz-2-online-marketing-executive/
ANDROID DEVELOPER,FabCoders,Panjim,FULL-TIME,Posted 11 years ago,https://startupgoa.org/job/fabcoders-2-android-developer/
DEVOPS ENGINEER,Prototyze Services,Panjim,FULL-TIME,Posted 11 years ago,https://startupgoa.org/job/prototyze-services-pvt-ltd-dona-paula-goa-2-devops-engineer/
WEB PROJECT MANAGER,KODEWORK,Anjuna,FULL-TIME,Posted 11 years ago,https://startupgoa.org/job/kodework-2-web-project-manager/
BUSINESS ANALYST,KODEWORK,Porvorim,FULL-TIME,Posted 11 years ago,https://startupgoa.org/job/kodework-2-business-analyst/
SENIOR PHP DEVELOPER / FULL STACK DEVELOPER,KODEWORK,Porvorim,FULL-TIME,Posted 11 years ago,https://startupgoa.org/job/kodework-2-senior-php-developer-full-stack-developer/
ANDROID DEVELOPER,Prototyze Services,Panjim,FULL-TIME,Posted 11 years ago,https://startupgoa.org/job/prototyze-services-pvt-ltd-dona-paula-goa-2-android-developer/
FULL STACK DEVELOPER,Prototyze Services,Panjim,FULL-TIME,Posted 11 years ago,https://startupgoa.org/job/prototyze-services-pvt-ltd-dona-paula-goa-2-full-stack-developer/
BEGINNER PROGRAMMER,Knowledge Asrham,Anjuna,FULL-TIME,Posted 11 years ago,https://startupgoa.org/job/knowledge-asrham-verna-2-beginner-programmer/
ANDROID & IOS DEVELOPER,KAAVAY,Verna,FULL-TIME,Posted 11 years ago,https://startupgoa.org/job/kaavay-verna-goa-2-android-ios-developer/
SOCIAL MEDIA MANAGER AND CONTENT WRITER,KAAVAY,Verna,FULL-TIME,Posted 11 years ago,https://startupgoa.org/job/kaavay-verna-goa-2-social-media-manager-and-content-writer/
SALES AND MARKETING GURU,KAAVAY,Verna,FULL-TIME,Posted 11 years ago,https://startupgoa.org/job/kaavay-verna-goa-2-sales-and-marketing-guru/
SAP ABAP CONSULTANT,Browntape eCommerce,Porvorim,FULL-TIME,Posted 11 years ago,https://startupgoa.org/job/browntape-ecommerce-mumbai-andheri-e-2-sap-abap-consultant/
GRAPHIC DESIGNER,Browntape eCommerce,Porvorim,FULL-TIME,Posted 11 years ago,https://startupgoa.org/job/browntape-ecommerce-porvorim-goa-2-graphic-designer/
UI/UX DESIGNER,Browntape eCommerce,Porvorim,FULL-TIME,Posted 11 years ago,https://startupgoa.org/job/browntape-ecommerce-porvorim-goa-2-uiux-designer/
CATEGORY MANAGER,Browntape eCommerce,Porvorim,FULL-TIME,Posted 11 years ago,https://startupgoa.org/job/browntape-ecommerce-mumbai-andheri-e-2-category-manager/
CLIENT RELATIONSHIP MANAGER,Browntape eCommerce,Porvorim,FULL-TIME,Posted 11 years ago,https://startupgoa.org/job/browntape-ecommerce-porvorim-goa-2-client-relationship-manager/
CONTENT WRITER,Browntape eCommerce,Porvorim,FULL-TIME,Posted 11 years ago,https://startupgoa.org/job/browntape-ecommerce-porvorim-goa-2-content-writer/
DIGITAL MARKETING MANAGER,Browntape eCommerce,Anjuna,FULL-TIME,Posted 11 years ago,https://startupgoa.org/job/browntape-ecommerce-porvorim-goa-2-digital-marketing-manager/
ASSISTANT MANAGER ENTERPRISE SALES,Browntape eCommerce,Porvorim,FULL-TIME,Posted 11 years ago,https://startupgoa.org/job/browntape-ecommerce-mumbai-delhi-bangalore-2-assistant-manager-enterprise-sales/
ACCOUNT MANAGER,Browntape eCommerce,Porvorim,FULL-TIME,Posted 11 years ago,https://startupgoa.org/job/browntape-ecommerce-porvorim-goa-2-account-manager/
ACCOUNT HEAD,Browntape eCommerce,Porvorim,FULL-TIME,Posted 11 years ago,https://startupgoa.org/job/browntape-ecommerce-goa-porvorim-2-account-head/
CATEGORY HEAD,Browntape eCommerce,Porvorim,FULL-TIME,Posted 11 years ago,https://startupgoa.org/job/browntape-ecommerce-mumbai-andheri-e-2-category-head/
MANAGER – INSIDE SALES,Browntape eCommerce,Anjuna,FULL-TIME,Posted 11 years ago,https://startupgoa.org/job/browntape-ecommerce-mumbai-andheri-e-2-manager-inside-sales/
FULL-TIME CONTENT WRITERS,Content Round the Clock,Porvorim,FULL-TIME,Posted 11 years ago,https://startupgoa.org/job/content-round-the-clock-2-full-time-content-writers/
WEB DEVELOPER,Rovan Technologies,Other,FULL-TIME,Posted 11 years ago,https://startupgoa.org/job/rovan-technologies-ribandar-2-web-developer/
SENIOR PHP DEVELOPER,KODEWORK,Porvorim,FULL-TIME,Posted 11 years ago,https://startupgoa.org/job/kodework-soccoro-2-senior-php-developer-2/
SENIOR PHP DEVELOPER,KODEWORK,Anjuna,FULL-TIME,Posted 11 years ago,https://startupgoa.org/job/kodework-soccoro-2-senior-php-developer/
REQUIRED NETWORK ENGINEER,Mobishastra,Anjuna,FULL-TIME,Posted 11 years ago,https://startupgoa.org/job/mobishastra-2-required-network-engineer/
EXPERIENCED PHP DEVELOPER,FabCoders,Panjim,FULL-TIME,Posted 11 years ago,https://startupgoa.org/job/fabcoders-panaji-2-experienced-php-developer-2/
PHP WEB DEVELOPER,LetsApp,Panjim,FULL-TIME,Posted 11 years ago,https://startupgoa.org/job/letsapp-2-php-web-developer/
EXPERIENCED PHP WEB DEVELOPER,LetsApp,Panjim,FULL-TIME,Posted 11 years ago,https://startupgoa.org/job/experienced-php-web-developer/
INSIDE SALES MANAGER,Mobobeat,Mapusa,FULL-TIME,Posted 11 years ago,https://startupgoa.org/job/inside-sales-manager/
"SEO PROMOTION AND CONTENT WRITER FOR CITIHOMES REAL ESTATE CONSULTANCY, GOA, DONA PAULA",Citihomes Real Estate,Panjim,FULL-TIME,Posted 11 years ago,https://startupgoa.org/job/seo-promotion-and-content-writer-for-citihomes-real-estate-consultancy-goa-dona-paula/
CALLING FRONT END DEVELOPERS,Vacation Labs,Porvorim,FULL-TIME,Posted 11 years ago,https://startupgoa.org/job/calling-front-end-developers/
ANDROID QA/TESTER,Prototyze Services,Panjim,FULL-TIME,Posted 11 years ago,https://startupgoa.org/job/android-qatester/
SR HR EXECUTIVE,Synapse Information Services,Panjim,FULL-TIME,Posted 11 years ago,https://startupgoa.org/job/sr-hr-executive/
PHP DEVELOPER,Team Inertia Technologies,Panjim,FULL-TIME,Posted 11 years ago,https://startupgoa.org/job/php-developer-3/
SALES AND MARKETING EXECUTIVE,KAAVAY,Verna,FULL-TIME,Posted 11 years ago,https://startupgoa.org/job/sales-and-marketing-executive-2/
EXPERIENCED PHP DEVELOPER,FabCoders,Panjim,FULL-TIME,Posted 11 years ago,https://startupgoa.org/job/experienced-php-developer/
EXPERIENCED PHP DEVELOPER,FabCoders,Panjim,FULL-TIME,Posted 11 years ago,https://startupgoa.org/job/experienced-php-developer-2/
ORACLE DEVELOER,G4 Infotech,Mapusa,FULL-TIME,Posted 11 years ago,https://startupgoa.org/job/oracle-develoer/
SERVER ADMINISTRATOR,Synapse Information Services,Panjim,FULL-TIME,Posted 11 years ago,https://startupgoa.org/job/server-administrator/
NETWORK & IT SUPPORT,Fabcoders,Panjim,FULL-TIME,Posted 11 years ago,https://startupgoa.org/job/network-it-support/
BDE/ SR. BDE/ ABDM/ BDM/ SR. BDM,Groupon India,Other,FULL-TIME,Posted 11 years ago,https://startupgoa.org/job/bde-sr-bde-abdm-bdm-sr-bdm/
FRONT-END DEVELOPER (ANGULARJS),Diet Code,Panjim,FULL-TIME,Posted 11 years ago,https://startupgoa.org/job/front-end-developer-angularjs/
SR CORPORATE MANAGEMENT EXECUTIVE,Synapse Information Services,Panjim,FULL-TIME,Posted 11 years ago,https://startupgoa.org/job/sr-corporate-management-executive/
TRAVEL CONSULTANT,Fabhres Holidays,Panjim,FULL-TIME,Posted 11 years ago,https://startupgoa.org/job/travel-consultant/
FOUNDER CEO,Third Sector Partners,Other,FULL-TIME,Posted 11 years ago,https://startupgoa.org/job/founder-ceo/
JUNIOR HR,Kodework,Porvorim,FULL-TIME,Posted 11 years ago,https://startupgoa.org/job/junior-hr/
CHIEF TECHNICAL OFFICER,Stealth Startup,Panjim,FULL-TIME,Posted 11 years ago,https://startupgoa.org/job/chief-technical-officer/
WORDPRESS DEVELOPER AT VEGATECHNOLABS,VegaTechnolabs,Panjim,FULL-TIME,Posted 11 years ago,https://startupgoa.org/job/wordpress-developer-at-vegatechnolabs/
POSITION FOR CO-ORDINATOR CUM DATA ENTRY AT DEMERG SYSTEMS INDIA,Demerg Systems India,Panjim,FULL-TIME,Posted 11 years ago,https://startupgoa.org/job/position-for-co-ordinator-cum-data-entry-at-demerg-systems-india/
"FIELD NETWORK ENGINEER WANTED AT STALLION IT SOLUTIONS,GOA",Stallion IT,Panjim,FULL-TIME,Posted 11 years ago,https://startupgoa.org/job/field-network-engineer-wanted-at-stallion-it-solutionsgoa/
ORACLE DEVELOPER,G4 Infotech,Mapusa,FULL-TIME,Posted 11 years ago,https://startupgoa.org/job/oracle-developer/
SOFTWARE DEVELOPER,Video Volunteers,Other,FULL-TIME,Posted 11 years ago,https://startupgoa.org/job/software-developer/
WEB DESIGNERS & WEB/PHP DEVELOPERS REQUIRED IN GOA,iLingo,Panjim,FULL-TIME,Posted 11 years ago,https://startupgoa.org/job/web-designers-webphp-developers-required-in-goa/
SALES MANAGER,Mobobeat,Mapusa,FULL-TIME,Posted 11 years ago,https://startupgoa.org/job/sales-manager/
FULL STACK DEVELOPER,Kodework,Porvorim,FULL-TIME,Posted 11 years ago,https://startupgoa.org/job/full-stack-developer-web/
PHP DEVELOPER,Mobobeat,Mapusa,INTERNSHIP,Posted 11 years ago,https://startupgoa.org/job/php-developer-intern-full-time/
PUBLISHER SALES MANAGER,Mobobeat,Mapusa,FULL-TIME,Posted 11 years ago,https://startupgoa.org/job/publisher-sales-manager/
WEB DEVELOPERS,Next Big Thing,Panjim,FULL-TIME,Posted 12 years ago,https://startupgoa.org/job/web-developers-3/
SENIOR PRODUCT DESIGNER,Salesforce,Ponda,FULL-TIME,Posted 12 years ago,https://startupgoa.org/job/senior-product-designer/
JUNIOR FRONT END DEVELOPER,Diet Code,Panjim,FULL-TIME,Posted 12 years ago,https://startupgoa.org/job/front-end-specialist/
WEB DEVELOPERS,CodeSprint,Verna,FULL-TIME,Posted 12 years ago,https://startupgoa.org/job/web-developers-5/
DIGITAL MARKETER,Vacation Labs,Porvorim,FULL-TIME,Posted 12 years ago,https://startupgoa.org/job/digital-marketer/
WINDOWS 8 MOBILE APP DEVELOPER,L & A Tech,Verna,FULL-TIME,Posted 12 years ago,https://startupgoa.org/job/windows-8-mobile-app-developer/
IOS DEVELOPER,L & A Tech,Verna,FULL-TIME,Posted 12 years ago,https://startupgoa.org/job/ios-developer/
WORDPRESS PROFESSIONAL,Devant Digital Media,Anywhere,FULL-TIME,Posted 12 years ago,https://startupgoa.org/job/wordpress-professional/
GRAPHICS DESIGNER,Web Blend Solutions,Mapusa,FULL-TIME,Posted 12 years ago,https://startupgoa.org/job/graphics-designer-2/
SENIOR WEB DEVELOPER,Stallion IT,Porvorim,FULL-TIME,Posted 12 years ago,https://startupgoa.org/job/senior-web-developer-2/
SOFTWARE ENGINEERS,3 D Systems,Porvorim,FULL-TIME,Posted 12 years ago,https://startupgoa.org/job/software-engineers/
PHP MYSQL DEVELOPER,RZ2 Games,Panjim,FULL-TIME,Posted 12 years ago,https://startupgoa.org/job/php-mysql-developer-4/
DATABASE DESIGNER,RZ2 Games,Panjim,FULL-TIME,Posted 12 years ago,https://startupgoa.org/job/database-designer/
DESKTOP ENGINEER,Dynacons Systems and Solutions,Vasco,FULL-TIME,Posted 12 years ago,https://startupgoa.org/job/desktop-engineer/
PROJECT INTERN IT,OPSPL,Verna,FULL-TIME,Posted 12 years ago,https://startupgoa.org/job/project-intern-it/
DOT NET DEVELOPERS,OPSPL,Verna,FULL-TIME,Posted 12 years ago,https://startupgoa.org/job/dot-net-developers/
WEB/GRAPHICS DESIGNER,OPSPL,Verna,FULL-TIME,Posted 12 years ago,https://startupgoa.org/job/webgraphics-designer/
PHP JUNIOR DEVELOPERS,Teknorix,Verna,FULL-TIME,Posted 12 years ago,https://startupgoa.org/job/php-junior-developers/
DOT NET JUNIOR DEVELOPER,Teknorix,Verna,FULL-TIME,Posted 12 years ago,https://startupgoa.org/job/dot-net-junior-developer/
JAVA/J2EE AND MOBILITY (ANDROID / IOS) PROJECT LEADER,Parinati Solutions,Verna,FULL-TIME,Posted 12 years ago,https://startupgoa.org/job/javaj2ee-and-mobility-android-ios-project-leader/
SENIOR DOT NET PROFESSIONAL,Future Focus Infotech,Panjim,FULL-TIME,Posted 12 years ago,https://startupgoa.org/job/senior-dot-net-professional/
SENIOR DEVELOPER,Teknorix,Verna,,Posted 12 years ago,https://startupgoa.org/job/senior-developer/
SENIOR SOFTWARE DEVELOPER,iTabs,Panjim,FULL-TIME,Posted 12 years ago,https://startupgoa.org/job/senior-software-developer-4/
PROJECT CO-ORDINATOR / ANALYST,OPSPL,Verna,FULL-TIME,Posted 12 years ago,https://startupgoa.org/job/project-co-ordinator-analyst/
WEB DESIGNER / GRAPHIC DESIGNER,Remote Software,Porvorim,FULL-TIME,Posted 12 years ago,https://startupgoa.org/job/web-designer-graphic-designer/
CONTENT MINING SPECIALIST,L & A Tech,Verna,FULL-TIME,Posted 13 years ago,https://startupgoa.org/job/content-mining-specialist/
C# DEVELOPER,Fabcoders,Panjim,FULL-TIME,Posted 13 years ago,https://startupgoa.org/job/c-developer/
GRAPHICS DESIGNERS,L & A Tech,Verna,FULL-TIME,Posted 13 years ago,https://startupgoa.org/job/graphics-designers/
SENIOR ANDROID DEVELOPER,L & A Tech,Anywhere,FULL-TIME,Posted 13 years ago,https://startupgoa.org/job/senior-android-developer-2/
LINUX ADMINISTRATOR,rodrandall,Anywhere,FULL-TIME,Posted 13 years ago,https://startupgoa.org/job/linux-administrator/
CAD MECHANICAL/PRODUCTION ENGINEER,PTC,Anywhere,FULL-TIME,Posted 13 years ago,https://startupgoa.org/job/cad-mechanicalproduction-engineer/
DELPHI PROGRAMMER,Umang Software,Anywhere,FULL-TIME,Posted 13 years ago,https://startupgoa.org/job/delphi-programmer/
JUNIOR PROGRAMMER/ ANALYST,Umang Software,Anywhere,FULL-TIME,Posted 13 years ago,https://startupgoa.org/job/junior-programmer-analyst/
JUNIOR WEB DEVELOPER,StartupGoa.org,Panjim,FULL-TIME,Posted 13 years ago,https://startupgoa.org/job/junior-web-developer-2/
NETWORK ENGINEER,Fabcoders,Panjim,FULL-TIME,Posted 13 years ago,https://startupgoa.org/job/network-engineer/
C/C++ DEVELOPER,Automatronics,Mapusa,FULL-TIME,Posted 13 years ago,https://startupgoa.org/job/cc-developer/
WEB DEVELOPER,Vacation Labs,Porvorim,,Posted 13 years ago,https://startupgoa.org/job/web-developer-7/
WEB DEVELOPER,Vacation Labs,Porvorim,FULL-TIME,Posted 13 years ago,https://startupgoa.org/job/web-developer-6/
FREELANCE HTML 5 DEVELOPER FOR A FEW PROJECTS AND CONTINUED COLLABORATION,Ideus Concepts,Porvorim,FREELANCE,Posted 13 years ago,https://startupgoa.org/job/freelance-html-5-developer-for-a-few-projects-and-continued-collaboration/
.NET PROFESSIONALS,3 D Systems India,Porvorim,FULL-TIME,Posted 13 years ago,https://startupgoa.org/job/net-professionals/
WEB DEVELOPER,Alliancekw,Margao,FULL-TIME,Posted 13 years ago,https://startupgoa.org/job/web-developer-5/
ASP.NET PROFESSIONAL,RSSPL,Porvorim,FULL-TIME,Posted 13 years ago,https://startupgoa.org/job/asp-net-professional/
EXPERIENCED PHP DEVELOPERS,iTechnologix,Panjim,FULL-TIME,Posted 13 years ago,https://startupgoa.org/job/experienced-php-developers/
WORDPRESS DEVELOPER,Sword Leo,Margao,FULL-TIME,Posted 13 years ago,https://startupgoa.org/job/wordpress-developer/
EXPERIENCED SOCIAL MEDIA MANAGER,Goa.me,Panjim,FULL-TIME,Posted 13 years ago,https://startupgoa.org/job/experienced-social-media-manager/
PHP MYSQL DEVELOPER,Wise Lane,Verna,FULL-TIME,Posted 13 years ago,https://startupgoa.org/job/php-mysql-developer-2/
ANDROID DEVELOPER,Wise Lane,Verna,FREELANCE,Posted 13 years ago,https://startupgoa.org/job/android-developer-3/
MARKETING EXECUTIVE,Media Waves Public Relations,Vasco,,Posted 13 years ago,https://startupgoa.org/job/marketing-executive-2/
SOFTWARE DEVELOPER,Vacation Labs,Porvorim,FULL-TIME,Posted 13 years ago,https://startupgoa.org/job/software-developer-2/
NETWORK ENGINEERS,Stallion IT,Porvorim,FULL-TIME,Posted 13 years ago,https://startupgoa.org/job/network-engineers/
PHP NINJA,Privail,Anywhere,FULL-TIME,Posted 13 years ago,https://startupgoa.org/job/php-ninja/
WEBSITE DESIGNER,Stallion IT,Panjim,FULL-TIME,Posted 13 years ago,https://startupgoa.org/job/website-designer/
WRITER / BLOGGER,StartupGoa.org,Panjim,FULL-TIME,Posted 13 years ago,https://startupgoa.org/job/writer-blogger/
USER INTERFACE DEVELOPER,TGI Consulting Group,Anywhere,FULL-TIME,Posted 13 years ago,https://startupgoa.org/job/user-interface-developer/
BUSINESS DEVELOPMENT AND MARKETING EXECUTIVES,innGoa,Anywhere,FULL-TIME,Posted 13 years ago,https://startupgoa.org/job/business-development-and-marketing-executives/
PYTHON DEVELOPER,Bizfosys Technologies,Margao,FULL-TIME,Posted 13 years ago,https://startupgoa.org/job/python-developer/
WEB/GRAPHIC DESIGNER,PowerStores,Panjim,FULL-TIME,Posted 13 years ago,https://startupgoa.org/job/webgraphic-designer/
UI/ WEB DEVELOPER,PowerStores,Panjim,,Posted 13 years ago,https://startupgoa.org/job/ui-web-developer/
JUNIOR WEB DEVELOPER,Team Inertia Technologies,Panjim,FULL-TIME,Posted 13 years ago,https://startupgoa.org/job/junior-web-developer/
EXPERIENCE 2+ YRS PHP DEVELOPERS,Sandbox Infotech,Margao,FULL-TIME,Posted 13 years ago,https://startupgoa.org/job/experience-2-yrs-php-developers/
